EVENTID,date,time,lat,lon,depth_km,mag,mag_type,agency,n_stations_all,n_stations_local,nearest_station_km,gap_local_deg,gap_reported_deg,period
17499151,2010-01-09,08:27:31.59,29.6976,50.9225,22.0000,3.5000,ML,ISC,18,0,254.6365,360.0000,75.3000,primary
16111771,2010-01-14,00:51:59.92,29.6973,50.4027,25.0000,3.6000,mb,ISC,54,0,204.5988,360.0000,42.0000,primary
14240779,2010-01-19,18:49:15.40,29.6122,51.4294,20.0000,4.3000,mb,ISC,123,3,104.5233,341.9000,51.8000,primary
17146631,2010-01-23,05:15:06.08,28.3141,52.9661,0.0000,3.7000,mb,IDC,6,0,2180.5340,360.0000,230.1000,primary
17146718,2010-01-25,05:16:24.99,28.3260,50.4512,0.0000,3.6000,mb,IDC,4,0,3983.0049,360.0000,227.1000,primary
14270405,2010-02-01,22:54:39.16,28.0994,51.6182,16.0000,3.8000,mb,ISC,52,1,135.6579,360.0000,88.0000,primary
16112887,2010-02-04,23:40:08.02,27.3070,52.7700,20.0000,3.8000,mb,ISC,16,0,439.2202,360.0000,125.6000,primary
14280691,2010-02-05,05:57:09.57,27.7348,52.3002,14.0000,3.0000,MS,ISC,57,1,91.1799,360.0000,61.9000,primary
17147589,2010-02-07,18:40:08.51,28.5687,51.4962,24.0000,3.4000,mb,ISC,18,1,149.0013,360.0000,148.1000,primary
16113237,2010-02-11,08:09:59.84,28.1534,51.6225,16.0000,3.6000,mb,ISC,31,2,134.5459,323.2000,60.8000,primary
17147933,2010-02-11,19:40:51.66,27.9708,51.5151,0.0000,3.6000,mb,IDC,6,0,3398.1192,360.0000,219.1000,primary
16113697,2010-02-19,04:31:14.24,28.3840,52.7277,16.0000,3.6000,mb,ISC,13,0,447.0039,360.0000,119.5000,primary
17151171,2010-03-08,03:41:36.17,29.9408,51.6809,15.0000,3.6000,mb,ISC,6,0,412.5334,360.0000,208.2000,primary
16597187,2010-03-08,08:12:03.50,29.7230,51.4380,6.1000,3.6000,ML,TEH,15,4,38.9182,338.0000,82.8000,primary
15628915,2010-03-14,12:01:37.52,29.8701,51.5764,15.0000,4.0000,mb,ISC,78,3,27.7987,339.5000,42.5000,primary
14554087,2010-03-14,12:38:11.73,27.5342,52.1979,10.0000,3.6000,mb,ISC,22,0,335.8089,360.0000,142.1000,primary
17151941,2010-03-14,12:49:43.19,28.0029,52.0295,0.0000,3.8000,mb,IDC,6,0,3925.1835,360.0000,298.3000,primary
17152095,2010-03-15,20:03:09.87,28.7002,51.8391,15.0000,3.6000,mb,ISC,11,0,385.8467,360.0000,98.4000,primary
17153655,2010-03-29,15:50:04.25,28.0445,52.1794,26.0000,3.8000,mb,ISC,8,0,1227.5928,360.0000,148.6000,primary
17153665,2010-03-29,22:28:13.65,27.9469,52.8445,14.0000,3.8000,mb,ISC,31,1,161.2327,360.0000,79.5000,primary
17153719,2010-03-30,06:19:19.34,29.6738,52.1893,0.0000,3.5000,mb,IDC,4,0,2025.9729,360.0000,216.4000,primary
17154564,2010-04-07,09:05:34.75,28.3780,52.2686,0.0000,2.9000,MS,IDC,6,0,3145.7065,360.0000,229.1000,primary
17507350,2010-05-05,03:38:52.80,29.4880,51.4530,29.5000,3.6000,ML,TEH,14,2,50.0377,328.8000,188.2000,primary
16137747,2010-05-06,11:11:57.78,28.5210,50.9762,35.0000,3.9000,mb,ISC,33,3,162.3447,293.8000,148.1000,primary
16137806,2010-05-07,16:09:51.86,29.1816,51.2735,17.0000,3.7000,mb,ISC,53,4,85.6201,279.2000,118.0000,primary
600180357,2010-05-14,18:49:55.57,29.3727,51.4989,21.4000,4.5000,MS,ISC,659,5,55.5975,266.8000,18.0000,primary
14759645,2010-05-15,17:41:49.17,29.7220,50.6450,25.0000,3.9000,mb,ISC,39,2,115.6428,354.1000,159.4000,primary
17173194,2010-05-20,19:59:22.02,28.6060,52.4567,0.0000,3.6000,mb,IDC,6,0,2987.8097,360.0000,218.9000,primary
14727848,2010-05-28,07:23:43.22,28.4609,52.6145,16.0000,4.0000,mb,ISC,43,4,41.1421,214.9000,112.8000,primary
17174306,2010-06-01,08:25:39.89,29.7895,51.4623,0.0000,3.8000,mb,IDC,6,0,1963.7037,360.0000,224.6000,primary
14834728,2010-06-17,22:22:14.20,28.2656,52.4113,16.0000,3.1000,MS,ISC,51,4,56.7094,213.9000,116.2000,primary
17176584,2010-06-27,18:38:55.37,28.3106,52.4329,0.0000,3.6000,mb,IDC,6,0,1190.8984,360.0000,229.5000,primary
14861861,2010-07-02,22:34:47.51,28.3022,52.4404,16.0000,3.5000,MS,ISC,44,5,53.3736,207.4000,64.9000,primary
17177007,2010-07-03,08:50:51.12,29.6424,52.4266,0.0000,3.6000,mb,IDC,5,0,2045.9880,360.0000,262.9000,primary
17177072,2010-07-04,03:22:48.86,28.2736,52.2951,16.0000,2.9000,MS,ISC,16,0,1199.7940,360.0000,202.8000,primary
17177074,2010-07-04,03:26:06.80,28.1515,52.6445,0.0000,3.7000,mb,IDC,5,0,2168.3025,360.0000,229.9000,primary
17177120,2010-07-04,19:58:24.70,28.3390,52.3291,16.0000,3.6000,mb,ISC,7,0,1192.0104,360.0000,219.3000,primary
17177551,2010-07-09,22:40:41.26,29.2802,52.4509,15.0000,3.8000,mb,ISC,10,0,528.1762,360.0000,161.4000,primary
17177718,2010-07-12,11:52:46.82,28.1419,52.3709,15.0000,3.9000,mb,ISC,12,3,155.6730,316.6000,137.8000,primary
15075834,2010-08-05,15:16:48.91,29.3500,50.9622,24.0000,3.8000,mb,ISC,64,2,62.2692,271.6000,68.9000,primary
17179779,2010-08-06,14:03:54.35,29.4124,50.9913,24.0000,3.5000,mb,ISC,8,0,1151.9802,360.0000,215.5000,primary
15075943,2010-08-06,19:15:48.39,29.3263,51.0626,24.0000,4.1000,mb,ISC,90,2,55.5975,260.0000,52.8000,primary
17179805,2010-08-06,19:24:55.87,29.5311,50.9817,0.0000,3.6000,mb,IDC,6,0,2395.1403,360.0000,215.2000,primary
17179807,2010-08-06,20:08:31.70,29.2091,50.9977,16.0000,3.7000,mb,ISC,9,0,509.2731,360.0000,203.3000,primary
17182315,2010-09-18,13:17:07.40,29.9203,51.5545,15.0000,3.9000,mb,ISC,28,4,31.1346,260.9000,69.0000,primary
15211288,2010-09-27,11:22:45.43,29.6467,51.6728,25.0000,5.5000,MS,ISC,1305,5,22.2390,204.6000,14.3000,primary
17182737,2010-09-27,15:05:47.20,29.6829,51.5477,20.0000,3.7000,mb,ISC,48,4,30.0226,234.0000,54.9000,primary
17182803,2010-09-28,22:53:27.47,29.7381,51.7214,15.0000,3.6000,mb,ISC,25,1,105.6352,360.0000,73.9000,primary
17505124,2010-09-29,05:48:20.58,29.2702,51.9415,10.0000,3.5000,Ms,DSN,28,4,57.8214,213.4000,66.4000,primary
15511580,2010-10-01,08:17:02.84,27.6525,52.9607,20.0000,3.7000,mb,ISC,43,2,70.0528,357.7000,64.2000,primary
17183048,2010-10-01,19:55:22.35,29.4818,52.2860,10.0000,3.6000,mb,ISC,7,0,614.9084,360.0000,242.4000,primary
17183107,2010-10-02,21:12:21.11,28.3166,52.5250,16.0000,3.6000,mb,ISC,13,2,45.5899,202.9000,105.7000,primary
15648430,2010-10-04,02:46:32.47,29.6997,51.5802,20.0000,4.1000,mb,ISC,87,2,26.6868,233.8000,45.8000,primary
17183190,2010-10-04,10:18:03.28,29.9455,51.4574,15.0000,3.8000,mb,ISC,36,4,41.1421,266.4000,47.4000,primary
15269766,2010-10-28,09:22:22.51,29.9375,51.1982,23.5000,3.6000,MS,ISC,203,5,64.4931,277.4000,31.9000,primary
16148430,2010-11-02,17:41:51.50,29.5120,51.4860,20.0000,3.9000,MS,ISC,72,4,45.5899,214.5000,63.9000,primary
17184898,2010-11-02,21:53:10.75,29.5227,51.4663,20.0000,3.8000,mb,ISC,65,4,45.5899,218.8000,65.5000,primary
15674101,2010-11-26,12:33:44.03,28.0524,52.5534,19.5000,5.1000,MS,ISC,949,3,50.0377,247.8000,16.2000,primary
17186053,2010-11-26,13:06:40.18,27.8997,52.4499,0.0000,4.0000,MS,IDC,8,0,2172.7503,360.0000,218.6000,primary
15674104,2010-11-26,13:27:40.34,28.0054,52.6509,15.0000,3.7000,MS,ISC,66,3,45.5899,259.2000,104.0000,primary
15803407,2010-11-26,18:16:08.17,28.0875,52.4264,15.0000,4.4000,MS,ISC,99,4,58.9333,240.0000,82.4000,primary
17186072,2010-11-26,20:13:07.47,28.0175,52.5778,15.0000,3.8000,mb,ISC,42,3,50.0377,253.6000,120.2000,primary
600303355,2010-11-27,18:47:21.59,28.0492,52.6661,10.1000,3.0000,mb,DSN,6,2,41.1421,254.0000,159.8000,primary
15933262,2010-11-28,14:37:16.66,28.0457,52.6150,15.0000,3.8000,mb,ISC,44,3,45.5899,251.5000,67.2000,primary
17186157,2010-11-28,18:40:29.07,27.9309,52.6269,15.0000,4.0000,mb,ISC,46,2,52.2616,266.8000,145.3000,primary
17186241,2010-11-30,16:01:42.11,28.0850,52.4089,15.0000,3.8000,mb,ISC,9,0,1214.2494,360.0000,148.6000,primary
600303553,2010-12-04,20:54:51.65,28.0944,52.8812,10.0000,2.8000,mb,DSN,7,2,23.3509,273.1000,158.6000,primary
17186539,2010-12-06,05:24:38.52,28.0064,52.5368,15.0000,4.0000,mb,ISC,16,2,53.3736,253.4000,167.7000,primary
15739350,2010-12-09,18:14:47.97,28.5450,52.0568,21.4000,4.0000,MS,ISC,329,4,82.2843,188.3000,32.8000,primary
17187026,2010-12-14,17:53:53.03,28.5566,52.0210,15.0000,3.6000,mb,ISC,32,4,78.9484,188.4000,145.0000,primary
17188777,2010-12-28,08:09:32.59,29.3695,52.3985,15.0000,3.6000,mb,ISC,8,2,121.2026,271.6000,88.4000,primary
17188947,2010-12-30,00:00:48.58,28.6183,52.6253,16.0000,3.4000,mb,ISC,14,2,51.1497,213.9000,126.8000,primary
601902296,2011-01-02,00:33:20.10,29.7180,51.4440,4.6000,2.5000,ML,TEH,4,3,38.9182,337.2000,315.2000,primary
601988732,2011-01-03,16:11:07.30,28.1500,52.3390,33.6000,2.7000,ML,TEH,3,2,155.6730,316.2000,316.2000,primary
601902343,2011-01-05,18:32:00.90,28.1690,52.2520,10.0000,2.5000,ML,TEH,4,2,159.0088,315.6000,315.6000,primary
17189721,2011-01-08,20:42:40.58,27.9482,52.5780,15.0000,3.7000,mb,ISC,25,3,54.4855,262.2000,134.2000,primary
601989029,2011-01-09,01:37:04.50,29.3720,51.4860,5.0000,2.7000,ML,TEH,3,3,56.7094,307.9000,307.9000,primary
601902425,2011-01-10,20:48:53.50,29.1910,51.2570,23.6000,2.8000,ML,TEH,6,2,86.7321,333.8000,287.9000,primary
601902509,2011-01-12,15:45:37.90,29.1700,51.2340,10.0000,2.5000,ML,TEH,7,3,90.0679,318.7000,273.1000,primary
17190075,2011-01-13,17:54:46.66,29.2105,51.3776,20.0000,3.9000,mb,ISC,28,5,38.9182,203.5000,69.9000,primary
601902530,2011-01-13,21:01:15.50,29.7270,51.7110,29.1000,2.7000,ML,TEH,9,4,13.3434,319.5000,241.4000,primary
601989324,2011-01-14,06:22:26.50,28.3880,52.2250,1.2000,2.6000,ML,TEH,3,3,140.1057,308.4000,308.4000,primary
601902574,2011-01-14,21:06:33.50,29.8410,50.3110,36.0000,2.5000,ML,TEH,4,1,147.8894,360.0000,277.5000,primary
15972518,2011-01-20,11:59:42.88,29.3758,52.1086,25.0000,3.9000,mb,ISC,52,6,48.9258,95.3000,86.6000,primary
601902862,2011-01-22,12:29:51.70,29.6260,51.4470,5.0000,3.0000,ML,TEH,11,4,42.2541,326.7000,252.2000,primary
17190906,2011-01-24,17:25:06.15,28.6793,51.4128,24.0000,3.6000,mb,ISC,15,4,23.3509,225.3000,148.0000,primary
17191222,2011-01-29,01:26:18.03,27.2792,52.8682,20.0000,3.6000,mb,ISC,9,0,284.6592,360.0000,284.6000,primary
602000924,2011-02-01,22:19:08.30,28.6134,51.4893,2.0000,3.2000,ML,CSEM,12,4,33.3585,222.1000,222.1000,primary
602001078,2011-02-04,20:01:31.90,28.0810,52.4650,15.0000,3.2000,ML,TEH,14,3,55.5975,276.2000,241.4000,primary
602001289,2011-02-08,01:57:34.90,29.9890,51.2540,35.6000,2.8000,ML,TEH,3,3,61.1572,342.7000,342.7000,primary
601668534,2011-02-08,15:14:21.85,29.5735,52.1624,10.0000,2.8000,ML,ISC,14,4,34.4704,203.6000,156.8000,primary
602001345,2011-02-09,18:11:06.90,29.2450,51.3280,5.0000,3.4000,ML,TEH,16,3,76.7245,276.9000,222.8000,primary
602001342,2011-02-09,21:56:29.60,27.9460,52.4810,18.0000,3.0000,ML,TEH,4,0,212.3824,360.0000,307.3000,primary
16022460,2011-02-13,11:56:15.05,29.1565,52.6223,12.0000,4.0000,mb,ISC,77,5,53.3736,152.8000,70.6000,primary
602001610,2011-02-14,01:52:40.80,29.8270,51.2190,13.3000,2.7000,ML,TEH,7,2,60.0453,350.2000,249.9000,primary
602001601,2011-02-14,11:25:41.50,29.6250,50.5590,20.9000,2.7000,ML,TEH,6,1,124.5384,360.0000,269.7000,primary
602001760,2011-02-17,18:10:10.50,28.6260,52.2220,20.8000,2.5000,ML,TEH,5,3,120.0906,298.1000,298.1000,primary
602002140,2011-02-24,09:47:33.10,28.5340,52.0390,17.2000,2.6000,ML,TEH,3,3,138.9937,304.3000,304.3000,primary
602002229,2011-02-26,07:40:08.20,27.5770,52.2820,24.1000,2.8000,ML,TEH,4,0,215.7183,360.0000,315.3000,primary
602002310,2011-02-28,03:48:08.90,28.2240,52.2790,5.0000,3.5000,ML,TEH,18,2,70.0528,262.0000,220.2000,primary
17192977,2011-02-28,04:03:06.38,28.2425,52.2507,15.0000,3.7000,mb,ISC,15,3,151.2252,313.4000,133.5000,primary
602002444,2011-03-02,11:25:51.50,28.0520,52.3720,19.2000,2.9000,ML,TEH,5,2,164.5686,319.0000,307.6000,primary
602002463,2011-03-02,11:28:37.10,27.8940,51.4540,18.0000,3.3000,ML,TEH,3,0,212.3824,360.0000,326.0000,primary
16484404,2011-03-05,12:03:08.57,29.9437,51.0673,22.0000,3.9000,mb,ISC,23,2,76.7245,349.4000,125.1000,primary
602002621,2011-03-05,12:18:09.70,29.8190,51.0460,28.9000,2.8000,ML,TEH,7,2,76.7245,355.7000,254.3000,primary
17193280,2011-03-05,12:24:31.43,27.6437,52.5768,14.0000,3.8000,mb,ISC,20,1,199.0391,360.0000,132.8000,primary
602002639,2011-03-05,12:40:55.80,29.8550,51.0820,2.7000,2.5000,ML,TEH,3,1,73.3887,360.0000,285.1000,primary
602002619,2011-03-05,13:11:56.50,29.9480,51.1020,2.9000,2.8000,ML,TEH,9,1,73.3887,360.0000,248.9000,primary
602002618,2011-03-05,13:44:35.50,29.8300,51.0860,1.0000,2.6000,ML,TEH,6,1,73.3887,360.0000,253.0000,primary
602002673,2011-03-06,09:33:34.90,28.0570,52.3800,4.2000,2.7000,ML,TEH,3,2,163.4566,318.9000,318.9000,primary
602002727,2011-03-07,00:15:38,29.9950,51.0250,6.6000,2.5000,ML,TEH,6,2,82.2843,347.8000,259.9000,primary
602003036,2011-03-13,05:58:00.30,29.6020,50.8600,15.6000,3.1000,ML,TEH,6,1,96.7396,360.0000,278.2000,primary
602003076,2011-03-14,08:41:28.70,29.4480,50.9770,18.4000,3.4000,ML,TEH,8,1,91.1799,360.0000,267.2000,primary
16477801,2011-03-14,09:12:29.09,29.8735,51.2379,15.0000,3.8000,mb,ISC,33,2,58.9333,350.7000,124.9000,primary
602003114,2011-03-15,08:51:59.10,29.6960,50.7530,9.2000,2.5000,ML,TEH,4,1,105.6352,360.0000,297.2000,primary
602003113,2011-03-15,10:07:58.70,29.9030,51.1550,8.0000,3.1000,ML,TEH,9,2,67.8289,350.2000,253.9000,primary
602003127,2011-03-16,17:46:36.60,28.3020,52.9040,27.6000,2.5000,ML,TEH,7,3,121.2026,318.3000,293.4000,primary
17196671,2011-03-17,09:42:28.28,29.7484,50.4663,25.0000,3.5000,mb,ISC,17,1,133.4340,360.0000,131.0000,primary
602003165,2011-03-17,19:59:52.30,29.5000,50.7330,13.8000,2.8000,ML,TEH,8,1,111.1950,360.0000,288.8000,primary
602003213,2011-03-18,14:32:56.10,29.9240,50.9370,3.6000,3.1000,ML,TEH,13,1,88.9560,360.0000,220.8000,primary
16341356,2011-03-20,21:53:06.85,29.8961,51.2037,5.4000,3.9000,MS,ISC,172,2,62.2692,349.8000,46.1000,primary
601668896,2011-03-22,00:44:37.73,28.0606,51.6442,16.0000,2.8000,ML,ISC,10,1,191.2554,360.0000,224.3000,primary
602003460,2011-03-24,12:07:40.80,29.3360,50.4410,9.4000,3.2000,ML,TEH,8,1,144.5535,360.0000,289.7000,primary
602003456,2011-03-24,12:17:16.40,29.4140,50.4050,3.8000,2.7000,ML,TEH,4,1,144.5535,360.0000,293.8000,primary
602003499,2011-03-25,17:13:11.10,29.4790,51.8650,13.9000,2.8000,ML,TEH,8,2,33.3585,285.5000,285.5000,primary
602003496,2011-03-25,21:34:46.40,28.8920,52.3440,24.7000,2.7000,ML,TEH,7,2,110.0830,300.9000,288.5000,primary
602003554,2011-03-26,11:53:34,29.8870,50.5280,18.0000,2.8000,ML,TEH,4,1,127.8742,360.0000,271.3000,primary
602003598,2011-03-27,11:26:59.60,28.4740,52.2510,18.0000,2.7000,ML,TEH,3,3,131.2101,304.9000,304.9000,primary
602003587,2011-03-27,16:42:32.10,29.2260,51.3670,4.1000,2.5000,ML,TEH,4,3,76.7245,312.9000,294.7000,primary
602003629,2011-03-28,04:50:43.80,27.8360,52.8450,5.1000,2.8000,ML,TEH,7,0,223.5019,360.0000,273.0000,primary
602003819,2011-04-02,11:59:59,29.6510,51.4750,6.0000,3.2000,ML,TEH,7,3,37.8063,327.7000,261.2000,primary
602003872,2011-04-06,01:40:19.30,29.8490,51.1760,18.7000,2.8000,ML,TEH,6,1,64.4931,360.0000,258.4000,primary
602003927,2011-04-09,05:22:42.10,28.5730,52.5770,9.9000,2.9000,ML,TEH,4,3,103.4113,301.9000,300.3000,primary
602003939,2011-04-10,07:07:13.10,28.6190,52.5640,33.6000,2.7000,ML,TEH,3,3,100.0755,299.3000,299.3000,primary
602003950,2011-04-11,12:10:12.90,29.2720,52.1590,6.0000,2.5000,ML,TEH,5,3,64.4931,249.0000,249.0000,primary
602004037,2011-04-18,23:39:12.70,28.9480,51.2220,29.6000,3.0000,ML,TEH,15,2,110.0830,280.3000,212.1000,primary
602004045,2011-04-20,04:41:44.30,28.7290,52.3780,8.0000,2.9000,ML,TEH,8,2,127.8742,308.2000,292.6000,primary
602004071,2011-04-23,03:31:03.90,29.6630,51.3300,10.0000,2.9000,ML,TEH,16,4,51.1497,253.0000,165.3000,primary
16456804,2011-04-25,13:49:25.97,29.6798,51.4760,27.8000,4.0000,mb,ISC,116,4,36.6944,241.4000,67.2000,primary
17202234,2011-04-27,12:01:28.16,27.9794,52.4713,15.0000,3.8000,mb,ISC,17,1,167.9044,360.0000,134.4000,primary
602004181,2011-05-03,18:24:49.90,29.5440,51.6256,2.0000,3.2000,ML,CSEM,14,4,33.3585,195.2000,116.1000,primary
602004192,2011-05-04,18:35:24.50,28.1550,52.5030,10.0000,2.7000,ML,TEH,4,2,147.8894,316.9000,311.3000,primary
602004224,2011-05-08,14:21:30.20,28.6230,51.5560,10.3000,2.9000,ML,TEH,5,2,131.2101,311.5000,311.5000,primary
16500451,2011-05-08,22:17:37.68,29.7767,50.9497,29.9000,3.8000,MS,ISC,428,3,85.6201,288.0000,22.1000,primary
602004229,2011-05-09,00:00:58.60,29.8330,50.9500,7.9000,3.0000,ML,TEH,10,1,86.7321,360.0000,256.1000,primary
602587371,2011-05-09,00:09:21.54,27.9240,50.9363,35.0000,3.2000,ML,ISC,14,0,223.5019,360.0000,235.6000,primary
602004255,2011-05-11,17:26:48.20,29.6190,51.2800,10.4000,2.7000,ML,TEH,5,1,56.7094,360.0000,292.2000,primary
602004292,2011-05-15,21:15:18.50,28.7926,52.8779,15.0000,2.9000,ML,CSEM,15,3,56.7094,211.6000,104.1000,primary
602004336,2011-05-20,19:16:17.10,29.2960,51.3200,7.7000,2.8000,ML,TEH,7,2,73.3887,316.7000,267.5000,primary
602004350,2011-05-22,14:21:29.90,28.4510,52.8950,28.3000,2.8000,ML,TEH,7,2,154.5610,319.9000,289.5000,primary
602004389,2011-05-27,06:39:27,29.6760,51.3680,9.5000,2.5000,ML,TEH,4,1,163.4566,360.0000,269.3000,primary
17205027,2011-06-02,21:24:29.23,27.4329,52.4967,14.0000,3.6000,mb,ISC,40,0,363.6076,360.0000,130.7000,primary
602004461,2011-06-03,17:30:07.30,28.6010,51.0530,32.6000,2.9000,ML,TEH,7,0,217.9422,360.0000,291.9000,primary
602004462,2011-06-03,22:29:03.60,28.0390,52.0320,20.0000,2.8000,ML,TEH,6,1,182.3598,360.0000,322.9000,primary
602004519,2011-06-12,12:22:48.40,28.2080,52.9930,5.0000,2.7000,ML,TEH,4,2,130.0981,356.6000,328.8000,primary
602004595,2011-06-19,21:01:07.30,27.7580,51.0730,18.0000,3.1000,ML,TEH,8,0,235.7334,360.0000,313.6000,primary
602004598,2011-06-20,02:45:32.30,28.7240,52.6750,5.0000,2.6000,ML,TEH,3,2,84.5082,295.3000,295.3000,primary
602004610,2011-06-21,11:33:17.60,27.6050,52.3070,7.0000,2.8000,ML,TEH,4,0,212.3824,360.0000,341.3000,primary
602004680,2011-06-30,19:57:22.60,28.7770,51.3340,9.6000,2.9000,ML,TEH,8,1,185.6956,360.0000,286.1000,primary
16725748,2011-07-01,23:26:49.55,28.5796,51.4804,24.0000,4.0000,mb,ISC,68,4,36.6944,228.1000,52.2000,primary
17063261,2011-07-02,01:10:41.15,28.5242,51.4434,24.0000,3.9000,mb,ISC,45,3,40.0302,239.4000,124.6000,primary
602004707,2011-07-04,02:44:38.10,29.0170,51.5250,17.7000,2.6000,ML,TEH,4,2,160.1208,342.9000,276.7000,primary
602004720,2011-07-06,15:46:52.90,29.4710,51.3650,19.7000,2.7000,ML,TEH,6,3,167.9044,274.4000,274.4000,primary
17064030,2011-07-07,12:00:58.44,28.1953,52.2367,10.0000,3.9000,mb,ISC,19,3,74.5006,301.1000,134.0000,primary
17066139,2011-07-19,15:54:44.26,27.8111,52.1920,26.0000,3.8000,mb,ISC,14,1,195.7032,360.0000,136.8000,primary
602004829,2011-07-23,11:45:59.10,29.7130,51.3510,18.0000,2.7000,ML,TEH,8,2,164.5686,342.9000,250.8000,primary
602004833,2011-07-24,02:43:35.80,29.1649,51.2562,2.0000,3.0000,ML,CSEM,11,4,33.3585,252.7000,181.5000,primary
602004933,2011-07-30,20:34:43,27.3679,52.6910,2.0000,3.1000,ML,CSEM,15,1,105.6352,360.0000,267.7000,primary
602004983,2011-08-04,20:50:31.90,28.1910,52.0250,10.8000,2.9000,ML,TEH,8,1,169.0164,360.0000,306.6000,primary
602004986,2011-08-04,23:30:20.60,28.8100,50.3160,16.8000,3.2000,ML,TEH,14,0,279.0994,360.0000,231.1000,primary
602005150,2011-08-15,02:08:30.30,29.4148,52.7787,2.0000,3.1000,ML,CSEM,14,4,32.2465,142.0000,76.7000,primary
602005162,2011-08-15,21:58:22.40,29.3620,51.3520,20.5000,2.7000,ML,TEH,9,1,171.2403,360.0000,264.5000,primary
602005220,2011-08-19,07:29:49.30,29.0760,52.1760,26.2000,2.7000,ML,TEH,9,2,96.7396,335.3000,273.9000,primary
602005317,2011-08-25,07:26:41.90,29.6580,51.0920,20.0000,2.5000,ML,TEH,5,2,190.1434,345.0000,279.5000,primary
602005367,2011-08-27,01:49:21.40,29.4849,51.2011,10.0000,2.9000,ML,CSEM,17,2,68.9409,280.7000,152.4000,primary
17030275,2011-08-27,02:56:01.82,29.5492,51.3158,20.0000,3.5000,MS,ISC,132,3,75.6126,263.1000,46.1000,primary
602005371,2011-08-27,04:50:02.50,29.6870,51.3530,10.0000,2.6000,ML,TEH,9,2,164.5686,342.8000,251.8000,primary
602005372,2011-08-27,07:29:04.90,29.8580,50.9780,8.8000,3.0000,ML,TEH,11,0,200.1510,360.0000,218.5000,primary
17331532,2011-08-27,08:30:54.09,29.7065,50.8260,22.0000,3.8000,mb,ISC,19,1,103.4113,360.0000,107.0000,primary
602005404,2011-08-28,07:29:16.20,29.9170,51.9390,10.0000,2.5000,ML,TEH,4,2,107.8591,336.9000,249.0000,primary
17497160,2011-09-02,04:45:13.60,28.2433,51.1985,10.0000,3.7000,mb,ISC,30,2,68.9409,279.7000,171.0000,primary
602005694,2011-09-06,09:42:27.40,29.1410,51.8740,10.0000,2.8000,ML,TEH,7,2,123.4265,338.2000,269.6000,primary
17497439,2011-09-07,17:40:05.51,29.0885,51.1814,16.0000,3.8000,mb,ISC,35,4,26.6868,268.8000,105.7000,primary
602006001,2011-09-07,23:59:43.70,29.0600,51.1870,21.9000,2.5000,ML,TEH,7,1,190.1434,360.0000,277.3000,primary
602006053,2011-09-10,10:56:40.60,28.2240,52.2440,15.8000,3.1000,ML,TEH,4,2,153.4491,350.1000,343.5000,primary
602006117,2011-09-14,04:42:01.70,27.9880,51.7070,10.0000,3.2000,ML,TEH,5,0,243.5170,360.0000,326.5000,primary
17238830,2011-09-17,23:37:27.18,27.9565,52.9469,14.0000,3.2000,MS,ISC,113,3,36.6944,296.1000,64.7000,primary
602006425,2011-09-21,23:28:25.40,27.7270,51.8390,10.0000,3.0000,ML,TEH,8,0,221.2780,360.0000,311.6000,primary
602006486,2011-09-24,23:34:26.82,29.6180,52.2747,25.0000,2.8000,ML,ISC,18,4,23.3509,214.4000,84.4000,primary
17270024,2011-09-26,15:51:52.69,29.2841,51.4215,25.8000,3.2000,MS,ISC,70,4,47.8138,233.4000,63.7000,primary
17498564,2011-09-26,15:59:57.75,29.2204,51.4240,17.0000,3.7000,mb,ISC,38,4,41.1421,228.3000,66.7000,primary
602006570,2011-09-30,05:02:01.40,28.2250,51.4930,18.0000,2.5000,ML,TEH,3,0,203.4869,360.0000,349.2000,primary
602006574,2011-09-30,17:15:17.90,28.4100,51.5790,18.0000,2.9000,ML,TEH,9,1,184.5837,360.0000,298.3000,primary
602006629,2011-10-01,02:04:59,29.7510,51.1320,31.9000,2.6000,ML,TEH,9,1,196.8151,360.0000,254.5000,primary
602006631,2011-10-01,10:28:13.80,28.1540,51.5770,10.0000,3.1000,ML,TEH,5,0,202.3749,360.0000,320.2000,primary
602006976,2011-10-07,06:16:22.80,29.3038,52.0910,10.0000,2.8000,ML,CSEM,9,4,91.1799,179.0000,105.3000,primary
602007060,2011-10-09,00:35:02.60,28.4780,51.9080,6.1000,2.9000,ML,TEH,8,1,154.5610,360.0000,299.1000,primary
600085134,2011-10-09,12:05:11.23,29.4368,52.5519,15.0000,3.8000,mb,ISC,22,5,23.3509,107.8000,81.4000,primary
602007356,2011-10-13,08:37:42.30,29.5120,51.5250,18.0000,2.5000,ML,TEH,3,2,152.3372,340.7000,282.7000,primary
602007818,2011-10-19,05:49:00.64,28.7017,51.1429,10.0000,3.2000,ML,ISC,18,2,23.3509,295.6000,195.2000,primary
602007974,2011-10-21,20:53:30.90,29.1130,51.2530,15.0000,2.8000,ML,TEH,8,2,183.4717,344.5000,274.9000,primary
602008092,2011-10-23,12:05:14.80,29.9500,50.8540,14.9000,3.1000,ML,TEH,8,0,212.3824,360.0000,255.2000,primary
602008492,2011-10-28,05:19:36.57,29.3140,51.9816,25.0000,3.1000,ML,ISC,15,4,83.3962,186.8000,105.7000,primary
602008780,2011-11-03,04:25:51.50,28.6070,51.8060,18.0000,2.9000,ML,TEH,5,2,153.4491,345.4000,310.2000,primary
602008781,2011-11-03,07:55:19.90,29.7790,51.3490,1.9000,2.6000,ML,TEH,4,2,164.5686,343.2000,279.4000,primary
602008983,2011-11-07,14:29:36.50,29.4050,51.1970,12.8000,2.6000,ML,TEH,4,2,185.6956,344.1000,285.0000,primary
602008984,2011-11-07,15:18:41.40,29.4702,52.0916,2.0000,3.0000,ML,CSEM,10,4,100.0755,196.5000,134.1000,primary
604028731,2011-11-09,03:53:40.26,28.2678,52.4358,16.0000,3.7000,mb,ISC,33,5,54.4855,213.1000,125.3000,primary
602009224,2011-11-12,21:17:26,29.9250,51.5360,6.6000,2.6000,ML,TEH,7,2,146.7774,342.1000,237.7000,primary
602009278,2011-11-13,17:27:37.30,29.5876,51.2122,20.0000,2.8000,ML,CSEM,9,3,80.0604,266.3000,171.6000,primary
604028751,2011-11-15,06:52:31.86,28.2889,51.9201,15.0000,3.7000,mb,ISC,32,3,87.8440,226.3000,124.8000,primary
602009532,2011-11-17,19:40:56.97,29.7743,51.3440,15.0000,3.7000,mb,ISC,23,4,101.1874,264.3000,78.5000,primary
602009533,2011-11-17,21:39:30.80,29.8080,51.4184,20.0000,2.9000,ML,CSEM,16,3,105.6352,261.6000,132.3000,primary
602009654,2011-11-19,08:17:51.30,29.0180,51.2190,13.9000,2.8000,ML,TEH,9,2,187.9195,345.1000,278.5000,primary
601661475,2011-11-20,11:01:42.04,27.5190,52.1678,15.0000,4.1000,ML,DSN,7,0,447.0039,360.0000,337.2000,primary
602009814,2011-11-22,05:36:12.60,28.9623,51.2273,10.0000,3.2000,ML,CSEM,13,2,13.3434,324.3000,201.1000,primary
602009861,2011-11-23,17:22:28,28.1610,52.7580,10.0000,2.9000,ML,TEH,9,2,140.1057,354.3000,314.3000,primary
602009918,2011-11-24,01:40:28.20,28.5450,52.2960,18.0000,3.0000,ML,TEH,10,2,122.3145,346.3000,301.7000,primary
602009972,2011-11-25,12:51:25.04,29.7930,51.4613,15.0000,3.4000,ML,ISC,20,3,104.5233,258.6000,72.6000,primary
602010109,2011-11-27,06:46:24.40,28.2190,51.8060,10.0000,2.9000,ML,TEH,5,1,181.2478,360.0000,323.4000,primary
602010204,2011-11-29,02:15:14.60,29.3460,51.3160,28.4000,2.6000,ML,TEH,7,2,174.5761,343.1000,265.6000,primary
602010397,2011-12-04,00:31:53.70,29.7920,51.4280,8.1000,2.7000,ML,TEH,10,2,156.7849,342.5000,246.0000,primary
602010399,2011-12-04,11:31:02.90,29.9410,51.4990,8.0000,2.8000,ML,TEH,7,2,150.1132,342.6000,238.2000,primary
600221479,2011-12-05,06:12:46.05,29.0948,51.2160,16.0000,3.9000,mb,ISC,41,5,26.6868,260.8000,98.5000,primary
602010439,2011-12-05,09:13:38.90,28.5155,52.9417,20.0000,2.6000,ML,CSEM,13,4,25.5748,160.4000,113.7000,primary
602010491,2011-12-06,20:26:11.40,29.0610,51.2450,5.3000,2.5000,ML,TEH,8,2,184.5837,344.7000,276.8000,primary
600022313,2011-12-09,08:46:38.16,27.2226,52.9766,10.0000,4.2000,mb,ISC,83,1,117.8667,360.0000,78.5000,primary
602010638,2011-12-09,13:09:56.76,27.1996,52.9966,10.0000,3.4000,ML,ISC,17,1,120.0906,360.0000,179.8000,primary
602010639,2011-12-09,15:06:53,29.8340,51.6060,27.3000,2.6000,ML,TEH,7,2,138.9937,340.7000,251.0000,primary
602010640,2011-12-09,19:12:03,27.2540,52.8300,16.1000,2.9000,ML,TEH,4,0,236.8453,360.0000,335.9000,primary
602010685,2011-12-10,07:47:19.80,29.1252,51.3328,2.0000,3.2000,ML,CSEM,10,4,28.9107,236.8000,175.5000,primary
602010842,2011-12-14,08:24:28.60,29.6420,51.2270,11.0000,2.8000,ML,TEH,6,2,177.9120,343.9000,277.4000,primary
602010843,2011-12-14,11:27:33.10,29.3540,51.4380,10.0000,2.5000,ML,TEH,4,2,162.3447,342.0000,283.5000,primary
602011077,2011-12-21,00:41:09.60,28.2790,51.3390,10.0000,3.4000,ML,TEH,9,0,212.3824,360.0000,300.7000,primary
602011151,2011-12-23,04:52:53.90,28.9020,51.9880,16.0000,2.6000,ML,TEH,5,2,121.2026,340.6000,321.8000,primary
602011318,2011-12-25,08:56:46.60,29.4949,51.3980,20.0000,3.3000,ML,CSEM,14,4,71.1648,247.9000,131.8000,primary
600097931,2011-12-26,20:18:09.50,27.7936,52.1004,26.0000,3.9000,MS,ISC,162,2,102.2994,268.7000,60.8000,primary
602011480,2011-12-29,09:47:34,29.9970,50.9120,28.0000,2.8000,ML,TEH,9,0,206.8227,360.0000,252.4000,primary
602011485,2011-12-29,15:55:11.30,29.9918,50.7791,30.0000,2.7000,ML,CSEM,20,1,134.5459,360.0000,163.5000,primary
602011517,2011-12-30,01:00:54.70,29.4463,52.0319,10.0000,2.7000,ML,CSEM,16,4,96.7396,197.5000,109.9000,primary
602011518,2011-12-30,01:04:05.90,29.4517,52.1103,5.0000,2.5000,ML,CSEM,12,4,97.8516,193.5000,111.5000,primary
600138506,2012-01-05,16:53:38.62,27.8405,52.0770,26.0000,3.6000,MS,ISC,295,3,102.2994,265.2000,23.9000,primary
600299603,2012-01-05,17:49:10.21,27.8040,52.0594,26.0000,3.9000,mb,ISC,71,2,105.6352,268.2000,53.0000,primary
602011653,2012-01-05,18:18:00.73,27.8894,51.9392,10.0000,3.2000,ML,ISC,13,0,201.2629,360.0000,195.8000,primary
602011655,2012-01-05,21:41:59.90,27.9040,52.0610,10.0000,3.1000,ML,TEH,18,3,100.0755,260.1000,260.1000,primary
600142513,2012-01-07,23:25:34.38,27.9608,52.6336,15.0000,3.4000,MS,ISC,162,4,50.0377,263.8000,33.5000,primary
602011680,2012-01-08,04:52:27.90,29.1810,51.2410,10.0000,3.0000,ML,TEH,6,2,183.4717,344.3000,291.3000,primary
602011681,2012-01-08,06:16:03,28.0810,52.5340,10.0000,3.2000,ML,TEH,7,1,154.5610,360.0000,321.6000,primary
602011853,2012-01-17,03:17:34.70,29.6980,50.1760,10.0000,2.5000,ML,TEH,8,0,277.9875,360.0000,242.2000,primary
602011896,2012-01-18,22:08:56.40,29.1080,50.8390,10.0000,2.7000,ML,TEH,6,0,223.5019,360.0000,286.8000,primary
602011917,2012-01-19,05:30:33.40,29.6360,51.6040,3.0000,2.6000,ML,TEH,6,3,27.7987,314.6000,276.5000,primary
600734278,2012-01-22,03:22:20.39,29.0045,51.6940,17.0000,3.9000,mb,ISC,36,5,42.2541,126.4000,59.4000,primary
602012040,2012-01-23,03:40:37.10,28.9770,51.6510,12.3000,2.7000,ML,TEH,5,3,91.1799,299.5000,299.5000,primary
602012069,2012-01-24,20:56:42,29.6880,51.4480,8.0000,2.6000,ML,TEH,5,3,38.9182,333.4000,271.5000,primary
602012076,2012-01-25,03:29:23.30,29.5210,51.4570,6.3000,2.5000,ML,TEH,8,3,46.7019,317.1000,266.4000,primary
600734519,2012-01-25,11:14:07.55,28.9845,51.1162,16.0000,3.6000,mb,ISC,26,4,22.2390,271.0000,134.3000,primary
602012082,2012-01-25,14:30:16,29.0430,51.1670,15.0000,2.6000,ML,TEH,7,2,104.5233,320.2000,286.3000,primary
600734539,2012-01-25,16:18:26.47,28.8571,51.0473,16.0000,3.6000,mb,ISC,34,3,24.4629,308.7000,134.2000,primary
600734548,2012-01-25,17:59:41.80,27.9466,52.2397,10.0000,3.7000,mb,ISC,32,2,82.2843,325.3000,135.6000,primary
600299693,2012-01-25,20:08:07.48,28.0688,52.3539,15.0000,4.1000,mb,ISC,75,4,66.7170,241.9000,93.5000,primary
600734647,2012-01-27,00:52:46.87,28.9167,51.2517,17.0000,3.7000,mb,ISC,49,3,7.7837,289.6000,114.6000,primary
600320890,2012-02-05,06:10:40.62,28.6440,51.4419,17.5000,4.0000,MS,ISC,364,3,27.7987,225.3000,43.1000,primary
602012306,2012-02-05,09:51:26.70,28.7690,51.3990,20.2000,2.9000,ML,TEH,5,2,180.1359,345.6000,303.4000,primary
602012476,2012-02-11,20:19:43.80,29.6270,51.2940,20.2000,2.8000,ML,TEH,6,0,263.5322,360.0000,312.1000,primary
602012522,2012-02-13,02:12:07,29.4490,52.1700,5.6000,2.5000,ML,TEH,8,2,92.2918,328.3000,247.1000,primary
602012523,2012-02-13,16:00:37,29.5160,51.3490,10.0000,2.8000,ML,TEH,8,1,171.2403,360.0000,258.5000,primary
600845525,2012-02-16,21:00:40.48,28.5451,51.3481,10.0000,3.5000,mb,ISC,29,3,35.5824,251.9000,89.8000,primary
602013118,2012-03-06,17:59:08.80,29.6220,51.4830,10.0000,2.8000,ML,TEH,11,3,38.9182,230.8000,136.1000,primary
602013119,2012-03-06,20:09:57,29.5780,51.4440,10.0000,2.8000,ML,TEH,6,3,44.4780,322.5000,273.0000,primary
600841635,2012-03-06,23:35:51.02,27.8010,52.0390,10.0000,3.8000,mb,ISC,31,2,107.8591,268.6000,137.4000,primary
602013136,2012-03-07,21:20:46.10,29.4200,52.6700,14.0000,2.8000,ML,CSEM,15,4,58.9333,128.1000,80.7000,primary
602013189,2012-03-09,20:21:43.10,28.4280,51.7110,10.0000,2.9000,ML,TEH,5,2,150.1132,312.8000,312.8000,primary
602013210,2012-03-10,14:36:36.50,29.9770,52.3670,10.0000,2.8000,ML,TEH,9,2,55.5975,215.8000,144.2000,primary
600955122,2012-03-13,00:30:29.23,28.0026,51.8332,26.0000,3.9000,mb,ISC,38,2,108.9711,256.9000,68.0000,primary
600841679,2012-03-14,14:17:48.26,27.8955,52.1778,26.0000,3.7000,mb,ISC,20,0,447.0039,360.0000,70.6000,primary
600955459,2012-03-17,02:32:17.45,27.8534,52.1139,26.0000,3.8000,mb,ISC,34,0,369.1674,360.0000,70.5000,primary
600955888,2012-03-22,01:50:44.44,27.9407,51.7621,16.0000,3.9000,mb,ISC,44,2,112.3070,263.9000,130.4000,primary
602013446,2012-03-22,02:06:19,28.2970,51.8860,10.0000,2.7000,ML,TEH,13,3,85.6201,227.1000,227.1000,primary
600841713,2012-03-22,16:39:12.85,28.0843,51.8649,26.0000,3.8000,mb,ISC,67,2,103.4113,249.0000,55.0000,primary
600841721,2012-03-23,07:50:11.40,27.9963,51.7972,26.0000,4.4000,mb,ISC,85,2,107.8591,258.6000,96.4000,primary
600853714,2012-03-25,12:15:01.75,28.6362,51.2764,10.0000,3.9000,mb,ISC,79,1,172.3522,360.0000,64.9000,primary
600939781,2012-03-28,14:27:59.59,29.1025,51.4050,20.0000,3.9000,mb,ISC,15,2,85.6201,310.2000,76.0000,primary
604087005,2012-03-29,04:30:55.50,29.5600,51.1400,14.0000,3.2000,ML,CSEM,5,1,78.9484,360.0000,177.8000,primary
600939819,2012-03-29,06:16:45.83,28.2661,52.2505,15.0000,3.5000,mb,ISC,29,3,72.2767,217.5000,133.4000,primary
602014954,2012-04-11,12:59:11.20,29.0210,52.1310,8.0000,2.8000,ML,TEH,3,2,88.9560,274.4000,274.4000,primary
602015476,2012-04-15,01:02:22.50,29.9540,51.2050,10.0000,2.5000,ML,TEH,6,2,64.4931,358.8000,256.8000,primary
601105725,2012-04-15,16:42:29.17,28.0164,51.8302,26.0000,3.7000,mb,ISC,38,3,107.8591,256.0000,70.2000,primary
600886670,2012-04-17,02:37:43.54,28.5004,52.9789,16.0000,3.9000,MS,ISC,225,5,23.3509,106.0000,28.2000,primary
602016373,2012-04-21,21:43:18.40,29.9420,51.0630,24.4000,2.9000,ML,TEH,10,1,76.7245,360.0000,257.8000,primary
602016516,2012-04-22,10:43:52.80,29.2030,51.3590,8.0000,2.7000,ML,TEH,4,2,78.9484,329.8000,306.3000,primary
602016847,2012-04-25,00:43:15.30,28.4630,51.8810,7.6000,3.1000,ML,TEH,11,3,145.6654,309.0000,283.7000,primary
601106683,2012-04-26,00:30:06.79,28.2125,52.2049,26.0000,3.8000,mb,ISC,35,5,76.7245,225.4000,67.6000,primary
602017169,2012-04-28,19:59:19.50,29.9000,51.2810,5.7000,2.5000,ML,TEH,7,2,55.5975,356.2000,254.5000,primary
600959630,2012-04-30,11:53:05.67,27.9806,52.6082,15.0000,4.2000,mb,ISC,96,4,50.0377,249.3000,67.7000,primary
602017372,2012-04-30,12:44:40.90,27.8950,52.4750,10.0000,3.0000,ML,TEH,4,1,175.6881,360.0000,308.2000,primary
602017375,2012-04-30,20:05:57.10,27.8270,52.4390,10.0000,2.6000,ML,TEH,3,1,184.5837,360.0000,324.2000,primary
602017486,2012-05-01,10:11:38.90,28.0350,52.5380,16.4000,3.0000,ML,TEH,6,1,159.0088,360.0000,304.9000,primary
602017489,2012-05-01,23:16:20.70,29.0700,51.9160,5.0000,2.6000,ML,TEH,6,2,78.9484,281.5000,281.5000,primary
601214414,2012-05-02,19:15:12.38,28.4713,52.9213,16.0000,3.7000,mb,ISC,36,5,21.1271,161.6000,59.8000,primary
602017896,2012-05-05,00:41:17.60,28.3240,52.2440,13.9000,2.5000,ML,TEH,5,3,144.5535,310.7000,310.7000,primary
602018005,2012-05-06,05:08:30.30,29.3810,52.0840,6.0000,2.6000,ML,TEH,6,3,50.0377,242.2000,242.2000,primary
602018008,2012-05-06,22:07:26.10,28.0020,52.5040,10.0000,2.6000,ML,TEH,7,2,118.9787,319.3000,280.2000,primary
601214724,2012-05-07,02:10:26.82,29.3621,52.0527,25.0000,3.6000,mb,ISC,31,5,51.1497,102.6000,91.0000,primary
602018315,2012-05-08,23:09:35.86,27.6659,52.2190,10.0000,3.1000,ML,ISC,18,1,162.3447,360.0000,213.4000,primary
602018734,2012-05-10,23:15:02.00,29.7971,50.6792,22.0000,2.8000,ML,ISC,17,1,112.3070,360.0000,114.5000,primary
602018735,2012-05-10,23:26:32.70,28.0170,52.3980,10.0000,2.7000,ML,TEH,4,1,166.7925,360.0000,315.3000,primary
601215197,2012-05-14,22:17:52.02,28.0301,51.6674,16.0000,3.4000,MS,ISC,15,2,194.5913,291.0000,82.2000,primary
602019509,2012-05-16,17:59:57.67,27.6425,52.3814,14.0000,3.0000,ML,ISC,9,1,151.2252,360.0000,216.3000,primary
602019732,2012-05-18,02:06:20.20,29.5300,52.4560,6.0000,2.6000,ML,TEH,5,3,65.6050,190.7000,190.7000,primary
601071863,2012-05-30,06:55:44.71,28.5929,52.3029,3.1000,3.7000,MS,ISC,355,5,75.6126,170.4000,27.1000,primary
601474448,2012-06-02,03:44:32.32,29.0144,52.9686,16.0000,3.7000,mb,ISC,39,4,81.1723,165.7000,84.1000,primary
601118787,2012-06-02,04:17:23.59,29.0555,52.9897,16.0000,4.0000,mb,ISC,79,4,80.0604,171.9000,52.2000,primary
601474573,2012-06-04,13:40:30.76,29.8016,50.8293,22.0000,3.8000,mb,ISC,25,2,97.8516,294.8000,104.4000,primary
605470015,2012-06-04,13:46:45.10,29.7800,50.8600,44.0000,2.6000,ML,CSEM,4,1,110.0830,360.0000,191.9000,primary
604846494,2012-06-04,19:04:20.90,29.7660,50.7050,10.0000,3.3000,ML,TEH,8,1,110.0830,360.0000,272.7000,primary
604846497,2012-06-05,03:04:59.30,29.7950,50.6680,10.0000,2.7000,ML,TEH,10,1,179.0240,360.0000,272.0000,primary
601474633,2012-06-05,21:38:09.22,29.7027,50.7181,24.0000,3.6000,mb,ISC,35,3,108.9711,296.4000,112.1000,primary
604846512,2012-06-06,03:21:07.30,29.7470,50.7000,4.4000,3.3000,ML,TEH,18,3,110.0830,298.5000,180.0000,primary
604846513,2012-06-06,19:20:53.80,29.8050,50.6070,23.2000,2.9000,ML,TEH,14,2,118.9787,355.9000,270.1000,primary
601107096,2012-06-06,19:55:18.32,29.7386,50.7452,25.0000,4.3000,mb,ISC,119,3,105.6352,296.3000,44.4000,primary
601456352,2012-06-06,20:02:40.72,29.7293,50.6910,25.0000,3.9000,mb,ISC,69,3,111.1950,298.4000,51.4000,primary
601107097,2012-06-06,20:10:39.40,29.7101,50.6958,20.5000,3.5000,MS,ISC,218,2,110.0830,297.7000,20.3000,primary
604846514,2012-06-06,20:16:46.10,29.7930,50.7530,10.1000,3.0000,ML,TEH,12,2,104.5233,355.3000,266.9000,primary
604846515,2012-06-06,20:36:08.90,29.8020,50.7380,7.7000,2.7000,ML,TEH,16,3,106.7472,298.7000,200.5000,primary
604846516,2012-06-06,20:41:51.20,29.8110,50.7280,9.5000,3.0000,ML,TEH,18,3,107.8591,299.4000,198.5000,primary
604846517,2012-06-06,20:48:34.40,29.8010,50.7710,9.6000,3.2000,ML,TEH,19,3,103.4113,297.2000,196.4000,primary
604846518,2012-06-06,20:58:25.40,29.8000,50.7450,11.4000,3.2000,ML,TEH,15,2,105.6352,355.6000,266.9000,primary
604846519,2012-06-06,21:18:15.50,29.8540,50.8380,11.7000,3.0000,ML,TEH,13,2,96.7396,356.8000,262.5000,primary
604846520,2012-06-06,21:21:20.30,29.5680,50.6750,14.4000,2.5000,ML,TEH,9,1,115.6428,360.0000,293.4000,primary
604846523,2012-06-06,21:22:13.90,29.7370,50.7270,10.0000,2.6000,ML,TEH,5,1,107.8591,360.0000,284.1000,primary
604846524,2012-06-06,21:29:29.80,29.6840,50.7660,18.9000,2.5000,ML,TEH,6,1,104.5233,360.0000,286.7000,primary
601474683,2012-06-06,21:56:23.29,29.7597,50.6759,22.0000,3.7000,mb,ISC,21,2,112.3070,354.8000,130.3000,primary
601128812,2012-06-06,22:14:42.88,29.7423,50.6401,20.4000,4.0000,mb,ISC,68,3,115.6428,301.0000,71.1000,primary
604846580,2012-06-07,00:06:04.20,29.8590,50.7660,10.0000,3.0000,ML,TEH,14,2,104.5233,299.7000,195.2000,primary
604846581,2012-06-07,00:09:28.50,29.8490,50.9320,10.0000,2.8000,ML,TEH,6,1,87.8440,360.0000,263.5000,primary
604846583,2012-06-07,04:42:56.20,29.7710,50.6860,10.0000,3.3000,ML,TEH,16,2,111.1950,299.8000,201.9000,primary
604846589,2012-06-07,20:01:19.20,29.8070,50.6480,2.0000,3.0000,ML,TEH,10,2,115.6428,302.4000,202.9000,primary
601110835,2012-06-08,16:15:13.96,29.7282,50.7158,25.6000,4.3000,MS,ISC,440,3,108.9711,297.3000,20.2000,primary
605621979,2012-06-08,16:21:20.58,29.7920,50.6229,22.0000,3.6000,ML,ISC,18,2,117.8667,303.0000,178.9000,primary
604846599,2012-06-08,16:23:41.20,29.8820,50.8020,10.0000,2.8000,ML,TEH,6,1,101.1874,360.0000,265.4000,primary
604846600,2012-06-08,16:28:28.10,29.7810,50.8040,10.0000,2.6000,ML,TEH,6,1,100.0755,360.0000,271.2000,primary
604846601,2012-06-08,16:31:17.50,29.8310,50.7360,8.0000,2.7000,ML,TEH,10,1,106.7472,360.0000,269.7000,primary
601474812,2012-06-08,16:42:06.17,29.7916,50.6743,22.0000,3.8000,mb,ISC,33,2,112.3070,300.9000,108.3000,primary
604846602,2012-06-08,16:51:37.10,29.8780,50.7990,5.5000,2.5000,ML,TEH,8,1,101.1874,360.0000,265.3000,primary
604846603,2012-06-08,16:56:10.90,29.7940,50.6980,6.8000,2.7000,ML,TEH,10,1,110.0830,360.0000,272.8000,primary
604846604,2012-06-08,17:06:23.40,29.8540,50.8240,6.1000,2.9000,ML,TEH,7,1,98.9635,360.0000,266.2000,primary
604846605,2012-06-08,17:19:02.60,29.9530,51.0140,10.0000,2.9000,ML,TEH,9,1,82.2843,360.0000,253.1000,primary
604846607,2012-06-08,18:33:58.70,29.7800,50.6790,4.4000,2.6000,ML,TEH,6,1,112.3070,360.0000,274.0000,primary
604846608,2012-06-08,20:25:44.20,29.8380,50.7980,10.0000,2.7000,ML,TEH,10,1,101.1874,360.0000,267.8000,primary
604846609,2012-06-08,20:39:45.10,29.6370,50.6020,6.7000,2.7000,ML,TEH,10,1,121.2026,360.0000,282.7000,primary
604846610,2012-06-08,21:20:33.30,29.9390,51.0430,10.0000,2.6000,ML,TEH,10,1,78.9484,360.0000,253.1000,primary
604846611,2012-06-08,21:25:51.08,29.7862,50.7985,22.0000,2.9000,ML,ISC,19,2,101.1874,295.6000,111.7000,primary
604846617,2012-06-09,04:29:48,29.8000,50.7740,10.0000,2.9000,ML,TEH,9,2,103.4113,355.5000,269.5000,primary
604846619,2012-06-09,06:38:16,29.7640,50.7260,10.0000,2.6000,ML,TEH,5,1,107.8591,360.0000,277.0000,primary
604846622,2012-06-09,10:40:18.40,29.7440,50.7780,10.0000,2.6000,ML,TEH,6,1,102.2994,360.0000,277.3000,primary
604846623,2012-06-09,11:52:32.70,29.5250,50.6010,10.0000,2.8000,ML,TEH,5,1,123.4265,360.0000,291.2000,primary
604846624,2012-06-09,12:34:11.30,29.2680,50.6650,10.0000,2.9000,ML,TEH,4,1,126.7623,360.0000,307.5000,primary
604846625,2012-06-09,16:17:28.70,29.5910,50.6800,13.5000,2.7000,ML,TEH,5,1,114.5309,360.0000,292.2000,primary
604846634,2012-06-10,07:12:31.90,29.7620,50.7770,10.0000,2.9000,ML,TEH,6,2,102.2994,354.6000,270.8000,primary
604846642,2012-06-11,05:40:04.80,29.8290,50.7810,5.0000,3.1000,ML,TEH,6,1,102.2994,360.0000,278.3000,primary
604846643,2012-06-11,09:35:02.50,29.3150,51.4390,6.0000,3.1000,ML,TEH,14,4,52.2616,201.2000,134.3000,primary
604846646,2012-06-11,18:38:21,29.7440,50.6910,10.0000,3.2000,ML,TEH,11,1,111.1950,360.0000,275.6000,primary
601119209,2012-06-12,05:12:09.20,29.7737,50.7298,22.0000,3.2000,MS,ISC,198,3,106.7472,298.1000,19.7000,primary
604846658,2012-06-12,13:40:27.80,29.7760,50.7810,10.0000,3.1000,ML,TEH,10,2,102.2994,354.9000,266.9000,primary
604846669,2012-06-13,09:21:36.70,29.7700,50.7230,10.0000,2.8000,ML,TEH,6,1,107.8591,360.0000,273.5000,primary
604846670,2012-06-13,10:28:33.40,29.8390,50.8230,10.0000,2.8000,ML,TEH,7,1,98.9635,360.0000,267.1000,primary
604846673,2012-06-13,20:22:51.30,29.6870,50.6770,10.0000,2.7000,ML,TEH,4,1,113.4189,360.0000,298.5000,primary
604846685,2012-06-14,09:13:51.20,29.7730,50.8020,7.3000,2.7000,ML,TEH,4,1,100.0755,360.0000,271.8000,primary
604846696,2012-06-15,16:52:42.30,29.3680,51.4080,5.9000,2.5000,ML,TEH,3,2,62.2692,331.1000,307.5000,primary
601475248,2012-06-16,16:53:26.20,28.4345,52.9980,11.7000,4.0000,mb,ISC,18,4,16.6792,182.0000,79.5000,primary
601128901,2012-06-16,19:23:20.28,29.1272,52.9639,16.0000,3.6000,mb,ISC,29,2,93.4038,278.4000,64.7000,primary
604846712,2012-06-17,16:54:39.30,29.5410,50.6140,10.0000,3.3000,ML,TEH,21,2,100.0755,298.7000,191.6000,primary
604846724,2012-06-24,13:33:20.50,29.5000,52.0470,7.2000,2.9000,ML,TEH,9,3,36.6944,256.5000,256.5000,primary
604846744,2012-06-29,20:17:58.20,27.5900,52.9170,22.4000,3.3000,ML,TEH,15,2,77.8365,332.6000,218.9000,primary
604846747,2012-07-01,00:57:23.10,29.7710,50.7120,11.1000,2.5000,ML,TEH,6,1,108.9711,360.0000,282.4000,primary
604846764,2012-07-03,14:08:50.20,28.1530,52.9810,18.1000,3.1000,ML,TEH,17,4,14.4553,293.7000,231.1000,primary
604846768,2012-07-05,01:51:23.60,29.8910,51.1580,10.0000,2.8000,ML,TEH,9,1,66.7170,360.0000,253.0000,primary
604846770,2012-07-05,08:01:15.90,29.2840,51.3340,10.0000,2.5000,ML,TEH,6,2,73.3887,332.4000,293.7000,primary
604846774,2012-07-06,00:20:39.20,29.4420,51.5050,12.6000,2.8000,ML,TEH,20,3,66.7170,239.3000,125.7000,primary
601505947,2012-07-06,22:20:11.90,27.1254,52.7985,10.0000,3.5000,mb,ISC,23,0,368.0555,360.0000,77.2000,primary
601664290,2012-07-08,15:03:24.66,28.0076,52.6324,15.0000,3.6000,mb,ISC,37,3,46.7019,297.4000,126.2000,primary
604846789,2012-07-11,03:33:42.10,29.8570,50.7610,10.0000,3.2000,ML,TEH,13,0,232.3975,360.0000,271.1000,primary
601625074,2012-07-16,19:53:48.03,28.8794,52.3421,12.0000,3.8000,mb,ISC,52,5,85.6201,133.2000,60.8000,primary
604846817,2012-07-18,04:28:04,29.0400,52.4380,8.0000,2.7000,ML,TEH,4,3,66.7170,248.4000,248.4000,primary
604846818,2012-07-18,04:54:37.90,29.9100,50.7590,8.5000,2.6000,ML,TEH,8,1,172.3522,360.0000,232.2000,primary
604846838,2012-07-22,02:31:06.60,29.0870,52.5240,18.3000,2.8000,ML,TEH,8,2,61.1572,237.2000,215.6000,primary
601666353,2012-07-24,01:58:59.48,27.8390,52.1310,26.0000,3.9000,mb,ISC,50,4,97.8516,262.2000,59.2000,primary
604846852,2012-07-24,23:24:16.90,29.7970,50.7540,10.0000,2.9000,ML,TEH,6,1,171.2403,360.0000,266.8000,primary
604846856,2012-07-26,04:44:28.40,28.5000,52.7530,22.7000,2.8000,ML,TEH,8,4,80.0604,260.2000,259.0000,primary
604846885,2012-08-02,19:40:34.70,29.2380,50.2120,10.0000,3.1000,ML,TEH,15,1,169.0164,360.0000,224.1000,primary
604846889,2012-08-07,18:10:54.90,28.9950,52.4430,5.0000,3.1000,ML,TEH,15,5,72.2767,210.4000,210.4000,primary
601765812,2012-08-13,22:46:56.70,28.0821,51.7183,16.0000,3.7000,mb,ISC,14,3,187.9195,288.5000,133.3000,primary
604846946,2012-08-14,13:01:59,29.7570,51.5670,10.0000,3.3000,ML,TEH,13,3,26.6868,339.4000,220.8000,primary
604846950,2012-08-15,04:35:16.70,29.6770,51.5600,10.0000,3.2000,ML,TEH,14,4,28.9107,325.3000,248.6000,primary
604846952,2012-08-16,02:17:09.80,29.8960,51.2250,10.0000,3.0000,ML,TEH,12,3,61.1572,349.1000,249.5000,primary
601765914,2012-08-16,02:29:40.63,29.7371,51.2729,22.0000,3.9000,mb,ISC,43,3,54.4855,350.3000,76.0000,primary
604846956,2012-08-16,12:55:45.20,29.5990,51.5260,10.0000,3.1000,ML,TEH,8,3,36.6944,329.6000,282.0000,primary
601565865,2012-08-18,19:17:29.77,27.8594,51.9647,8.5000,4.4000,mb,ISC,260,2,111.1950,359.3000,26.2000,primary
601766098,2012-08-18,19:29:04.86,28.0055,52.1717,15.0000,3.5000,mb,ISC,28,4,85.6201,282.1000,123.3000,primary
604084524,2012-08-19,03:26:40.78,27.8862,51.9636,15.0000,3.2000,ML,ISC,18,1,172.3522,360.0000,220.3000,primary
601766132,2012-08-19,04:48:05.17,28.6899,51.7155,15.0000,3.9000,mb,ISC,35,3,121.2026,269.7000,98.4000,primary
604084536,2012-08-21,23:46:53.78,28.6757,51.8675,15.0000,3.1000,ML,ISC,15,2,122.3145,317.5000,215.3000,primary
601766349,2012-08-23,08:34:46.42,29.4808,52.5041,12.9000,3.9000,mb,ISC,60,5,17.7912,137.1000,33.9000,primary
604846986,2012-09-02,00:48:57.74,29.7504,50.9305,22.0000,3.0000,ML,ISC,12,1,87.8440,360.0000,158.4000,primary
604084564,2012-09-03,07:41:19.06,27.2300,52.0948,8.0000,,,OMAN,4,0,620.4681,360.0000,180.7000,primary
601734439,2012-09-03,08:40:38.61,27.7323,52.7430,20.0000,4.0000,mb,ISC,72,3,65.6050,327.6000,77.2000,primary
604737946,2012-09-07,12:59:34.65,27.7863,52.7228,15.0000,4.0000,mb,ISC,34,3,61.1572,325.8000,168.9000,primary
606510584,2012-09-09,20:23:12.60,29.9810,50.7950,10.0000,3.1000,ML,TEH,19,2,103.4113,359.9000,190.8000,primary
601863686,2012-09-17,01:39:38.30,27.8941,52.3394,15.0000,3.9000,mb,ISC,65,4,76.7245,304.4000,59.2000,primary
601719510,2012-09-17,02:13:36.79,27.9414,52.3048,15.0000,4.5000,mb,ISC,249,4,76.7245,303.0000,62.0000,primary
604847019,2012-09-17,17:57:09.80,27.7660,52.7450,9.1000,3.3000,ML,TEH,28,3,62.2692,326.6000,166.7000,primary
601741002,2012-09-26,11:52:53.93,27.2739,52.8179,20.0000,3.5000,MS,ISC,119,2,113.4189,339.9000,29.7000,primary
601997341,2012-10-07,04:50:52.54,29.9358,50.9307,22.0000,3.6000,mb,ISC,64,3,90.0679,286.3000,56.6000,primary
601997586,2012-10-09,01:53:44.01,29.4565,52.0520,10.0000,3.6000,ML,ISC,62,6,41.1421,185.5000,94.8000,primary
601819790,2012-10-10,16:56:34.70,29.3065,52.4975,17.6000,4.2000,MS,ISC,721,6,36.6944,152.6000,13.3000,primary
601997790,2012-10-10,17:29:22.91,29.3515,52.4979,10.0000,4.0000,mb,ISC,48,6,32.2465,148.9000,57.0000,primary
601997792,2012-10-10,17:59:22.94,29.3386,52.5482,10.0000,3.7000,mb,ISC,51,6,33.3585,145.8000,69.3000,primary
606544496,2012-10-15,18:44:34.70,29.6930,50.8050,10.0000,3.5000,ML,TEH,34,3,100.0755,295.7000,206.7000,primary
606544497,2012-10-15,22:09:50,29.8090,50.9030,10.0000,3.0000,ML,TEH,16,3,90.0679,289.9000,257.1000,primary
601998619,2012-10-17,04:19:14.29,29.7731,50.8013,10.0000,3.8000,mb,ISC,40,2,100.0755,354.7000,133.7000,primary
601998730,2012-10-18,01:35:47.75,29.6360,51.4452,20.0000,4.0000,mb,ISC,53,5,41.1421,265.8000,117.1000,primary
601874173,2012-10-18,16:08:36.04,29.4491,51.3308,20.0000,4.2000,mb,ISC,118,4,61.1572,321.3000,42.9000,primary
606544500,2012-10-18,16:13:08.10,29.5000,51.3030,10.0000,3.4000,ML,TEH,19,4,60.0453,325.3000,222.8000,primary
606544502,2012-10-18,17:44:56.30,29.4700,51.2890,10.0000,3.1000,ML,TEH,17,4,63.3811,324.4000,224.0000,primary
601998870,2012-10-19,01:04:03.96,29.2958,52.4850,12.0000,3.8000,mb,ISC,45,6,38.9182,154.6000,72.8000,primary
606544504,2012-10-19,05:28:59.20,29.4630,51.2210,10.3000,3.3000,ML,TEH,24,4,68.9409,327.2000,208.8000,primary
601839309,2012-10-19,21:27:31.38,29.4183,51.2705,20.0000,3.4000,MS,ISC,202,4,67.8289,323.0000,39.5000,primary
601839310,2012-10-19,22:10:53.33,29.3060,52.4894,15.0000,4.5000,mb,ISC,262,6,37.8063,153.3000,39.4000,primary
606544505,2012-10-20,02:58:13.70,27.8200,51.1150,11.2000,3.4000,ML,TEH,23,1,191.2554,360.0000,256.7000,primary
604774858,2012-10-20,13:15:40.85,29.4155,51.2906,20.0000,3.4000,ML,ISC,26,5,66.7170,278.5000,86.9000,primary
606544506,2012-10-21,06:44:19.80,29.4520,51.2780,10.0000,3.1000,ML,TEH,19,5,65.6050,277.8000,207.7000,primary
604770426,2012-10-28,14:37:43.53,29.6906,50.7644,10.0000,3.5000,ML,ISC,34,2,104.5233,352.9000,86.0000,primary
606544532,2012-11-10,01:46:16,28.7350,51.8860,8.0000,3.0000,ML,TEH,15,5,115.6428,243.3000,230.9000,primary
606544534,2012-11-11,20:42:03.60,28.6940,51.8940,10.0000,3.1000,ML,TEH,17,6,115.6428,244.8000,229.5000,primary
604084707,2012-11-16,04:57:48.83,27.8010,51.9833,15.0000,3.3000,ML,ISC,21,2,112.3070,358.1000,213.0000,primary
601906500,2012-11-16,15:54:19.82,28.5223,51.3419,24.0000,3.2000,MS,ISC,70,3,163.4566,303.4000,67.6000,primary
602389932,2012-11-24,10:52:22.18,27.2848,52.8305,20.0000,3.5000,mb,ISC,46,2,112.3070,339.5000,51.4000,primary
601994308,2012-11-25,05:48:28.54,29.3708,51.2349,20.0000,3.6000,mb,ISC,30,5,74.5006,281.4000,136.8000,primary
606510642,2012-12-07,02:24:37,29.8420,51.8520,10.0000,3.1000,ML,TEH,16,3,6.6717,159.6000,150.1000,primary
606510651,2012-12-12,22:00:51.90,29.8840,50.7980,9.6000,3.0000,ML,TEH,17,2,145.6654,292.5000,250.9000,primary
604084770,2012-12-18,00:21:19.88,28.3185,52.1671,15.0000,2.9000,ML,DSN,7,0,507.0492,360.0000,350.0000,primary
606510667,2012-12-23,03:34:42.20,28.1690,52.0850,17.2000,3.2000,ML,TEH,10,3,151.2252,277.0000,259.1000,primary
602344854,2013-01-01,08:35:41.49,29.1750,51.3113,17.0000,4.0000,mb,ISC,111,3,84.5082,331.4000,62.2000,primary
602213342,2013-01-05,12:50:04.07,28.5672,51.9425,15.0000,4.2000,mb,ISC,154,2,131.2101,292.8000,44.3000,primary
602400878,2013-01-05,17:55:22.69,28.4801,51.8278,15.0000,3.4000,mb,ISC,40,3,143.4416,271.8000,90.0000,primary
602855201,2013-01-06,00:10:53.96,28.6206,51.8918,15.0000,3.7000,mb,ISC,55,2,127.8742,294.0000,48.6000,primary
604849046,2013-01-06,13:54:12.15,29.6002,51.5319,20.0000,3.4000,ML,ISC,32,2,35.5824,329.2000,119.3000,primary
606510713,2013-01-22,12:25:50.60,27.4240,52.5330,10.0000,3.3000,ML,TEH,18,1,105.6352,360.0000,215.7000,primary
606510725,2013-01-29,18:37:04.30,28.8750,51.2220,10.4000,3.1000,ML,TEH,6,1,151.2252,360.0000,300.2000,primary
606509316,2013-02-08,18:32:57.40,27.8140,52.7950,28.0000,3.1000,ML,TEH,10,2,55.5975,334.9000,274.3000,primary
606509319,2013-02-09,19:23:51.80,27.3790,52.5660,8.0000,3.4000,ML,TEH,13,2,108.9711,344.0000,242.2000,primary
602858422,2013-02-10,17:45:48.64,27.6800,52.8253,20.0000,3.6000,mb,ISC,36,1,68.9409,360.0000,65.3000,primary
602858873,2013-02-15,10:04:31.23,28.4855,52.2548,16.0000,3.7000,mb,ISC,24,5,75.6126,237.4000,155.8000,primary
602859398,2013-02-22,09:59:20.33,27.5539,52.7680,20.0000,3.7000,mb,ISC,26,2,83.3962,338.0000,184.6000,primary
602604853,2013-02-25,13:54:53.78,29.6608,52.1315,25.0000,3.8000,mb,ISC,78,5,31.1346,144.0000,55.3000,primary
607229123,2013-02-26,00:54:54.30,29.7400,51.4300,18.0000,2.5000,ML,THR,2,0,221.2780,360.0000,268.6000,primary
606509345,2013-02-27,23:50:46.20,27.9280,52.7910,18.4000,3.1000,ML,TEH,10,2,44.4780,335.6000,277.3000,primary
607229126,2013-02-28,14:56:49.10,29.6900,52.0900,40.0000,3.2000,ML,THR,2,1,177.9120,360.0000,247.4000,primary
605194833,2013-03-15,14:40:39.73,29.0890,52.0068,15.0000,3.1000,ML,DSN,8,0,529.2882,360.0000,260.6000,primary
606509369,2013-03-16,19:33:39.20,29.2040,51.2430,10.0000,3.1000,ML,TEH,13,4,86.7321,281.7000,233.1000,primary
606509384,2013-03-23,11:02:37.80,29.5630,52.0180,5.0000,3.1000,ML,TEH,20,3,30.0226,178.3000,178.3000,primary
606509387,2013-03-26,01:59:34.10,28.0930,51.1730,10.0000,3.1000,ML,TEH,12,2,179.0240,296.3000,273.4000,primary
605302496,2013-03-26,08:35:47.88,28.8472,51.5074,10.0000,,,OMAN,11,0,587.1096,360.0000,322.4000,primary
606509399,2013-04-03,15:35:11.10,29.3430,50.3270,10.8000,3.2000,ML,TEH,15,1,154.5610,360.0000,221.2000,primary
602917642,2013-04-07,04:33:59.61,28.4263,51.5215,10.0000,3.1000,MS,ISC,103,2,144.5535,299.5000,51.6000,primary
607304565,2013-04-09,11:52:50.19,28.4463,51.6290,12.8000,6.3000,MS,ISC,1986,4,149.0013,280.3000,11.2000,primary
603040199,2013-04-09,12:00:07.24,28.6639,51.9350,15.0000,4.3000,mb,ISC,7,0,899.5675,360.0000,132.1000,primary
603004211,2013-04-09,12:00:34.85,28.8096,51.9428,0.0000,4.3000,mb,IDC,4,0,4100.8716,360.0000,268.6000,primary
603040200,2013-04-09,12:00:59.41,28.8088,51.7694,0.0000,4.4000,mb,IDC,6,0,4095.3118,360.0000,148.0000,primary
603040202,2013-04-09,12:01:22.70,28.5146,51.7847,15.0000,4.4000,mb,ISC,24,0,900.6795,360.0000,130.3000,primary
603040204,2013-04-09,12:02:42.48,28.4628,51.7405,0.0000,4.0000,mb,IDC,5,0,900.6795,360.0000,134.7000,primary
608133010,2013-04-09,12:03:10.38,28.4083,51.7360,24.0000,4.0000,mb,ISC,9,0,897.3437,360.0000,134.5000,primary
602789283,2013-04-09,12:03:49.20,28.9210,51.5369,10.0000,4.4000,mb,ISC,39,0,947.3814,360.0000,132.0000,primary
602921169,2013-04-09,12:04:45.29,28.4258,51.7163,24.0000,4.7000,mb,ISC,162,3,150.1132,277.8000,40.5000,primary
603040205,2013-04-09,12:05:40.47,28.4102,51.6378,16.7000,5.4000,mb,ISC,644,4,133.4340,271.7000,25.4000,primary
603040207,2013-04-09,12:12:34.68,28.3264,51.6726,24.0000,3.8000,mb,ISC,7,0,896.2317,360.0000,135.2000,primary
602921170,2013-04-09,12:14:25.63,28.3848,51.5964,0.0000,3.7000,mb,IDC,5,0,4133.1182,360.0000,148.2000,primary
603040208,2013-04-09,12:15:12.23,28.4071,51.5596,24.0000,4.3000,mb,ISC,108,4,154.5610,283.7000,97.5000,primary
602921171,2013-04-09,12:18:10.09,28.3287,51.6530,24.0000,4.0000,mb,ISC,62,3,162.3447,282.8000,121.1000,primary
603040210,2013-04-09,12:27:05.96,28.3170,51.6954,24.0000,3.7000,mb,ISC,17,2,162.3447,336.6000,131.9000,primary
603040211,2013-04-09,12:28:48.90,28.3707,51.6532,24.0000,3.8000,mb,ISC,8,0,900.6795,360.0000,184.4000,primary
602921172,2013-04-09,12:31:38.93,28.3892,51.5123,24.0000,4.1000,mb,ISC,82,3,144.5535,277.4000,80.1000,primary
603040212,2013-04-09,12:33:19.54,28.4388,51.4922,24.0000,3.7000,mb,ISC,7,0,2062.6672,360.0000,268.8000,primary
603040213,2013-04-09,12:39:19.32,28.4282,51.6738,24.0000,3.5000,mb,ISC,11,0,902.9034,360.0000,183.9000,primary
602770259,2013-04-09,12:41:04.90,28.4315,51.6860,13.1000,4.7000,mb,ISC,280,4,128.9862,268.8000,50.8000,primary
603040214,2013-04-09,12:44:42.25,28.4114,51.7410,15.0000,3.9000,mb,ISC,12,0,896.2317,360.0000,131.2000,primary
603007180,2013-04-09,12:46:38.42,28.0029,51.9337,26.0000,3.8000,mb,ISC,24,0,2127.1603,360.0000,171.1000,primary
602770261,2013-04-09,12:47:48.91,28.4611,51.6485,24.0000,4.7000,mb,ISC,280,4,132.3220,269.1000,68.7000,primary
602770264,2013-04-09,12:52:57.32,28.4384,51.6268,24.0000,4.3000,mb,ISC,94,4,134.5459,271.0000,96.8000,primary
603040216,2013-04-09,12:58:33.80,28.3088,51.5016,24.0000,3.8000,mb,ISC,32,2,166.7925,337.8000,126.6000,primary
602917651,2013-04-09,13:01:48.24,28.1623,51.8064,26.0000,3.5000,mb,ISC,7,0,2106.0333,360.0000,219.1000,primary
603040217,2013-04-09,13:02:17.53,28.3486,51.7049,24.0000,3.9000,mb,ISC,39,0,895.1198,360.0000,80.2000,primary
602770266,2013-04-09,13:03:25.35,28.3100,51.6879,24.0000,4.2000,mb,ISC,141,4,127.8742,274.3000,50.8000,primary
603040222,2013-04-09,13:10:41.82,28.3400,51.7952,24.0000,3.8000,mb,ISC,6,0,887.3361,360.0000,134.3000,primary
603040225,2013-04-09,13:11:29.21,28.4474,51.8846,0.0000,4.4000,MS,IDC,6,0,888.4480,360.0000,135.2000,primary
602770267,2013-04-09,13:30:45.51,28.4194,51.6212,24.0000,4.7000,mb,ISC,308,5,134.5459,272.0000,35.3000,primary
603040226,2013-04-09,13:35:12.48,28.0964,51.4566,0.0000,3.5000,mb,IDC,4,0,898.4556,360.0000,145.0000,primary
602770269,2013-04-09,13:36:36.38,28.2949,51.5954,16.0000,4.2000,mb,ISC,92,5,136.7698,278.1000,121.3000,primary
602917652,2013-04-09,13:42:04.89,28.4154,51.6096,24.0000,4.0000,mb,ISC,47,4,152.3372,281.8000,134.9000,primary
602921173,2013-04-09,13:54:00.19,28.2013,51.5584,24.0000,3.8000,mb,ISC,29,2,176.8000,338.8000,127.1000,primary
602921174,2013-04-09,14:00:43.45,28.2433,51.6054,24.0000,3.5000,mb,ISC,20,3,171.2403,286.6000,136.1000,primary
602921175,2013-04-09,14:16:52.02,28.3693,51.6891,15.0000,3.7000,mb,ISC,30,3,156.7849,280.4000,123.9000,primary
602917653,2013-04-09,14:22:26.24,28.3408,51.5959,24.0000,3.9000,mb,ISC,64,5,136.7698,276.2000,96.2000,primary
606509412,2013-04-09,14:28:43.80,28.5150,51.7180,19.0000,3.2000,ML,TEH,5,3,141.2176,274.9000,274.9000,primary
602770271,2013-04-09,14:44:54.86,28.4271,51.6322,24.0000,4.7000,mb,ISC,363,5,133.4340,271.2000,22.0000,primary
603040233,2013-04-09,14:48:21.40,28.0800,51.7850,15.0000,4.0000,mb,ISC,12,3,182.3598,287.0000,136.5000,primary
603040235,2013-04-09,15:00:22.88,28.1094,51.7385,15.0000,3.6000,mb,ISC,16,4,185.6956,287.1000,136.5000,primary
602770272,2013-04-09,15:05:45.92,28.1410,51.6882,10.0000,4.2000,mb,ISC,133,5,128.9862,282.1000,71.2000,primary
603040237,2013-04-09,15:12:00.95,28.1928,51.7041,15.0000,3.5000,mb,ISC,15,4,176.8000,285.4000,136.0000,primary
602770273,2013-04-09,15:17:39.58,28.3830,51.5883,24.0000,3.5000,mb,ISC,45,5,137.8818,274.7000,125.2000,primary
602917654,2013-04-09,15:26:14.93,28.3166,51.5574,24.0000,3.9000,mb,ISC,65,5,140.1057,278.5000,96.4000,primary
603040238,2013-04-09,15:34:03.14,28.3631,51.1544,10.0000,3.6000,mb,ISC,10,0,2043.7641,360.0000,148.2000,primary
606509413,2013-04-09,16:18:12.80,28.5430,51.5740,28.0000,3.1000,ML,TEH,7,2,138.9937,279.9000,279.9000,primary
602917656,2013-04-09,16:20:23.86,28.4789,51.6993,24.0000,3.8000,mb,ISC,62,4,127.8742,266.1000,69.0000,primary
603040241,2013-04-09,16:27:05.78,28.3730,51.5753,24.0000,3.7000,mb,ISC,44,4,157.8969,284.1000,121.2000,primary
602770275,2013-04-09,16:32:34.27,28.3815,51.5858,24.0000,4.1000,MS,ISC,289,5,137.8818,274.9000,51.3000,primary
606509415,2013-04-09,16:53:33.40,28.6180,51.6210,9.5000,3.1000,ML,TEH,7,3,130.0981,309.9000,300.2000,primary
606509416,2013-04-09,17:04:24.20,28.5200,51.6510,18.8000,3.0000,ML,TEH,9,3,141.2176,311.7000,303.5000,primary
603040245,2013-04-09,17:18:45.55,28.3505,51.7388,24.0000,3.6000,mb,ISC,9,0,892.8958,360.0000,134.8000,primary
602770276,2013-04-09,17:21:01.34,28.4473,51.6729,24.0000,3.6000,MS,ISC,167,5,130.0981,268.6000,67.2000,primary
602921177,2013-04-09,17:27:55.44,28.3662,51.6027,24.0000,4.1000,mb,ISC,86,5,135.6579,274.9000,118.8000,primary
603040248,2013-04-09,17:33:45.34,28.4181,51.7333,24.0000,3.5000,mb,ISC,33,4,151.2252,277.4000,121.4000,primary
602921178,2013-04-09,18:03:23.77,28.1475,51.6626,10.0000,3.2000,MS,ISC,53,4,181.2478,287.8000,71.8000,primary
603040249,2013-04-09,18:09:54.66,28.2185,51.8802,26.0000,3.5000,mb,ISC,8,0,872.8807,360.0000,135.1000,primary
602921179,2013-04-09,18:46:52.86,28.3827,51.6165,24.0000,4.1000,mb,ISC,82,5,134.5459,273.6000,96.0000,primary
606509417,2013-04-09,18:53:26.60,28.5010,51.5800,10.8000,3.0000,ML,TEH,6,3,143.4416,313.6000,311.7000,primary
606509418,2013-04-09,18:55:47.30,28.5080,51.5310,9.4000,3.0000,ML,TEH,8,3,144.5535,314.5000,279.1000,primary
602772007,2013-04-09,18:59:10.14,28.4304,51.6485,24.0000,4.3000,mb,ISC,150,5,132.3220,270.4000,120.3000,primary
602772009,2013-04-09,19:10:34.23,28.3404,51.5917,16.2000,4.2000,mb,ISC,142,4,161.2327,284.4000,87.7000,primary
606509419,2013-04-09,19:27:25.90,28.5550,51.7520,16.6000,3.2000,ML,TEH,9,4,135.6579,272.3000,272.3000,primary
602921180,2013-04-09,19:37:10.45,28.2542,51.7306,24.0000,4.2000,mb,ISC,99,4,169.0164,282.8000,118.9000,primary
602938850,2013-04-09,19:39:00.10,27.9840,51.7050,0.0000,3.2000,ML,ISN,4,0,634.9235,360.0000,341.7000,primary
602921181,2013-04-09,19:51:39.36,28.4746,51.7036,24.0000,3.7000,mb,ISC,43,5,127.8742,266.0000,123.0000,primary
604849335,2013-04-09,19:54:25.18,28.2928,51.4305,24.0000,3.2000,ML,ISC,12,2,169.0164,338.5000,234.0000,primary
606509420,2013-04-09,19:55:41,28.3530,51.8530,10.0000,3.3000,ML,TEH,4,4,156.7849,275.6000,275.6000,primary
602772013,2013-04-09,20:06:09.97,28.3169,51.5874,0.0000,3.5000,MS,IDC,9,0,901.7914,360.0000,185.1000,primary
603040254,2013-04-09,20:06:51.37,28.3604,51.5658,11.8000,4.6000,mb,ISC,282,5,138.9937,276.5000,43.3000,primary
603040257,2013-04-09,20:13:32.57,28.3871,51.6453,24.0000,3.3000,ML,ISC,25,5,132.3220,272.4000,173.4000,primary
606509421,2013-04-09,20:17:27,28.4470,51.6780,10.0000,3.1000,ML,TEH,11,5,128.9862,268.5000,268.5000,primary
603040258,2013-04-09,20:19:57.93,28.4413,51.6208,0.0000,3.4000,MS,IDC,6,0,3136.8110,360.0000,218.3000,primary
602772015,2013-04-09,20:54:18.03,28.3110,51.6604,17.9000,4.1000,MS,ISC,453,5,130.0981,275.2000,65.7000,primary
602772016,2013-04-09,21:01:53.53,28.3783,51.5959,24.0000,4.1000,mb,ISC,105,3,136.7698,274.6000,96.1000,primary
602772017,2013-04-09,21:18:22.04,28.3720,51.6392,24.0000,3.5000,MS,ISC,151,5,132.3220,273.3000,61.8000,primary
606509422,2013-04-09,21:24:35.90,28.5260,51.6490,17.0000,3.0000,ML,TEH,6,4,140.1057,277.4000,277.3000,primary
603040262,2013-04-09,21:27:02.07,28.3598,51.6802,24.0000,3.6000,mb,ISC,18,4,157.8969,281.0000,124.8000,primary
606509423,2013-04-09,21:35:26.60,28.6100,51.7740,24.1000,3.0000,ML,TEH,6,3,130.0981,306.4000,306.4000,primary
606509424,2013-04-09,21:39:24.10,28.4390,51.6920,8.0000,3.2000,ML,TEH,8,4,149.0013,278.2000,278.2000,primary
603040263,2013-04-09,21:40:37.50,28.1345,51.6446,15.0000,3.2000,mb,ISC,11,3,183.4717,288.6000,186.3000,primary
603040264,2013-04-09,21:41:47.59,28.2855,51.5660,24.0000,3.5000,mb,ISC,19,4,167.9044,286.6000,148.3000,primary
602772019,2013-04-09,21:53:41.29,28.4058,51.6275,24.0000,3.4000,MS,ISC,245,5,133.4340,272.3000,118.5000,primary
603040267,2013-04-09,22:15:37.26,28.4156,51.6221,24.0000,3.6000,mb,ISC,31,5,134.5459,272.1000,131.5000,primary
602772020,2013-04-09,22:20:46.87,28.4039,51.5144,24.0000,3.7000,mb,ISC,71,4,144.5535,276.9000,121.4000,primary
603040268,2013-04-09,22:23:34.46,28.2725,51.6269,24.0000,3.5000,mb,ISC,28,5,133.4340,277.9000,125.1000,primary
603040271,2013-04-09,22:36:13.36,28.0444,51.5836,10.0000,3.5000,mb,ISC,52,3,140.1057,288.6000,96.9000,primary
606509425,2013-04-09,22:49:10,28.4870,51.5720,10.0000,3.4000,ML,TEH,11,4,145.6654,281.4000,279.4000,primary
606509426,2013-04-09,22:51:10.60,28.5010,51.7330,17.3000,3.4000,ML,TEH,7,5,142.3296,274.8000,274.8000,primary
602921183,2013-04-09,23:12:37.38,28.3736,51.6983,24.0000,3.5000,mb,ISC,53,4,126.7623,270.9000,120.5000,primary
602921184,2013-04-09,23:19:28.29,28.2835,51.7067,15.0000,3.6000,mb,ISC,39,5,125.6503,274.8000,124.4000,primary
603040278,2013-04-09,23:20:07.99,28.3106,51.8638,15.0000,3.5000,mb,ISC,11,0,880.6644,360.0000,134.7000,primary
604849343,2013-04-09,23:32:55.36,28.4143,51.6212,24.0000,3.7000,ML,ISC,18,5,134.5459,272.2000,231.6000,primary
606509427,2013-04-09,23:33:33.87,28.1612,51.8132,26.0000,3.3000,MS,ISC,122,4,176.8000,283.6000,68.1000,primary
607835104,2013-04-09,23:43:06.20,27.3900,51.5100,25.4000,3.4000,ML,THR,1,0,588.2215,360.0000,360.0000,primary
603040281,2013-04-10,00:24:56.22,28.3393,51.4958,24.0000,3.6000,mb,ISC,54,4,146.7774,279.8000,99.9000,primary
603040282,2013-04-10,00:36:17.22,28.3919,51.5786,24.0000,3.1000,MS,ISC,58,5,138.9937,274.8000,51.5000,primary
603040283,2013-04-10,00:40:12.02,28.2903,51.5945,24.0000,3.6000,mb,ISC,15,4,166.7925,285.7000,185.4000,primary
606509429,2013-04-10,00:50:04.80,28.3580,51.7300,19.1000,3.1000,ML,TEH,4,3,157.8969,314.3000,314.3000,primary
602772026,2013-04-10,01:00:23.22,28.3035,51.6437,19.7000,4.2000,MS,ISC,604,5,131.2101,276.1000,37.5000,primary
602921185,2013-04-10,01:28:32.70,28.1711,51.5918,24.0000,3.5000,mb,ISC,31,4,137.8818,283.3000,127.1000,primary
602921186,2013-04-10,01:34:18.54,28.1312,51.8707,26.0000,3.7000,mb,ISC,51,5,111.1950,278.2000,116.5000,primary
603040286,2013-04-10,01:38:47.00,28.3854,51.5513,24.0000,3.7000,mb,ISC,24,4,141.2176,299.5000,202.1000,primary
602772030,2013-04-10,01:58:28.37,28.4184,51.7244,14.8000,5.3000,MS,ISC,1425,5,124.5384,267.7000,20.2000,primary
603040288,2013-04-10,02:10:14.85,28.1527,51.4841,16.0000,3.9000,mb,ISC,8,0,899.5675,360.0000,137.1000,primary
602921187,2013-04-10,02:26:59.30,28.2193,51.8038,26.0000,3.9000,mb,ISC,53,5,116.7548,275.1000,120.8000,primary
602772031,2013-04-10,02:48:04.80,28.1812,51.8728,26.0000,4.0000,MS,ISC,194,5,110.0830,275.3000,66.6000,primary
602921188,2013-04-10,02:58:08.34,28.1848,51.8017,15.0000,3.8000,mb,ISC,39,5,116.7548,277.0000,135.7000,primary
603040290,2013-04-10,03:10:48.26,28.3757,51.6522,24.0000,3.6000,mb,ISC,30,5,131.2101,272.6000,135.0000,primary
603040291,2013-04-10,03:24:06.69,28.1706,51.6962,16.0000,3.6000,mb,ISC,23,5,126.7623,280.5000,136.2000,primary
602772032,2013-04-10,03:35:54.37,28.3041,51.6696,24.0000,3.8000,mb,ISC,52,5,128.9862,275.2000,122.2000,primary
603040294,2013-04-10,03:42:56.89,28.3065,51.7481,24.0000,3.5000,mb,ISC,18,4,163.4566,280.5000,132.3000,primary
606509431,2013-04-10,03:51:40.20,28.5320,51.5870,26.3000,3.2000,ML,TEH,17,5,140.1057,269.1000,244.5000,primary
606509433,2013-04-10,04:12:05.50,28.3780,51.6220,5.0000,3.2000,ML,TEH,17,5,134.5459,273.6000,243.0000,primary
602921189,2013-04-10,04:25:16.31,28.3673,51.5963,24.0000,3.8000,mb,ISC,50,5,136.7698,275.1000,174.8000,primary
606509434,2013-04-10,04:31:43.90,28.2750,51.7690,28.0000,3.2000,ML,TEH,18,3,166.7925,281.0000,244.3000,primary
606509436,2013-04-10,04:51:51.70,28.5910,51.6230,5.6000,3.0000,ML,TEH,9,4,133.4340,276.7000,267.1000,primary
603040296,2013-04-10,04:58:02.05,28.2378,51.8077,15.0000,3.6000,mb,ISC,33,5,115.6428,273.9000,74.5000,primary
603040297,2013-04-10,05:06:52.91,28.1745,51.7454,24.0000,3.8000,mb,ISC,27,4,122.3145,279.0000,136.0000,primary
603040298,2013-04-10,05:17:24.10,28.1664,51.7585,26.0000,3.6000,mb,ISC,26,4,121.2026,279.0000,136.0000,primary
606509437,2013-04-10,05:38:21.50,28.4770,51.4860,5.0000,3.2000,ML,TEH,8,2,147.8894,335.8000,273.5000,primary
602921190,2013-04-10,05:43:15.95,28.2330,51.6459,16.0000,4.1000,mb,ISC,64,4,131.2101,279.0000,97.3000,primary
602772035,2013-04-10,06:18:32.84,28.2857,51.7686,15.0000,3.4000,MS,ISC,140,4,118.9787,272.7000,121.4000,primary
602921191,2013-04-10,06:32:01.65,28.1955,51.7266,24.0000,3.7000,mb,ISC,35,4,123.4265,278.5000,131.5000,primary
603040301,2013-04-10,06:38:48.86,28.1684,51.7765,26.0000,3.4000,mb,ISC,15,3,177.9120,284.4000,135.9000,primary
602772037,2013-04-10,07:10:42.61,28.2362,51.7188,22.0000,4.5000,MS,ISC,406,3,171.2403,283.6000,40.4000,primary
602772038,2013-04-10,07:20:36.98,28.1676,51.7269,16.0000,4.3000,mb,ISC,91,3,179.0240,285.6000,70.8000,primary
603040305,2013-04-10,07:44:42.79,28.0704,51.7429,16.0000,3.7000,mb,ISC,7,0,873.9927,360.0000,133.3000,primary
603040308,2013-04-10,07:44:55.14,28.1536,51.7914,16.0000,3.9000,mb,ISC,8,0,875.1046,360.0000,132.6000,primary
602921192,2013-04-10,07:47:41.21,28.1503,51.7812,16.0000,3.8000,mb,ISC,11,0,876.2166,360.0000,132.7000,primary
603040309,2013-04-10,07:54:31.45,27.8323,51.5225,0.0000,3.5000,mb,IDC,4,0,876.2166,360.0000,139.1000,primary
603040312,2013-04-10,07:54:50.90,28.1104,51.7895,16.0000,3.6000,mb,ISC,6,0,872.8807,360.0000,136.3000,primary
602772039,2013-04-10,07:59:59.93,28.3806,51.7172,14.1000,4.7000,MS,ISC,734,3,155.6730,279.2000,20.5000,primary
603040313,2013-04-10,08:06:59.52,28.4569,51.6750,0.0000,3.8000,mb,IDC,4,0,905.1273,360.0000,134.4000,primary
602773290,2013-04-10,08:08:36.02,28.4366,51.7024,17.9000,4.4000,mb,ISC,107,3,149.0013,277.9000,70.9000,primary
606509438,2013-04-10,08:24:42.80,28.5770,51.6130,17.6000,3.2000,ML,TEH,8,3,135.6579,277.5000,267.7000,primary
603040314,2013-04-10,08:41:34.91,28.1473,51.7767,24.0000,3.6000,mb,ISC,19,4,180.1359,285.0000,136.0000,primary
602773291,2013-04-10,08:59:52.62,28.4115,51.6988,24.0000,4.1000,mb,ISC,83,5,126.7623,269.1000,95.6000,primary
604849356,2013-04-10,09:10:59.53,28.3766,51.6567,24.0000,3.6000,ML,ISC,37,5,131.2101,272.4000,169.0000,primary
606509440,2013-04-10,09:17:54.80,28.4410,51.6910,5.0000,3.5000,ML,TEH,14,3,149.0013,278.2000,270.8000,primary
604849358,2013-04-10,09:21:09.65,28.2608,51.6392,24.0000,3.3000,ML,ISC,39,3,169.0164,285.2000,182.5000,primary
602773293,2013-04-10,09:29:55.19,28.3881,51.6188,24.0000,3.3000,MS,ISC,95,3,155.6730,282.2000,67.0000,primary
606509441,2013-04-10,09:36:21.20,28.4140,51.6000,4.8000,3.4000,ML,TEH,13,3,153.4491,282.2000,273.3000,primary
603040319,2013-04-10,09:41:19.81,28.4512,51.6558,24.0000,3.8000,mb,ISC,48,4,131.2101,269.2000,118.2000,primary
603040320,2013-04-10,10:05:30.51,28.2915,51.6380,24.0000,4.0000,mb,ISC,31,2,165.6805,337.3000,93.8000,primary
602773295,2013-04-10,10:54:54.40,28.4141,51.6390,24.0000,4.0000,mb,ISC,64,3,152.3372,280.8000,100.0000,primary
604849360,2013-04-10,11:11:48.90,28.5188,51.8105,15.0000,3.3000,ML,ISC,18,5,140.1057,271.1000,215.6000,primary
606509442,2013-04-10,11:14:51.20,28.5240,51.4990,16.3000,3.2000,ML,TEH,10,3,143.4416,314.8000,271.8000,primary
604849362,2013-04-10,11:20:20.46,28.4411,51.6888,15.0000,3.5000,ML,ISC,26,4,127.8742,268.2000,218.9000,primary
602921193,2013-04-10,11:37:55.93,28.0343,51.4205,16.0000,3.6000,mb,ISC,21,1,197.9271,360.0000,188.3000,primary
606509443,2013-04-10,11:45:59.30,28.4260,51.5700,8.5000,3.2000,ML,TEH,16,4,140.1057,273.8000,254.5000,primary
602921194,2013-04-10,12:16:33.91,28.1528,51.7774,26.0000,3.5000,MS,ISC,64,4,118.9787,279.2000,83.6000,primary
606509444,2013-04-10,12:19:32.40,28.3740,51.7310,5.0000,3.4000,ML,TEH,6,3,155.6730,278.9000,272.4000,primary
602777207,2013-04-10,12:40:19.96,28.3294,51.6034,26.6000,3.7000,MS,ISC,395,4,135.6579,276.4000,44.3000,primary
606509445,2013-04-10,12:56:11.50,28.2840,51.7300,13.0000,3.4000,ML,TEH,8,3,165.6805,281.9000,275.7000,primary
606509446,2013-04-10,13:31:19,28.4890,51.6270,5.0000,3.1000,ML,TEH,10,3,144.5535,279.2000,270.3000,primary
606509448,2013-04-10,13:47:00.40,28.4250,51.5850,10.4000,3.3000,ML,TEH,10,3,152.3372,282.4000,273.2000,primary
606509449,2013-04-10,14:16:22.10,28.4440,51.6450,5.0000,3.4000,ML,TEH,9,3,149.0013,279.8000,271.5000,primary
602917658,2013-04-10,15:32:49.53,28.4243,51.6774,24.0000,4.0000,mb,ISC,77,3,128.9862,269.5000,95.6000,primary
603040332,2013-04-10,16:15:11.08,28.1794,51.6989,16.0000,3.5000,mb,ISC,22,4,126.7623,280.0000,178.4000,primary
603040333,2013-04-10,16:29:44.84,28.3671,51.6496,15.0000,3.7000,mb,ISC,39,5,131.2101,273.1000,173.5000,primary
602917659,2013-04-10,16:35:33.15,28.1827,51.8099,26.0000,3.5000,MS,ISC,102,5,115.6428,276.8000,70.2000,primary
602777213,2013-04-10,16:54:22.10,28.1642,51.7325,16.0000,3.0000,MS,ISC,146,5,123.4265,279.8000,44.9000,primary
602921196,2013-04-10,18:50:34.10,28.4719,51.6609,24.0000,3.4000,mb,ISC,35,4,131.2101,268.1000,69.3000,primary
602921197,2013-04-10,18:57:02.54,28.3722,51.5441,24.0000,3.6000,mb,ISC,48,4,141.2176,276.9000,124.8000,primary
602780309,2013-04-10,19:22:52.52,28.0764,51.7148,12.6000,4.7000,mb,ISC,365,5,126.7623,284.5000,66.6000,primary
602780311,2013-04-10,19:41:57.83,28.3762,51.6265,24.0000,4.0000,mb,ISC,98,5,133.4340,273.6000,90.4000,primary
604849370,2013-04-10,19:57:15.99,28.4197,51.5825,24.0000,3.7000,mb,ISC,28,4,152.3372,282.7000,201.7000,primary
603040338,2013-04-10,20:04:07.14,28.3701,51.5994,24.0000,3.6000,mb,ISC,52,5,136.7698,274.9000,122.2000,primary
602921198,2013-04-10,20:08:33.21,28.3850,51.6581,24.0000,3.9000,mb,ISC,79,5,131.2101,272.0000,120.6000,primary
603040353,2013-04-10,20:53:01.48,28.0774,51.4922,16.0000,3.7000,mb,ISC,38,2,149.0013,289.4000,167.7000,primary
603040355,2013-04-10,20:56:15.28,28.2134,51.6074,10.0000,3.5000,mb,ISC,16,3,174.5761,287.4000,165.9000,primary
602921199,2013-04-10,21:45:16.31,28.1090,51.7345,16.0000,3.6000,mb,ISC,27,4,124.5384,282.5000,136.5000,primary
603040366,2013-04-10,21:52:10.47,28.3744,51.6119,24.0000,3.6000,mb,ISC,22,4,156.7849,282.9000,135.2000,primary
602780664,2013-04-10,22:58:00.80,28.3906,51.5659,24.0000,4.1000,mb,ISC,111,4,140.1057,275.4000,118.8000,primary
602780321,2013-04-10,23:35:19.96,28.3012,51.7276,24.0000,4.0000,mb,ISC,126,4,123.4265,273.3000,95.7000,primary
603040374,2013-04-10,23:53:28.13,28.4302,51.6932,15.0000,3.3000,mb,ISC,49,4,127.8742,268.5000,121.6000,primary
606509450,2013-04-11,00:03:18.30,28.2050,51.7420,5.0000,3.2000,ML,TEH,23,3,174.5761,284.0000,217.6000,primary
606509451,2013-04-11,00:09:01.50,28.4270,51.7630,12.5000,3.0000,ML,TEH,15,3,150.1132,276.0000,241.8000,primary
606509452,2013-04-11,00:19:02.80,28.2510,51.8010,13.0000,3.1000,ML,TEH,15,3,169.0164,280.9000,245.2000,primary
606509453,2013-04-11,01:50:17.20,28.4040,51.6370,5.0000,3.0000,ML,TEH,22,3,153.4491,281.1000,239.6000,primary
602780324,2013-04-11,02:03:24.87,28.3815,51.5815,29.5000,4.1000,MS,ISC,580,4,137.8818,275.1000,20.6000,primary
606509454,2013-04-11,02:36:46.80,28.5470,51.6910,20.0000,3.2000,ML,TEH,18,4,136.7698,275.0000,227.5000,primary
603040377,2013-04-11,02:42:59.67,28.2303,51.5059,24.0000,3.2000,MS,ISC,48,3,145.6654,283.5000,81.6000,primary
603040378,2013-04-11,03:28:36.94,28.3743,51.6592,24.0000,3.9000,mb,ISC,51,5,130.0981,272.4000,130.2000,primary
606509455,2013-04-11,03:42:11.30,28.4530,51.6720,23.9000,3.2000,ML,TEH,14,4,147.8894,278.5000,237.6000,primary
606509456,2013-04-11,03:53:45.50,28.5350,51.7540,10.0000,3.1000,ML,TEH,7,4,137.8818,272.9000,272.9000,primary
606509457,2013-04-11,05:38:56.60,28.2900,51.5040,5.0000,3.4000,ML,TEH,21,3,145.6654,281.3000,224.8000,primary
603040384,2013-04-11,05:54:06.05,28.3602,51.6005,24.0000,3.8000,mb,ISC,39,4,135.6579,275.2000,124.5000,primary
606509458,2013-04-11,06:48:27.60,28.3810,51.5980,5.0000,3.3000,ML,TEH,12,4,136.7698,274.5000,265.8000,primary
606509459,2013-04-11,07:41:45.10,28.2940,51.7160,5.0000,3.1000,ML,TEH,11,3,164.5686,282.0000,275.5000,primary
606509460,2013-04-11,07:46:37.40,28.2280,51.8180,15.1000,3.1000,ML,TEH,9,3,171.2403,281.2000,276.5000,primary
606509461,2013-04-11,08:42:38.90,28.4790,51.6690,10.1000,3.1000,ML,TEH,12,3,144.5535,277.8000,236.6000,primary
606509462,2013-04-11,08:50:41.20,28.2790,51.9400,31.2000,3.0000,ML,TEH,7,3,161.2327,276.0000,276.0000,primary
602780763,2013-04-11,09:04:12.85,28.2247,51.6587,16.0000,3.2000,MS,ISC,135,4,130.0981,279.1000,51.1000,primary
603007188,2013-04-11,09:41:23.31,28.4408,51.6170,24.0000,4.0000,mb,ISC,77,4,135.6579,271.3000,69.1000,primary
604849384,2013-04-11,10:56:57.67,28.4410,51.6546,15.0000,3.1000,ML,ISC,11,3,149.0013,279.5000,220.5000,primary
606509463,2013-04-11,11:40:35.40,28.5460,51.5590,5.0000,3.3000,ML,TEH,6,3,138.9937,280.4000,274.3000,primary
603040393,2013-04-11,11:50:37.08,28.2978,51.5960,24.0000,3.9000,mb,ISC,31,4,136.7698,278.0000,135.7000,primary
606509464,2013-04-11,14:00:53.06,28.3702,51.6704,24.0000,3.6000,ML,ISC,23,4,128.9862,272.1000,203.6000,primary
606509465,2013-04-11,14:54:16,28.2000,51.5930,13.9000,3.1000,ML,TEH,6,3,176.8000,288.1000,288.1000,primary
603040399,2013-04-11,15:32:19.14,28.4181,51.6600,24.0000,3.8000,mb,ISC,66,5,131.2101,270.5000,121.7000,primary
602843998,2013-04-11,15:56:57.40,28.3459,51.6913,24.0000,4.0000,mb,ISC,86,4,126.7623,272.5000,95.8000,primary
602784867,2013-04-11,16:21:34.37,28.4334,51.7020,24.0000,4.5000,mb,ISC,234,4,126.7623,268.0000,52.5000,primary
606509466,2013-04-11,17:48:56.20,28.4700,51.6390,11.3000,3.2000,ML,TEH,13,3,146.7774,279.2000,261.2000,primary
602786636,2013-04-11,22:24:31.28,28.1245,51.5880,16.0000,3.4000,MS,ISC,187,4,138.9937,285.3000,51.3000,primary
603040417,2013-04-11,22:36:11.51,28.0948,51.5852,16.0000,3.8000,mb,ISC,54,3,138.9937,286.6000,123.6000,primary
602921203,2013-04-11,22:38:57.39,28.3604,51.6534,24.0000,3.7000,mb,ISC,51,4,131.2101,273.2000,124.2000,primary
604849391,2013-04-11,23:58:04.73,28.4827,51.7687,15.0000,3.1000,ML,ISC,22,5,143.4416,273.9000,188.3000,primary
602921205,2013-04-12,00:39:29.45,28.4764,51.5750,24.0000,3.7000,mb,ISC,64,5,140.1057,271.7000,96.0000,primary
606509469,2013-04-12,02:16:07.40,28.1860,51.7800,11.1000,3.2000,ML,TEH,10,4,176.8000,283.7000,249.3000,primary
604849393,2013-04-12,02:25:54.91,28.3543,51.5493,24.0000,3.0000,ML,ISC,14,3,160.1208,285.4000,220.2000,primary
606509470,2013-04-12,02:53:31.50,28.1990,51.9150,11.4000,3.1000,ML,TEH,14,3,166.7925,279.8000,231.9000,primary
603040433,2013-04-12,04:27:48.17,28.4139,51.5305,24.0000,3.6000,mb,ISC,24,2,154.5610,336.3000,148.3000,primary
603040434,2013-04-12,04:46:56.52,28.3506,51.5009,24.0000,3.8000,mb,ISC,40,3,145.6654,279.2000,202.7000,primary
602786654,2013-04-12,04:53:51.27,28.3773,51.5835,42.2000,4.4000,mb,ISC,168,4,137.8818,275.2000,44.3000,primary
602786656,2013-04-12,05:11:33.06,28.4260,51.6480,24.0000,3.9000,MS,ISC,142,4,132.3220,270.7000,44.2000,primary
606509471,2013-04-12,05:20:04.20,28.3790,51.7700,23.4000,3.0000,ML,TEH,13,3,155.6730,277.4000,240.2000,primary
603040437,2013-04-12,05:48:50.43,28.4212,51.6234,24.0000,3.6000,mb,ISC,63,4,134.5459,271.8000,90.3000,primary
603040443,2013-04-12,07:20:22.52,28.3782,51.5720,24.0000,3.8000,mb,ISC,52,4,138.9937,275.6000,118.9000,primary
603040448,2013-04-12,09:24:28.26,28.3346,51.5692,24.0000,3.7000,mb,ISC,54,4,138.9937,277.4000,149.2000,primary
606509474,2013-04-12,09:49:14.70,28.2310,51.7470,5.2000,3.4000,ML,TEH,29,4,121.2026,276.1000,187.8000,primary
602786696,2013-04-12,09:59:00.61,28.4283,51.6631,24.0000,3.2000,MS,ISC,98,4,131.2101,269.9000,87.3000,primary
606509476,2013-04-12,12:59:38.60,28.4550,51.5790,5.0000,3.1000,ML,TEH,11,4,138.9937,272.4000,267.4000,primary
603040456,2013-04-12,13:11:34.57,28.3391,51.5450,24.0000,3.6000,mb,ISC,23,3,141.2176,278.0000,135.6000,primary
602787035,2013-04-12,13:50:26.45,28.3531,51.6252,24.0000,3.2000,MS,ISC,126,4,133.4340,274.6000,96.0000,primary
602921207,2013-04-12,16:21:06.98,28.1751,51.8103,26.0000,3.0000,MS,ISC,46,4,115.6428,277.2000,69.7000,primary
606509477,2013-04-12,18:46:49.20,28.3650,51.6650,5.0000,3.2000,ML,TEH,11,4,157.8969,281.4000,266.6000,primary
603040469,2013-04-12,18:48:59.62,28.3801,51.5506,15.0000,3.8000,mb,ISC,33,4,157.8969,284.7000,171.8000,primary
602921211,2013-04-13,00:29:01.32,28.3895,51.5694,24.0000,3.7000,mb,ISC,66,4,138.9937,275.2000,121.2000,primary
602921212,2013-04-13,02:17:25.38,28.4256,51.6206,24.0000,3.6000,mb,ISC,46,5,134.5459,271.7000,124.6000,primary
602787506,2013-04-13,07:43:19.18,28.3195,51.6518,24.0000,3.6000,MS,ISC,216,4,131.2101,275.1000,67.3000,primary
602787507,2013-04-13,08:05:35.24,28.3748,51.6954,18.4000,3.2000,MS,ISC,185,4,126.7623,270.9000,118.5000,primary
604849402,2013-04-13,15:32:16.97,28.3809,51.5601,24.0000,3.4000,ML,ISC,27,5,140.1057,275.9000,208.9000,primary
606509478,2013-04-13,16:34:40.60,28.2470,51.8200,12.8000,3.1000,ML,TEH,14,4,169.0164,280.6000,275.8000,primary
606509479,2013-04-13,20:02:13.50,28.4430,51.4790,11.0000,3.2000,ML,TEH,7,2,152.3372,336.4000,281.6000,primary
602787755,2013-04-13,20:41:43.52,28.2119,51.7941,15.0000,3.3000,MS,ISC,133,5,116.7548,275.8000,73.1000,primary
602787770,2013-04-14,03:01:32.66,28.3369,51.7407,21.7000,4.2000,mb,ISC,176,5,122.3145,271.0000,95.6000,primary
603040557,2013-04-14,04:58:58.64,28.2903,51.7035,24.0000,3.6000,mb,ISC,21,4,125.6503,274.7000,172.8000,primary
602788028,2013-04-14,05:21:49.23,28.3390,51.6612,24.0000,4.1000,mb,ISC,45,4,130.0981,273.9000,149.6000,primary
606509480,2013-04-14,05:36:23.70,28.3090,51.7390,9.5000,3.1000,ML,TEH,10,3,163.4566,280.7000,274.6000,primary
602788032,2013-04-14,09:09:43.19,28.2637,51.7126,24.0000,4.3000,mb,ISC,175,4,124.5384,275.6000,61.8000,primary
603040571,2013-04-14,10:59:10.17,28.3665,51.5990,24.0000,3.7000,mb,ISC,29,4,136.7698,275.1000,124.5000,primary
606509481,2013-04-14,11:35:39.80,28.4670,51.5440,5.0000,3.4000,ML,TEH,18,4,142.3296,273.3000,251.0000,primary
602788043,2013-04-14,12:32:19.59,28.1822,51.8295,26.0000,3.4000,MS,ISC,149,4,114.5309,276.3000,45.1000,primary
606509483,2013-04-14,16:23:31.90,28.2430,51.6650,19.0000,3.1000,ML,TEH,5,3,171.2403,285.0000,278.0000,primary
606509484,2013-04-14,17:47:19.70,28.7900,51.5440,20.5000,3.0000,ML,TEH,9,2,113.4189,329.9000,251.5000,primary
603040600,2013-04-14,17:51:05.05,28.4408,51.6101,24.0000,4.0000,mb,ISC,92,4,135.6579,271.6000,118.0000,primary
606509485,2013-04-14,17:55:21.20,28.5910,51.5230,6.8000,3.1000,ML,TEH,8,2,135.6579,333.7000,269.2000,primary
603040603,2013-04-14,19:39:36.90,28.2195,51.8517,26.0000,3.4000,MS,ISC,8,4,111.1950,273.6000,254.4000,primary
602790228,2013-04-16,14:36:53.81,28.2164,51.7042,24.0000,3.9000,mb,ISC,54,0,668.2819,360.0000,76.9000,primary
602790918,2013-04-16,22:50:25.12,28.3898,51.7166,24.0000,4.1000,mb,ISC,135,4,124.5384,269.4000,65.7000,primary
603040732,2013-04-16,22:52:55.80,28.3009,51.7589,15.0000,3.4000,mb,ISC,11,2,164.5686,336.6000,135.1000,primary
606509499,2013-04-17,01:26:24,28.3480,51.9230,9.8000,3.0000,ML,TEH,10,4,154.5610,273.6000,273.6000,primary
603040964,2013-04-17,18:33:39.54,28.3938,51.5980,24.0000,3.7000,mb,ISC,41,4,136.7698,274.0000,124.2000,primary
603040968,2013-04-17,19:32:32.10,29.6701,51.4661,20.0000,3.6000,mb,ISC,45,4,37.8063,330.5000,70.2000,primary
606509502,2013-04-17,19:40:50.60,28.7690,51.6860,36.0000,3.0000,ML,TEH,13,5,113.4189,269.1000,260.4000,primary
603041025,2013-04-18,04:49:40.91,28.4082,51.6135,10.0000,3.6000,mb,ISC,24,4,135.6579,272.8000,167.1000,primary
604849436,2013-04-18,19:06:49.08,28.3915,51.6305,15.0000,3.5000,ML,ISC,28,5,133.4340,272.8000,206.9000,primary
603041088,2013-04-18,20:25:12.15,27.9498,51.6178,16.0000,3.6000,mb,ISC,32,1,138.9937,360.0000,137.9000,primary
606509504,2013-04-19,05:12:11.70,28.2910,51.7020,3.7000,3.0000,ML,TEH,8,3,165.6805,282.4000,276.6000,primary
604849439,2013-04-19,09:41:21.50,28.4940,51.5950,14.6000,3.2000,ML,TEH,25,4,137.8818,270.1000,206.5000,primary
604849440,2013-04-19,11:25:57.19,28.3378,51.5505,24.0000,3.3000,ML,ISC,16,4,141.2176,277.9000,183.4000,primary
606509507,2013-04-19,15:44:12.10,28.3360,51.7290,13.6000,3.2000,ML,TEH,13,4,123.4265,271.5000,266.2000,primary
602854907,2013-04-19,18:32:58.69,28.4218,51.5981,24.0000,4.4000,mb,ISC,137,5,136.7698,272.8000,44.2000,primary
603041164,2013-04-20,00:58:32.87,28.4009,51.5761,24.0000,3.7000,mb,ISC,31,4,138.9937,274.5000,124.3000,primary
603041171,2013-04-20,02:24:33.33,28.1127,51.7936,10.0000,3.5000,mb,ISC,29,4,118.9787,281.0000,136.2000,primary
603041243,2013-04-21,05:05:50.59,29.6087,51.1448,10.0000,3.6000,mb,ISC,35,4,70.0528,287.3000,129.5000,primary
602874673,2013-04-22,07:26:25.31,28.5897,51.6731,10.0000,3.6000,MS,ISC,119,5,133.4340,262.6000,51.6000,primary
606824183,2013-04-22,07:31:10.40,28.5000,51.6000,5.0000,,,GSI,6,0,1606.7677,360.0000,348.9000,primary
603041319,2013-04-22,12:53:45.95,28.2988,51.7770,15.0000,3.7000,mb,ISC,33,3,118.9787,271.7000,99.3000,primary
603041332,2013-04-22,16:28:23.21,28.3344,51.6392,24.0000,3.0000,MS,ISC,46,4,132.3220,274.9000,54.6000,primary
606509511,2013-04-22,17:01:16.20,28.5350,51.4850,12.1000,3.0000,ML,TEH,6,2,142.3296,335.0000,326.4000,primary
607835122,2013-04-22,17:48:28.70,28.2000,51.6000,14.1000,2.9000,ML,THR,2,1,136.7698,360.0000,305.3000,primary
607835124,2013-04-22,19:45:12.80,28.5700,51.6100,14.9000,2.8000,ML,THR,2,1,138.9937,360.0000,290.5000,primary
603041349,2013-04-22,21:28:56.10,28.3810,51.5238,24.0000,3.7000,mb,ISC,56,3,143.4416,277.3000,132.2000,primary
603041410,2013-04-23,22:39:59.74,28.1942,51.9058,15.0000,3.7000,mb,ISC,42,5,106.7472,273.6000,127.6000,primary
606509513,2013-04-24,00:41:57.80,28.4690,51.5610,10.0000,3.1000,ML,TEH,11,4,147.8894,282.1000,263.9000,primary
606509514,2013-04-24,01:21:13.80,28.5660,51.5290,10.0000,3.2000,ML,TEH,9,2,153.4491,339.2000,261.1000,primary
602880315,2013-04-24,06:04:56.20,28.4068,51.4745,24.0000,3.8000,MS,ISC,215,3,149.0013,278.3000,51.8000,primary
606509517,2013-04-24,09:07:23,28.4780,51.5850,10.0000,3.2000,ML,TEH,10,3,138.9937,271.2000,247.0000,primary
606509518,2013-04-24,10:26:51.20,28.3060,51.9220,14.8000,3.4000,ML,TEH,7,3,159.0088,275.3000,275.3000,primary
602943391,2013-04-24,14:32:57.64,28.3948,51.6479,24.0000,3.9000,mb,ISC,71,4,132.3220,271.9000,96.7000,primary
606509521,2013-04-25,07:25:06.06,28.5244,51.6194,10.0000,3.5000,ML,ISC,12,4,136.7698,267.8000,244.2000,primary
606509522,2013-04-25,07:26:09.44,28.4538,51.5997,24.0000,3.5000,ML,ISC,8,4,136.7698,271.5000,248.0000,primary
603041527,2013-04-25,16:25:57.07,28.3834,51.5150,24.0000,3.6000,mb,ISC,22,3,144.5535,277.5000,135.5000,primary
606509523,2013-04-25,19:38:45.30,28.4660,51.5970,28.0000,3.1000,ML,TEH,8,3,147.8894,281.0000,263.7000,primary
602894384,2013-04-26,02:51:05.59,28.5945,52.4000,16.0000,3.5000,MS,ISC,169,5,66.7170,216.9000,61.1000,primary
606509525,2013-04-26,04:24:51.80,28.3430,51.5890,13.4000,3.2000,ML,TEH,9,3,161.2327,284.4000,275.6000,primary
604849466,2013-04-26,04:44:44.45,28.3386,51.5505,24.0000,3.3000,ML,ISC,24,4,141.2176,277.8000,190.4000,primary
602899477,2013-04-27,04:05:20.59,28.3260,51.7072,10.0000,3.1000,MS,ISC,77,4,125.6503,272.9000,51.1000,primary
603041605,2013-04-27,11:07:21.04,28.0719,51.5037,16.0000,3.6000,mb,ISC,32,2,147.8894,289.4000,182.4000,primary
606509528,2013-04-27,16:42:34.70,28.2060,51.6070,4.0000,3.2000,ML,TEH,12,5,135.6579,281.4000,278.4000,primary
606509529,2013-04-27,19:00:53.50,28.2300,51.8730,8.0000,3.0000,ML,TEH,13,4,169.0164,279.7000,266.4000,primary
606509530,2013-04-27,19:56:20.20,28.4160,51.7140,5.0000,3.0000,ML,TEH,13,4,151.2252,278.1000,262.3000,primary
606509531,2013-04-27,20:43:59.50,28.4520,51.5730,11.8000,3.0000,ML,TEH,14,5,140.1057,272.8000,253.3000,primary
602921264,2013-04-28,00:10:13.38,28.3302,51.8693,15.0000,3.4000,mb,ISC,35,4,110.0830,266.7000,123.5000,primary
606509532,2013-04-28,07:46:57.80,28.4060,51.7340,26.1000,3.1000,ML,TEH,6,3,152.3372,277.8000,277.8000,primary
603041690,2013-04-29,01:02:22.42,28.3298,51.6456,24.0000,3.5000,mb,ISC,28,5,131.2101,274.9000,164.3000,primary
603041713,2013-04-29,11:05:06.93,28.3974,51.5435,24.0000,3.5000,mb,ISC,19,5,142.3296,275.9000,135.3000,primary
602955654,2013-04-30,16:28:03.98,28.1137,51.8107,26.0000,3.9000,mb,ISC,17,3,116.7548,301.5000,132.7000,primary
606509537,2013-04-30,16:32:58.10,28.2070,51.8780,8.9000,3.1000,ML,TEH,8,3,170.1283,302.7000,283.7000,primary
606509538,2013-04-30,17:06:52,28.1770,51.8400,18.3000,3.0000,ML,TEH,11,4,113.4189,298.3000,247.4000,primary
606509539,2013-04-30,17:54:02.30,28.3150,51.9200,32.1000,3.3000,ML,TEH,9,4,157.8969,275.1000,275.1000,primary
602918518,2013-05-01,16:31:30.01,28.3695,51.6541,10.0000,3.5000,MS,ISC,191,5,131.2101,272.8000,65.3000,primary
602918521,2013-05-01,18:31:05.90,28.2145,51.7385,22.3000,4.3000,MS,ISC,840,3,122.3145,299.3000,35.5000,primary
606942058,2013-05-01,18:43:23.67,28.2627,51.7941,0.0000,3.6000,mb,IDC,5,0,2097.1377,360.0000,218.9000,primary
606509543,2013-05-01,19:48:52,28.3190,51.7710,18.2000,3.2000,ML,TEH,11,4,162.3447,279.5000,246.2000,primary
606509544,2013-05-01,21:39:46.10,28.2570,51.8180,14.0000,3.2000,ML,TEH,5,3,167.9044,303.2000,303.2000,primary
606509545,2013-05-01,21:41:27.30,28.2110,51.7260,16.0000,3.3000,ML,TEH,9,4,174.5761,284.2000,284.0000,primary
603160358,2013-05-01,22:53:40.72,28.2523,51.7180,24.0000,3.7000,mb,ISC,41,5,124.5384,276.0000,121.2000,primary
603160359,2013-05-01,22:55:17.19,28.1879,51.6862,24.0000,3.8000,mb,ISC,24,5,127.8742,279.9000,136.2000,primary
606509546,2013-05-01,23:00:16.30,28.2950,51.6590,19.1000,3.1000,ML,TEH,6,4,165.6805,283.6000,283.6000,primary
606509547,2013-05-01,23:50:30.50,28.3670,51.7860,16.7000,3.3000,ML,TEH,8,4,156.7849,277.3000,277.3000,primary
602920103,2013-05-02,00:35:43.10,28.1735,51.7526,17.6000,4.0000,MS,ISC,407,5,121.2026,278.8000,43.8000,primary
603160393,2013-05-02,19:18:43.31,28.5850,52.2356,16.0000,3.9000,mb,ISC,45,5,81.1723,229.8000,115.2000,primary
602926642,2013-05-02,20:25:50.46,28.5154,52.1203,15.0000,3.9000,mb,ISC,100,5,88.9560,242.6000,93.6000,primary
606509549,2013-05-02,21:06:12.36,28.4200,52.0544,15.0000,3.2000,ML,ISC,19,4,92.2918,253.2000,224.7000,primary
603160404,2013-05-02,22:43:39.35,28.5700,52.1656,15.0000,3.7000,mb,ISC,64,5,86.7321,235.6000,112.4000,primary
603160415,2013-05-03,05:52:51.72,28.1172,51.5895,16.0000,3.6000,mb,ISC,23,4,138.9937,285.6000,180.9000,primary
603160417,2013-05-03,07:06:30.95,28.5718,52.1493,15.0000,3.8000,mb,ISC,50,5,87.8440,236.5000,95.2000,primary
602929533,2013-05-04,00:09:56.03,28.2117,51.7717,26.0000,4.1000,mb,ISC,136,5,118.9787,276.4000,95.7000,primary
602929536,2013-05-04,01:47:09.58,28.5370,52.3696,16.0000,3.1000,MS,ISC,109,4,66.7170,225.0000,50.9000,primary
602929541,2013-05-04,04:13:24.32,28.1385,51.8392,26.0000,3.4000,MS,ISC,119,4,113.4189,278.5000,40.6000,primary
606824207,2013-05-04,04:18:15.80,28.1600,51.8600,30.0000,,,GSI,8,0,1612.3275,360.0000,346.0000,primary
603160475,2013-05-04,14:49:21.89,27.9994,51.8747,26.0000,3.7000,mb,ISC,23,4,113.4189,285.4000,136.6000,primary
606509551,2013-05-04,16:01:12.70,28.4000,51.6530,7.9000,3.0000,ML,TEH,11,4,131.2101,271.5000,250.0000,primary
606509552,2013-05-04,18:03:47.20,28.1790,51.8170,16.8000,3.2000,ML,TEH,10,4,175.6881,282.9000,272.3000,primary
603044050,2013-05-05,07:26:35.88,28.5334,52.2057,16.0000,2.9000,MS,ISC,57,5,81.1723,236.0000,94.9000,primary
605302757,2013-05-05,23:05:00.93,28.1588,51.7177,23.0000,3.4000,ml,OMAN,6,0,527.0643,360.0000,350.6000,primary
607983790,2013-05-06,02:28:04.25,28.4884,51.7332,17.3000,4.3000,MS,ISC,773,4,124.5384,264.0000,20.6000,primary
603044053,2013-05-06,03:30:04.53,28.4400,51.5291,24.0000,3.8000,mb,ISC,27,3,143.4416,274.9000,80.0000,primary
606509553,2013-05-06,04:01:21.20,28.6190,52.1980,19.8000,3.3000,ML,TEH,14,5,85.6201,229.5000,229.5000,primary
607925009,2013-05-06,08:11:38.30,28.4100,51.5600,36.5000,3.1000,ML,THR,3,1,140.1057,360.0000,289.9000,primary
602936500,2013-05-07,01:47:03.57,28.4218,51.6292,24.0000,3.6000,MS,ISC,173,4,133.4340,271.5000,67.5000,primary
606509554,2013-05-07,03:17:25.30,28.5530,51.5900,10.0000,3.2000,ML,TEH,5,3,137.8818,279.0000,277.1000,primary
603160618,2013-05-07,15:39:34.31,28.6028,52.4279,16.0000,3.4000,mb,ISC,28,6,64.4931,213.9000,140.2000,primary
602942189,2013-05-09,03:29:39.18,28.1087,51.8635,26.0000,3.2000,MS,ISC,97,4,112.3070,279.6000,70.9000,primary
603044078,2013-05-12,02:37:05.23,28.3747,51.6719,24.0000,3.6000,mb,ISC,50,4,156.7849,280.9000,95.7000,primary
603160864,2013-05-12,22:26:13.74,28.4197,51.5687,24.0000,3.7000,mb,ISC,20,4,153.4491,283.1000,131.7000,primary
604463829,2013-05-12,22:40:31.11,29.5538,52.6779,8.8000,4.5000,mb,ISC,224,5,18.9032,172.7000,50.2000,primary
602948986,2013-05-13,22:19:16.52,28.3854,51.8163,11.9000,3.8000,MS,ISC,533,4,115.6428,265.6000,40.3000,primary
604842908,2013-05-13,22:31:12.83,28.3222,51.6123,24.0000,3.4000,ML,ISC,27,4,134.5459,276.4000,187.2000,primary
604842914,2013-05-14,00:19:52.95,28.3569,51.6966,24.0000,3.4000,ML,ISC,19,4,126.7623,271.7000,187.5000,primary
606509590,2013-05-14,18:59:35.10,28.3650,51.6210,14.0000,3.2000,ML,TEH,9,5,134.5459,274.3000,274.1000,primary
606509593,2013-05-16,01:24:43.60,28.3620,51.6630,14.0000,3.5000,ML,TEH,13,4,157.8969,281.5000,264.9000,primary
602955187,2013-05-16,07:16:49.27,28.3918,51.7209,24.0000,4.1000,mb,ISC,93,4,124.5384,269.2000,61.6000,primary
603161076,2013-05-17,19:35:15.72,29.3859,52.0508,10.0000,3.6000,mb,ISC,21,5,47.8138,192.1000,119.0000,primary
603161104,2013-05-18,10:43:46.97,28.1329,52.2675,15.0000,3.8000,mb,ISC,30,4,72.2767,270.8000,78.0000,primary
605302778,2013-05-20,10:28:17.51,28.3286,51.9782,21.0000,3.4000,ml,OMAN,4,0,528.1762,360.0000,352.1000,primary
606509628,2013-05-21,07:15:43.60,29.7670,51.5770,10.0000,3.2000,ML,TEH,12,3,25.5748,347.8000,246.8000,primary
602990061,2013-05-21,14:42:45.59,28.6041,52.4378,16.0000,3.4000,MS,ISC,160,6,64.4931,183.3000,40.2000,primary
603161327,2013-05-22,00:58:51.05,28.2176,51.7783,10.0000,3.5000,mb,ISC,38,5,118.9787,236.9000,130.9000,primary
603161337,2013-05-22,07:48:10.72,28.3536,51.6218,24.0000,3.9000,mb,ISC,49,5,134.5459,241.5000,121.9000,primary
603161377,2013-05-23,02:55:51.21,28.4416,51.6135,24.0000,3.6000,mb,ISC,39,5,135.6579,240.1000,134.2000,primary
603006145,2013-05-23,12:52:16.68,28.4143,51.6624,24.0000,3.1000,MS,ISC,94,5,130.0981,238.0000,51.6000,primary
606509645,2013-05-25,19:31:15,28.7240,51.6270,12.3000,3.1000,ML,TEH,11,2,118.9787,322.2000,211.8000,primary
606509660,2013-05-29,23:56:35.20,28.0670,52.6070,12.0000,3.0000,ML,TEH,8,3,106.7472,294.3000,276.0000,primary
603044179,2013-05-30,03:19:49.26,28.2642,51.7227,16.0000,3.8000,mb,ISC,46,3,123.4265,275.3000,95.8000,primary
606509662,2013-05-30,03:32:22.50,28.3990,51.8060,14.0000,3.2000,ML,TEH,7,2,153.4491,334.8000,292.4000,primary
606509665,2013-05-30,15:20:28.80,28.4440,51.4270,31.6000,3.3000,ML,TEH,9,3,153.4491,278.9000,273.5000,primary
603028171,2013-05-31,01:58:52.22,28.3630,51.6530,24.0000,3.6000,mb,ISC,63,6,131.2101,239.7000,121.6000,primary
603044229,2013-05-31,08:30:02.46,28.3995,51.6582,24.0000,4.0000,mb,ISC,58,5,131.2101,238.6000,124.6000,primary
603236754,2013-06-03,13:16:32.07,28.2556,51.6182,24.0000,3.8000,mb,ISC,40,6,134.5459,243.9000,126.2000,primary
606509672,2013-06-03,22:54:08.80,28.5310,51.8520,10.0000,3.0000,ML,TEH,10,6,137.8818,224.2000,224.2000,primary
606509674,2013-06-04,07:40:54.50,28.5430,51.5280,10.0000,3.0000,ML,TEH,7,3,140.1057,313.8000,243.2000,primary
603050433,2013-06-04,13:53:30.53,28.5099,51.7072,24.0000,4.2000,mb,ISC,95,7,127.8742,233.4000,51.3000,primary
603264616,2013-06-06,19:43:40.18,28.3660,51.6943,15.0000,3.5000,mb,ISC,43,6,126.7623,237.3000,121.8000,primary
604843171,2013-06-07,10:48:29.39,29.5959,51.2539,20.0000,3.3000,ML,ISC,35,4,60.0453,333.1000,186.7000,primary
606509683,2013-06-09,20:35:42,29.7410,51.5170,10.0000,3.0000,ML,TEH,20,4,31.1346,338.1000,185.3000,primary
603264786,2013-06-11,14:51:48.48,28.5937,52.4102,16.0000,3.9000,mb,ISC,37,5,65.6050,216.3000,123.6000,primary
606509687,2013-06-11,21:14:43.90,28.6550,52.4480,7.7000,3.1000,ML,TEH,13,5,66.7170,207.1000,207.1000,primary
606509691,2013-06-13,21:28:47.30,28.5160,51.8720,9.2000,3.0000,ML,TEH,10,5,138.9937,223.3000,223.3000,primary
604843251,2013-06-14,21:52:29.15,27.8540,52.1387,26.0000,3.3000,ML,ISC,36,3,95.6277,300.9000,188.0000,primary
606509694,2013-06-15,00:30:13.60,27.7570,52.0460,21.9000,3.4000,ML,TEH,25,3,108.9711,305.0000,219.2000,primary
604843258,2013-06-15,07:56:06.07,28.3927,51.6724,15.0000,3.6000,ML,ISC,27,5,128.9862,237.9000,207.0000,primary
603233788,2013-06-16,11:21:00.65,29.1570,51.2600,17.0000,3.8000,mb,ISC,51,4,88.9560,279.6000,100.2000,primary
604843267,2013-06-17,12:00:27.49,28.3620,51.5300,24.0000,3.8000,ML,ISC,21,4,143.4416,246.1000,226.7000,primary
603265260,2013-06-21,02:41:33.51,28.6350,52.4242,16.0000,3.5000,mb,ISC,18,6,106.7472,183.1000,109.9000,primary
603091975,2013-06-22,17:46:22.73,28.8130,51.4147,17.0000,3.1000,MS,ISC,139,4,114.5309,270.6000,87.0000,primary
604843291,2013-06-22,17:55:33.30,28.3561,51.6935,24.0000,3.3000,ML,ISC,27,6,126.7623,237.6000,207.0000,primary
604843300,2013-06-24,01:32:55.73,28.1643,51.6074,10.0000,3.3000,ML,ISC,30,4,180.1359,288.7000,214.6000,primary
603096007,2013-06-26,08:18:12.16,27.6374,52.3407,14.0000,4.1000,mb,ISC,104,3,87.8440,289.5000,70.7000,primary
604843323,2013-06-28,17:17:00,28.6310,51.5370,8.3000,3.1000,ML,TEH,12,3,131.2101,325.8000,211.8000,primary
603233826,2013-06-29,00:55:34.52,28.3975,51.5963,24.0000,3.7000,mb,ISC,55,4,136.7698,265.9000,124.2000,primary
606509722,2013-06-29,01:00:12.50,28.6430,51.5750,10.0000,3.0000,ML,TEH,7,2,143.4416,305.3000,236.1000,primary
604843376,2013-07-07,01:40:06.67,28.2410,51.7495,15.0000,3.0000,ML,ISC,19,5,171.2403,237.6000,219.7000,primary
606509733,2013-07-09,03:50:59.60,28.3600,51.7200,11.1000,3.0000,ML,TEH,12,4,124.5384,236.1000,229.5000,primary
603251398,2013-07-24,11:58:38.20,28.4693,51.6598,24.0000,3.1000,MS,ISC,119,5,131.2101,237.0000,66.9000,primary
603367725,2013-07-26,12:44:46.19,28.3734,51.7218,15.0000,3.7000,mb,ISC,41,5,124.5384,235.7000,99.5000,primary
605194968,2013-07-31,01:04:49.47,28.2061,51.9883,15.0000,3.0000,ML,ISC,7,1,97.8516,360.0000,286.7000,primary
603463091,2013-08-03,13:21:38.04,27.8395,52.2030,26.0000,3.8000,mb,ISC,85,4,91.1799,267.3000,69.9000,primary
604645502,2013-08-03,17:39:46.86,28.2524,51.6659,24.0000,3.7000,mb,ISC,31,6,130.0981,241.6000,124.9000,primary
603499121,2013-08-04,03:53:49.15,28.1711,51.8619,26.0000,4.0000,mb,ISC,49,6,111.1950,234.0000,132.2000,primary
603312809,2013-08-10,17:05:36.40,28.3842,51.7592,14.7000,3.6000,MS,ISC,433,6,121.2026,233.3000,43.8000,primary
603312810,2013-08-10,17:20:49.26,28.3990,51.7320,21.6000,4.0000,MS,ISC,595,6,123.4265,234.5000,28.2000,primary
603499480,2013-08-14,04:06:24.48,28.4894,51.6426,24.0000,3.8000,mb,ISC,53,6,133.4340,237.6000,120.7000,primary
606509783,2013-08-15,08:03:30.90,28.3420,51.6180,10.0000,3.0000,ML,TEH,10,5,134.5459,242.0000,241.8000,primary
606509785,2013-08-16,14:03:34.97,28.5845,51.5262,24.0000,3.2000,ML,ISC,20,4,135.6579,270.2000,208.9000,primary
606509790,2013-08-17,03:40:07.80,27.7210,51.9950,18.3000,3.2000,ML,TEH,15,3,115.6428,307.3000,246.4000,primary
603499864,2013-08-24,22:39:12.53,28.2860,51.6141,24.0000,3.9000,mb,ISC,55,5,134.5459,265.9000,121.7000,primary
603345056,2013-08-24,22:41:27.45,28.3590,51.6524,24.0000,4.0000,mb,ISC,100,5,131.2101,263.5000,89.5000,primary
603369369,2013-09-01,15:58:57.80,29.3448,52.4741,15.0000,3.5000,MS,ISC,226,6,33.3585,151.5000,43.9000,primary
607925169,2013-09-05,22:09:08.40,28.4300,51.5200,38.2000,2.9000,ML,THR,2,1,144.5535,360.0000,297.1000,primary
604843936,2013-09-17,08:57:05.11,28.6154,51.6459,10.0000,3.3000,ML,ISC,23,5,130.0981,275.1000,210.0000,primary
603987896,2013-09-18,05:21:58.84,29.2176,51.2641,10.0000,4.0000,mb,ISC,32,4,83.3962,317.9000,120.8000,primary
603987984,2013-09-20,04:12:59.60,29.1337,51.3010,17.0000,3.9000,mb,ISC,68,3,130.0981,343.4000,87.9000,primary
603988005,2013-09-20,19:29:13.01,29.1062,51.3227,10.0000,3.9000,mb,ISC,55,3,90.0679,314.2000,87.8000,primary
606509835,2013-09-20,21:53:04,28.4870,51.6900,14.5000,3.0000,ML,TEH,16,5,143.4416,234.9000,220.0000,primary
606509846,2013-09-25,00:00:28,29.6960,52.1000,5.0000,3.1000,ML,TEH,17,5,26.6868,158.1000,158.1000,primary
604844032,2013-09-27,22:33:35.39,28.3336,51.5631,24.0000,3.3000,ML,ISC,23,5,162.3447,245.0000,213.9000,primary
606509848,2013-09-29,19:26:41.60,28.4190,51.6190,18.3000,3.4000,ML,TEH,17,5,152.3372,240.3000,224.0000,primary
603503918,2013-09-30,23:44:40.33,29.2412,51.2248,15.9000,3.6000,MS,ISC,368,4,84.5082,320.1000,34.8000,primary
603988537,2013-10-02,06:24:55.20,28.3715,51.5797,24.0000,3.3000,MS,ISC,82,5,157.8969,243.4000,66.9000,primary
603988563,2013-10-02,23:19:08.94,28.6535,52.5309,16.0000,3.7000,mb,ISC,21,6,98.9635,175.2000,106.1000,primary
604844095,2013-10-06,22:32:55.99,28.3743,51.7728,15.0000,3.3000,ML,ISC,29,5,155.6730,232.8000,209.0000,primary
605302930,2013-10-08,20:58:57.96,28.3442,52.6860,26.0000,2.9000,ml,OMAN,6,0,447.0039,360.0000,339.2000,primary
606509924,2013-10-11,22:35:05.10,28.4750,51.7650,10.0000,3.2000,ML,TEH,11,6,144.5535,230.8000,217.9000,primary
605302947,2013-10-14,22:25:08.51,27.4559,52.9152,20.0000,3.0000,ml,OMAN,4,0,439.2202,360.0000,351.5000,primary
605302958,2013-10-17,21:07:17.37,28.8318,52.4847,50.0000,,,OMAN,10,0,495.9297,360.0000,313.5000,primary
606509936,2013-10-20,15:42:19.90,28.8280,50.7710,10.0000,3.1000,ML,TEH,14,2,147.8894,342.8000,244.7000,primary
606509938,2013-10-21,06:28:31.60,29.0850,50.9110,25.9000,3.3000,ML,TEH,8,2,118.9787,341.3000,231.3000,primary
606509939,2013-10-21,06:30:03.30,28.9210,50.9840,33.1000,3.4000,ML,TEH,10,2,126.7623,339.5000,226.5000,primary
603989615,2013-10-21,09:53:10.03,28.3669,50.8015,10.0000,3.9000,mb,ISC,22,1,186.8076,360.0000,134.6000,primary
605302971,2013-10-21,14:11:36.09,28.8231,51.6963,28.0000,3.2000,ml,OMAN,4,0,557.0869,360.0000,342.8000,primary
603989631,2013-10-21,21:10:09.76,28.8340,50.8418,10.0000,4.0000,mb,ISC,46,2,142.3296,341.8000,114.5000,primary
606509942,2013-10-22,02:38:46.20,29.0280,50.9150,10.0000,3.0000,ML,TEH,13,2,122.3145,341.0000,257.1000,primary
603989652,2013-10-22,11:09:41.13,28.5259,50.7626,10.0000,4.1000,mb,ISC,90,1,173.4642,360.0000,42.1000,primary
606509943,2013-10-22,17:09:29.70,29.1090,50.9440,10.0000,3.0000,ML,TEH,10,2,114.5309,340.8000,251.7000,primary
606509944,2013-10-22,21:12:05.50,28.3457,51.6605,24.0000,3.9000,mb,ISC,41,4,165.6805,263.2000,87.5000,primary
606509946,2013-10-23,20:38:58.10,29.0510,50.8090,10.3000,3.3000,ML,TEH,15,2,128.9862,342.8000,231.9000,primary
606509947,2013-10-24,13:09:08.60,29.0590,50.8630,10.0000,3.6000,ML,TEH,9,2,123.4265,342.1000,232.9000,primary
604844244,2013-10-27,09:26:31.96,28.5164,50.9390,10.0000,3.3000,ML,ISC,25,2,164.5686,341.3000,202.1000,primary
606509955,2013-10-29,08:46:01.30,28.6720,51.5090,10.0000,3.2000,ML,TEH,7,3,126.7623,311.7000,221.9000,primary
606509963,2013-11-04,15:47:26.20,29.6040,52.7170,7.2000,3.2000,ML,TEH,13,5,20.0151,157.1000,136.7000,primary
604844341,2013-11-08,21:14:16.46,28.5371,50.7913,35.0000,3.2000,ML,ISC,27,1,171.2403,360.0000,200.0000,primary
604844347,2013-11-09,18:32:27.90,28.4813,50.6965,10.0000,,,ISC,26,1,182.3598,360.0000,226.6000,primary
606906987,2013-11-12,03:23:54.29,28.9086,52.6511,0.0000,3.9000,mb,IDC,5,0,2114.9289,360.0000,276.2000,primary
603990677,2013-11-12,03:26:16.70,28.9654,52.5111,12.0000,4.0000,mb,ISC,23,5,74.5006,164.1000,102.4000,primary
603797682,2013-11-19,09:06:26.49,28.5184,51.5776,17.1000,4.7000,mb,ISC,307,3,142.3296,280.3000,21.4000,primary
604844431,2013-11-23,00:00:15.80,28.0688,51.4697,16.0000,3.3000,ML,ISC,23,1,185.6956,360.0000,215.9000,primary
604844437,2013-11-24,00:58:04.81,28.0201,51.3383,16.0000,3.0000,ML,ISC,19,1,195.7032,360.0000,219.9000,primary
604844440,2013-11-24,18:26:57.44,28.0118,51.3802,10.0000,3.3000,ML,ISC,28,1,191.2554,360.0000,217.8000,primary
604844441,2013-11-24,21:49:45.50,27.9710,51.3055,16.0000,3.3000,ML,ISC,39,1,196.8151,360.0000,182.3000,primary
603820291,2013-11-28,13:51:36.11,29.3462,51.3603,13.4000,5.4000,MS,ISC,1191,3,66.7170,293.5000,16.6000,primary
606510095,2013-11-28,14:18:12.50,29.2820,51.3690,5.0000,3.5000,ML,TEH,29,3,71.1648,296.4000,206.7000,primary
603991672,2013-11-28,14:54:31.04,29.2843,51.2555,10.0000,3.8000,mb,ISC,72,3,78.9484,297.8000,91.0000,primary
606510096,2013-11-28,15:25:48.60,29.5470,51.3020,5.0000,3.2000,ML,TEH,15,3,57.8214,285.1000,205.8000,primary
606510097,2013-11-28,15:40:40.10,29.4750,51.4390,17.7000,3.3000,ML,TEH,14,3,51.1497,285.2000,202.6000,primary
603820294,2013-11-28,15:56:45.05,29.1776,51.2531,17.0000,3.4000,MS,ISC,186,2,87.8440,333.4000,36.7000,primary
604844454,2013-11-28,17:52:44.73,29.1839,51.2977,17.0000,3.6000,ML,ISC,38,3,84.5082,315.9000,156.2000,primary
607926258,2013-11-28,20:57:28,29.1100,51.2200,15.0000,3.2000,ML,THR,4,0,485.9221,360.0000,268.8000,primary
606510098,2013-11-28,22:40:53.20,29.5440,51.4350,10.0000,3.2000,ML,TEH,11,4,46.7019,269.4000,253.2000,primary
606510099,2013-11-28,23:32:53,29.5520,51.3910,5.0000,3.1000,ML,TEH,12,4,50.0377,270.8000,251.0000,primary
604844460,2013-11-29,01:27:14.25,29.3214,51.2936,10.0000,3.5000,ML,ISC,36,4,73.3887,281.3000,188.3000,primary
606510256,2013-11-29,03:47:58,29.5720,51.5120,17.2000,3.2000,ML,TEH,21,4,38.9182,265.5000,180.4000,primary
603821243,2013-11-29,06:05:06.95,29.2180,51.2920,17.0000,3.9000,mb,ISC,108,3,82.2843,316.6000,53.1000,primary
604844463,2013-11-29,07:43:15.82,28.0191,51.3122,16.0000,3.6000,ML,ISC,48,1,197.9271,360.0000,161.5000,primary
606510257,2013-11-29,08:37:17.80,29.5320,51.4400,11.1000,3.3000,ML,TEH,25,4,47.8138,269.6000,201.5000,primary
604844465,2013-11-29,13:53:10.35,28.0444,51.3715,16.0000,3.6000,ML,ISC,38,2,193.4793,259.8000,186.7000,primary
606510258,2013-11-29,14:34:21.20,29.2120,51.3170,10.0000,3.1000,ML,TEH,10,3,81.1723,315.3000,243.3000,primary
603825156,2013-11-29,18:23:08.71,27.9631,51.2673,16.0000,3.9000,mb,ISC,84,1,199.0391,360.0000,61.4000,primary
603991742,2013-11-29,18:46:06.58,29.1993,51.3011,17.0000,3.8000,mb,ISC,39,3,82.2843,316.0000,91.0000,primary
605303093,2013-11-29,19:35:42.58,28.0099,51.7565,12.1000,3.3000,ml,OMAN,5,0,507.0492,360.0000,340.5000,primary
605303094,2013-11-29,20:20:29.23,28.6721,52.3888,30.0000,3.0000,ml,OMAN,6,0,492.5938,360.0000,341.1000,primary
605303096,2013-11-30,01:37:58.91,27.5878,51.2953,50.0000,3.3000,ml,OMAN,6,0,530.4001,360.0000,303.1000,primary
603991777,2013-11-30,15:36:39.19,29.1650,51.2868,17.0000,2.8000,MS,ISC,106,3,86.7321,316.2000,56.0000,primary
606510259,2013-12-01,00:16:49.60,29.3520,51.3970,5.9000,3.1000,ML,TEH,23,3,63.3811,292.6000,206.1000,primary
604844475,2013-12-01,04:48:51.72,28.1765,51.5210,10.0000,3.6000,ML,ISC,31,3,180.1359,250.4000,211.7000,primary
605303098,2013-12-01,17:37:43.14,28.8130,52.2421,75.0000,3.1000,ml,OMAN,8,0,513.7209,360.0000,343.8000,primary
604006385,2013-12-02,09:23:45.58,28.0309,51.3736,16.0000,3.6000,mb,ISC,60,2,192.3673,260.1000,63.9000,primary
606510262,2013-12-03,11:08:46.80,29.9860,51.1940,10.0000,3.4000,ML,TEH,24,4,66.7170,268.5000,153.4000,primary
606510263,2013-12-03,11:24:11.90,29.4030,51.3630,10.0000,3.2000,ML,TEH,11,3,114.5309,276.6000,230.7000,primary
606510264,2013-12-03,14:55:49.75,29.3132,51.3798,20.0000,3.5000,ML,ISC,19,4,67.8289,279.2000,207.0000,primary
604844505,2013-12-05,17:06:12.91,28.4469,51.8060,15.0000,3.3000,ML,ISC,30,5,147.8894,229.1000,191.7000,primary
604006530,2013-12-06,07:43:46.49,28.5393,52.7943,16.0000,3.9000,mb,ISC,40,3,76.7245,233.6000,113.9000,primary
603878748,2013-12-08,02:56:00.24,29.2576,51.2251,10.0000,3.8000,mb,ISC,51,3,83.3962,299.3000,91.2000,primary
603839221,2013-12-10,06:59:31.13,28.3390,51.8052,15.0000,3.7000,mb,ISC,68,4,160.1208,277.7000,92.5000,primary
606510275,2013-12-10,16:12:09.20,29.5800,51.4020,10.0000,3.4000,ML,TEH,16,3,47.8138,280.4000,199.0000,primary
606510282,2013-12-12,20:06:24.40,29.5570,51.3940,11.3000,3.1000,ML,TEH,10,1,108.9711,360.0000,207.9000,primary
603878773,2013-12-15,21:36:35.04,28.3574,51.7118,24.0000,3.9000,mb,ISC,82,3,162.3447,260.7000,35.6000,primary
603878777,2013-12-16,01:42:23.11,28.3603,51.7034,16.0000,3.7000,mb,ISC,67,4,157.8969,237.0000,90.6000,primary
606510291,2013-12-18,10:57:37.10,29.4300,51.3200,10.0000,3.4000,ML,TEH,12,4,63.3811,277.1000,207.2000,primary
604007106,2013-12-18,10:59:57.85,29.2243,51.2425,10.0000,3.5000,mb,ISC,22,3,84.5082,319.0000,152.9000,primary
603863152,2013-12-18,19:45:34.30,28.5165,51.5440,24.0000,4.0000,mb,ISC,100,3,142.3296,281.7000,60.3000,primary
606510292,2013-12-19,07:14:11,28.1940,51.7530,16.1000,3.5000,ML,TEH,13,4,167.9044,238.8000,223.2000,primary
603867340,2013-12-19,18:55:10.77,29.1421,51.3001,17.0000,4.1000,mb,ISC,116,2,87.8440,331.9000,39.5000,primary
604007247,2013-12-20,23:47:51.81,27.6264,52.5028,14.0000,3.4000,mb,ISC,33,2,72.2767,291.4000,99.7000,primary
606510295,2013-12-21,00:44:37.10,27.7050,52.5290,5.0000,3.1000,ML,TEH,8,3,74.5006,254.3000,223.6000,primary
606510300,2013-12-24,05:24:34.10,28.4130,51.7980,17.4000,3.3000,ML,TEH,11,5,151.2252,230.4000,214.8000,primary
606510301,2013-12-24,08:18:33,28.6860,51.6160,15.8000,3.0000,ML,TEH,10,4,123.4265,274.6000,225.5000,primary
606510308,2013-12-27,23:12:11,29.2920,51.3450,9.2000,3.2000,ML,TEH,23,3,72.2767,296.3000,210.9000,primary
606510311,2013-12-28,12:26:27.30,28.4380,51.6000,16.9000,3.3000,ML,TEH,7,4,150.1132,241.0000,231.9000,primary
604005339,2013-12-29,06:41:34.93,29.7645,50.4409,10.0000,3.4000,mb,ISC,14,2,135.6579,309.6000,239.8000,primary
606510314,2013-12-30,17:30:10.40,29.5390,51.4210,10.0000,3.4000,ML,TEH,16,3,106.7472,270.1000,202.0000,primary
608794680,2014-01-01,04:14:29,28.0680,51.8360,12.0000,3.4000,ML,TEH,9,5,153.4491,238.8000,234.6000,primary
608794708,2014-01-03,04:27:05.70,29.4680,51.2640,7.6000,2.5000,ML,TEH,4,3,65.6050,277.8000,277.8000,primary
608794709,2014-01-03,05:18:02.20,29.3580,51.1350,16.0000,2.7000,ML,TEH,4,3,82.2843,284.7000,284.7000,primary
603908669,2014-01-03,14:21:59.05,27.7686,52.0568,26.0000,3.9000,MS,ISC,290,2,118.9787,307.8000,69.6000,primary
608794716,2014-01-03,23:34:06.80,27.9600,51.9320,17.5000,2.8000,ML,TEH,3,3,140.1057,276.8000,276.8000,primary
608794719,2014-01-04,08:57:33.10,29.5140,51.2190,7.0000,2.8000,ML,TEH,8,4,66.7170,278.0000,256.1000,primary
608794726,2014-01-05,15:41:15.10,29.0790,52.7150,16.7000,2.6000,ML,TEH,4,4,51.1497,185.8000,185.8000,primary
608794730,2014-01-06,05:42:28.90,29.2920,51.2560,10.0000,2.7000,ML,TEH,6,3,77.8365,297.5000,278.2000,primary
608732735,2014-01-06,23:18:25.24,28.5081,51.5361,24.0000,3.5000,ML,ISC,29,1,157.8969,360.0000,117.0000,primary
608794748,2014-01-08,11:35:07.30,27.7710,52.4760,18.0000,2.9000,ML,TEH,8,2,135.6579,326.3000,284.3000,primary
608794754,2014-01-09,07:50:15.60,29.5560,51.4330,23.9000,2.7000,ML,TEH,4,4,46.7019,269.1000,269.1000,primary
604060604,2014-01-09,10:30:27.19,27.9102,51.9819,26.0000,3.7000,mb,ISC,7,0,2137.1679,360.0000,269.4000,primary
606909368,2014-01-10,12:48:00.72,27.9880,51.7074,0.0000,3.8000,mb,IDC,5,0,870.6568,360.0000,187.1000,primary
608794780,2014-01-12,17:35:25.90,29.4560,50.4910,10.0000,2.6000,ML,TEH,5,1,135.6579,360.0000,309.9000,primary
608794785,2014-01-13,01:57:03.20,29.5320,52.4460,8.0000,2.6000,ML,TEH,5,4,13.3434,190.9000,190.9000,primary
608794789,2014-01-13,15:31:35.40,29.4880,51.3960,8.3000,2.6000,ML,TEH,4,3,53.3736,285.5000,285.5000,primary
608794797,2014-01-14,17:34:24.60,29.1290,51.1020,10.0000,2.8000,ML,TEH,5,2,101.1874,337.5000,291.9000,primary
608794798,2014-01-14,18:21:58.80,28.1180,51.6770,15.0000,2.8000,ML,TEH,4,2,184.5837,339.3000,333.0000,primary
608794808,2014-01-15,19:36:26.80,29.2820,51.1480,14.0000,2.6000,ML,TEH,4,2,137.8818,299.6000,299.6000,primary
603963670,2014-01-15,23:57:16.90,29.3004,51.3125,15.6000,3.8000,MS,ISC,252,2,122.3145,345.1000,34.6000,primary
608794810,2014-01-16,00:30:36.60,29.4570,51.3120,14.5000,2.5000,ML,TEH,4,3,117.8667,276.5000,276.5000,primary
606909622,2014-01-16,17:39:07.73,28.3092,51.5498,24.0000,3.8000,mb,ISC,41,4,165.6805,246.1000,91.4000,primary
608794823,2014-01-17,09:46:17.30,28.5160,51.5740,10.0000,3.2000,ML,TEH,6,2,154.5610,306.1000,231.0000,primary
608794831,2014-01-17,23:11:24.60,27.9660,52.2020,14.0000,2.9000,ML,TEH,4,3,117.8667,243.3000,243.3000,primary
608794834,2014-01-18,02:49:57.80,29.3600,51.1630,8.5000,2.7000,ML,TEH,9,4,80.0604,283.8000,262.8000,primary
608794839,2014-01-18,17:28:35.34,28.3702,51.6682,24.0000,3.3000,ML,ISC,19,4,156.7849,238.7000,220.8000,primary
604060636,2014-01-18,19:59:35.12,29.3198,51.3692,10.0000,3.6000,mb,ISC,63,3,67.8289,294.6000,116.5000,primary
608794854,2014-01-21,13:50:45.70,28.9920,51.4260,18.0000,2.8000,ML,TEH,4,1,127.8742,360.0000,308.7000,primary
608794855,2014-01-21,17:41:10,28.8840,51.9850,30.4000,2.9000,ML,TEH,5,2,98.9635,286.6000,205.3000,primary
608794863,2014-01-22,12:12:49.05,28.2544,51.6288,16.0000,2.9000,ML,ISC,10,1,170.1283,360.0000,196.2000,primary
608794872,2014-01-23,20:41:53.30,28.5180,51.6270,9.1000,3.1000,ML,TEH,6,3,141.2176,278.4000,228.9000,primary
608794899,2014-01-26,18:09:03.93,29.8884,50.7865,10.0000,3.7000,ML,ISC,31,3,102.2994,292.8000,182.9000,primary
608794900,2014-01-26,19:12:58.90,29.8700,50.8990,15.0000,2.8000,ML,TEH,6,3,91.1799,288.8000,261.1000,primary
608794901,2014-01-26,19:38:05.80,29.8740,50.8290,15.0000,2.8000,ML,TEH,7,3,97.8516,291.4000,258.0000,primary
608794902,2014-01-26,20:57:46,29.8970,50.7760,12.8000,2.9000,ML,TEH,13,3,103.4113,293.2000,258.6000,primary
608794903,2014-01-26,21:45:07.40,29.8870,50.7810,10.7000,2.8000,ML,TEH,8,3,103.4113,293.1000,263.1000,primary
608794904,2014-01-27,00:35:50.50,29.9900,50.9130,10.0000,3.1000,ML,TEH,13,3,92.2918,285.4000,250.2000,primary
608794924,2014-01-29,20:48:13,28.4780,52.7870,9.5000,2.9000,ML,TEH,10,4,77.8365,164.2000,164.2000,primary
604030827,2014-02-02,10:29:05.29,27.0958,52.7683,5.5000,4.5000,mb,ISC,218,3,47.8138,319.0000,32.7000,primary
606910408,2014-02-03,04:47:00.03,27.1152,52.6739,10.0000,3.6000,mb,ISC,9,0,737.2228,360.0000,139.9000,primary
604032067,2014-02-03,05:33:58.37,27.1307,52.6761,10.0000,4.1000,mb,ISC,116,2,175.6881,320.0000,65.9000,primary
606910421,2014-02-03,10:54:07.25,27.1359,52.8083,10.0000,3.8000,mb,ISC,18,3,42.2541,317.5000,188.0000,primary
606910431,2014-02-03,14:30:54.03,27.1636,52.7795,10.0000,3.7000,mb,ISC,58,3,43.3661,317.6000,64.3000,primary
606910441,2014-02-03,18:10:06.84,28.3253,51.6333,24.0000,3.5000,mb,ISC,52,5,67.8289,247.5000,99.4000,primary
604033963,2014-02-03,19:33:45.40,27.2291,52.7999,10.0000,3.9000,mb,ISC,92,2,161.2327,316.0000,44.5000,primary
609757839,2014-02-03,23:33:10.14,27.1649,52.8413,33.8000,2.9000,ml,OMAN,5,0,370.2793,360.0000,333.9000,primary
606910497,2014-02-04,09:17:10.00,27.2007,52.7052,10.0000,3.1000,MS,ISC,50,2,167.9044,318.3000,69.3000,primary
609849037,2014-02-04,15:00:57.10,28.5480,51.5060,14.4000,2.9000,ML,TEH,6,2,136.7698,351.4000,314.4000,primary
609849040,2014-02-05,03:33:12.70,26.9170,52.7060,36.0000,3.4000,ML,TEH,13,2,184.5837,323.0000,282.4000,primary
606910599,2014-02-05,16:33:28.95,27.1439,52.8129,10.0000,3.6000,mb,ISC,39,3,41.1421,317.3000,119.2000,primary
607878391,2014-02-06,01:35:14.31,29.1835,52.7928,16.1000,3.4000,MS,ISC,156,5,33.3585,162.3000,25.8000,primary
604036087,2014-02-06,02:09:35.33,29.1771,52.7510,17.0000,3.4000,MS,ISC,211,5,31.1346,156.6000,29.7000,primary
606910673,2014-02-07,13:42:19.83,27.8946,52.8386,14.0000,3.6000,mb,ISC,20,5,68.9409,197.6000,111.4000,primary
609849063,2014-02-09,23:31:25.90,29.4030,51.2130,14.0000,2.8000,ML,TEH,5,4,73.3887,281.2000,281.2000,primary
606910804,2014-02-11,10:03:11.42,26.9065,52.8368,0.0000,3.2000,MS,IDC,5,0,2275.0497,360.0000,222.8000,primary
606910810,2014-02-11,12:41:02.88,27.2103,52.8170,10.0000,3.5000,mb,ISC,46,3,37.8063,316.0000,48.7000,primary
609849078,2014-02-12,10:34:35.10,27.2080,52.8170,9.2000,3.6000,ML,TEH,18,3,37.8063,316.0000,211.7000,primary
609849084,2014-02-13,00:14:00.40,27.1250,52.9190,8.9000,3.5000,ML,TEH,15,3,34.4704,315.9000,220.4000,primary
609849090,2014-02-14,05:07:40.60,29.5560,51.4950,9.4000,2.5000,ML,TEH,6,5,41.1421,262.6000,262.6000,primary
604050159,2014-02-17,04:10:12.00,27.5126,52.8924,20.0000,3.4000,MS,ISC,118,3,33.3585,265.9000,43.1000,primary
609849117,2014-02-20,05:26:05.90,29.5490,51.3520,9.9000,2.5000,ML,TEH,6,4,53.3736,269.1000,269.1000,primary
609849127,2014-02-22,19:52:16,28.3410,51.5920,13.0000,3.2000,ML,TEH,9,5,161.2327,243.4000,234.8000,primary
609849135,2014-02-24,21:35:26.40,28.5980,52.2080,18.0000,2.5000,ML,TEH,4,2,123.4265,299.6000,299.6000,primary
606911430,2014-02-26,00:31:27.62,29.4579,52.4872,15.0000,3.6000,mb,ISC,53,6,20.0151,106.1000,66.8000,primary
609849144,2014-02-27,11:04:12.50,29.4270,51.2530,8.0000,3.5000,ML,TEH,18,5,68.9409,278.4000,209.4000,primary
606911572,2014-02-28,22:42:16.56,29.1780,51.2454,16.0000,3.7000,mb,ISC,52,4,35.5824,228.6000,89.5000,primary
606911615,2014-03-01,14:50:55.73,27.3345,52.7565,20.0000,3.5000,mb,ISC,35,3,40.0302,302.6000,174.1000,primary
609849212,2014-03-05,15:25:08.70,28.5510,51.6730,10.0000,2.9000,ML,TEH,3,3,136.7698,310.4000,310.4000,primary
609849275,2014-03-09,00:26:55.40,28.2070,51.7660,10.0000,2.8000,ML,TEH,4,0,829.5147,360.0000,349.7000,primary
609849334,2014-03-12,13:20:59.30,29.7670,51.6520,17.1000,3.1000,ML,TEH,15,3,17.7912,258.4000,192.9000,primary
609849401,2014-03-16,00:26:12.90,28.6600,52.3100,26.7000,3.1000,ML,TEH,5,3,110.0830,220.4000,195.4000,primary
609849402,2014-03-16,01:52:58,29.9760,51.7740,10.0000,2.7000,ML,TEH,3,3,22.2390,187.7000,187.7000,primary
609849437,2014-03-17,19:28:43.70,29.6700,51.3930,8.0000,2.7000,ML,TEH,4,3,44.4780,266.9000,266.9000,primary
609849438,2014-03-17,19:37:07.40,29.5390,51.3860,10.0000,2.5000,ML,TEH,4,2,51.1497,308.3000,308.3000,primary
604173114,2014-03-18,19:01:31.87,27.8450,52.7044,15.0000,3.9000,MS,ISC,407,5,72.2767,168.8000,21.7000,primary
609849452,2014-03-18,20:55:19.80,27.7790,52.7720,13.2000,3.0000,ML,TEH,5,4,62.2692,229.2000,229.2000,primary
609849505,2014-03-20,00:18:05.50,27.5870,52.6960,10.0000,2.8000,ML,TEH,6,3,53.3736,279.7000,220.7000,primary
609849506,2014-03-20,01:09:13.30,27.7230,52.6990,8.7000,2.8000,ML,TEH,5,4,62.2692,239.7000,207.4000,primary
609849531,2014-03-21,17:07:55.80,27.2400,52.7450,15.5000,3.2000,ML,TEH,9,2,43.3661,358.2000,258.6000,primary
609849533,2014-03-21,18:36:45.70,29.3480,51.5050,10.0000,2.6000,ML,TEH,7,3,57.8214,291.3000,284.0000,primary
609849606,2014-03-24,00:34:26.50,28.3920,51.8620,10.0000,2.6000,ML,TEH,4,4,152.3372,273.9000,273.9000,primary
609849658,2014-03-27,13:16:20.90,29.8220,51.5830,10.0000,2.7000,ML,TEH,11,4,25.5748,252.6000,240.7000,primary
609849682,2014-03-28,23:59:53.40,29.4060,52.5050,10.0000,2.6000,ML,TEH,5,4,25.5748,169.5000,138.8000,primary
609849703,2014-03-29,08:54:43,29.2390,52.5630,10.0000,2.5000,ML,TEH,3,3,15.5673,316.9000,316.9000,primary
608766321,2014-04-02,15:57:47.33,27.4119,52.4912,14.0000,3.0000,ml,ISC,17,3,66.7170,304.5000,223.3000,primary
609849814,2014-04-04,17:38:14.50,29.4410,51.6840,19.8000,2.8000,ML,TEH,5,2,83.3962,282.8000,282.8000,primary
609849898,2014-04-11,20:10:28.20,29.5070,51.3190,8.0000,2.6000,ML,TEH,6,2,116.7548,286.6000,271.2000,primary
604460498,2014-04-16,23:31:39.11,28.4850,51.6554,10.0000,4.1000,MS,ISC,623,3,153.4491,262.8000,40.3000,primary
606914684,2014-04-17,01:12:20.92,28.4857,51.5088,10.0000,3.7000,mb,ISC,45,2,46.7019,296.5000,99.6000,primary
604514013,2014-04-25,01:48:32.59,27.7695,52.1168,26.0000,3.6000,MS,ISC,87,4,103.4113,212.1000,56.6000,primary
604484393,2014-04-25,11:56:58.11,27.7158,52.0581,10.0000,3.5000,MS,ISC,174,4,111.1950,219.1000,27.2000,primary
609850035,2014-04-25,22:55:30,29.7700,50.6720,10.0000,2.5000,ML,TEH,10,1,179.0240,360.0000,259.7000,primary
608766434,2014-04-25,23:18:24.40,27.7650,52.0730,22.8000,3.4000,ML,TEH,20,4,106.7472,214.7000,214.7000,primary
606915624,2014-04-27,06:23:30.98,28.4725,52.9172,16.0000,3.6000,mb,ISC,49,3,64.4931,174.2000,59.9000,primary
609850104,2014-05-02,05:08:13.10,29.7450,51.6880,8.0000,2.5000,ML,TEH,7,3,80.0604,240.3000,240.3000,primary
609850109,2014-05-02,22:38:41.10,28.4280,52.1540,11.5000,2.9000,ML,TEH,7,3,138.9937,234.3000,209.2000,primary
604512303,2014-05-03,20:10:28.45,29.4398,51.3454,20.0000,3.5000,MS,ISC,315,3,63.3811,183.3000,35.0000,primary
609850110,2014-05-03,20:14:58.80,29.6600,51.3900,10.0000,,,GSI,9,0,1538.9388,360.0000,346.6000,primary
609850120,2014-05-04,02:17:28.10,29.4910,51.2210,10.0000,2.8000,ML,TEH,11,3,126.7623,276.7000,259.8000,primary
609850132,2014-05-05,01:51:36.80,27.3490,52.8360,14.0000,3.3000,ML,TEH,14,3,32.2465,297.8000,252.0000,primary
609850149,2014-05-06,23:42:31.10,29.5090,51.3350,8.0000,2.5000,ML,TEH,6,2,114.5309,286.0000,265.8000,primary
609850197,2014-05-08,07:29:02.20,29.5660,51.0200,18.9000,3.0000,ML,TEH,5,2,144.5535,292.6000,267.3000,primary
609850219,2014-05-10,11:11:32.50,29.8390,50.6540,11.4000,2.9000,ML,TEH,6,1,157.8969,360.0000,323.5000,primary
609850305,2014-05-16,00:53:16.70,28.6960,52.1670,5.0000,3.0000,ML,TEH,9,3,110.0830,231.1000,201.3000,primary
609850308,2014-05-16,15:21:13.30,29.2040,51.2740,7.6000,2.7000,ML,TEH,6,1,130.0981,360.0000,287.0000,primary
609850315,2014-05-17,12:08:30.40,28.7960,52.3220,8.0000,2.8000,ML,TEH,5,2,95.6277,266.8000,239.7000,primary
609850320,2014-05-18,18:07:12.10,29.5350,51.0280,10.0000,2.5000,ML,TEH,4,2,144.5535,293.3000,293.2000,primary
609850337,2014-05-20,13:53:16.50,29.3140,50.8250,10.0000,2.6000,ML,TEH,6,1,167.9044,360.0000,283.9000,primary
608766565,2014-05-21,08:17:11.17,29.3538,50.6886,10.0000,3.1000,ML,ISC,13,1,180.1359,360.0000,223.9000,primary
609850340,2014-05-21,09:19:13.50,29.6750,50.8490,12.8000,3.3000,ML,TEH,12,2,161.2327,294.7000,265.6000,primary
604650839,2014-05-21,09:46:28.97,29.5969,50.8533,14.4000,4.6000,MS,ISC,776,2,161.2327,296.4000,20.6000,primary
609850341,2014-05-21,10:23:57.10,29.6700,50.8810,14.3000,3.2000,ML,TEH,6,2,157.8969,293.9000,269.5000,primary
609850342,2014-05-21,10:25:30.90,29.6910,50.8920,8.0000,3.2000,ML,TEH,5,2,156.7849,293.0000,288.2000,primary
604650841,2014-05-21,10:29:48.51,29.5528,50.8970,10.0000,4.4000,mb,ISC,151,2,156.7849,296.3000,38.0000,primary
606916737,2014-05-21,10:35:23.69,29.4531,50.8536,24.0000,3.8000,mb,ISC,31,2,162.3447,300.0000,131.4000,primary
606916740,2014-05-21,10:36:22.63,29.7127,50.8189,24.0000,3.8000,mb,ISC,12,0,1133.0770,360.0000,208.5000,primary
606916741,2014-05-21,10:44:04.00,29.5109,50.8995,24.0000,3.6000,mb,ISC,45,2,156.7849,297.4000,125.6000,primary
604650842,2014-05-21,10:51:27.36,29.5855,50.8410,14.4000,4.4000,MS,ISC,569,2,162.3447,297.0000,38.0000,primary
609850343,2014-05-21,11:08:57.10,29.6860,50.8260,10.0000,2.9000,ML,TEH,4,2,163.4566,295.2000,269.8000,primary
609850344,2014-05-21,11:11:17.20,29.6200,50.8110,8.5000,2.7000,ML,TEH,4,2,164.5686,297.1000,292.6000,primary
609850345,2014-05-21,11:15:40.40,29.6930,50.8850,8.6000,3.2000,ML,TEH,10,2,157.8969,293.1000,268.4000,primary
609850346,2014-05-21,11:23:31.80,29.6880,50.9570,16.3000,2.8000,ML,TEH,4,2,150.1132,290.9000,288.2000,primary
609850347,2014-05-21,11:31:58.70,29.6740,50.8560,9.5000,3.0000,ML,TEH,8,2,160.1208,294.5000,265.5000,primary
606916744,2014-05-21,11:38:57.96,29.3985,50.8248,24.0000,3.7000,mb,ISC,28,2,165.6805,302.1000,128.7000,primary
609850348,2014-05-21,12:27:47.20,29.6700,50.8050,7.6000,2.9000,ML,TEH,4,2,165.6805,296.1000,290.3000,primary
609850349,2014-05-21,12:47:15.90,29.7250,50.9180,8.7000,2.8000,ML,TEH,4,2,154.5610,291.3000,266.6000,primary
609850350,2014-05-21,13:08:56.70,29.6440,50.8780,13.6000,3.3000,ML,TEH,11,2,157.8969,294.5000,266.3000,primary
604650987,2014-05-21,13:25:22.08,29.5026,50.9085,24.0000,3.7000,MS,ISC,140,2,156.7849,297.4000,37.7000,primary
609850351,2014-05-21,13:39:52.10,29.6820,50.9400,10.0000,2.8000,ML,TEH,5,2,152.3372,291.6000,267.9000,primary
609850352,2014-05-21,14:13:09.10,29.6820,50.8650,8.0000,3.2000,ML,TEH,10,2,160.1208,294.0000,269.2000,primary
609850353,2014-05-21,15:27:46.50,29.6680,50.8710,8.4000,3.0000,ML,TEH,6,2,159.0088,294.2000,269.7000,primary
609850354,2014-05-21,15:52:04,29.6430,50.8700,17.3000,2.9000,ML,TEH,6,2,159.0088,294.9000,270.7000,primary
609850356,2014-05-21,16:06:37.80,29.6590,50.8500,12.0000,3.2000,ML,TEH,10,2,161.2327,295.0000,270.4000,primary
609850357,2014-05-21,16:23:06.80,29.6390,50.8430,10.0000,2.6000,ML,TEH,3,2,161.2327,295.7000,295.7000,primary
609850358,2014-05-21,17:39:35.40,29.6170,50.8260,10.0000,3.4000,ML,TEH,12,2,163.4566,296.7000,268.4000,primary
609850359,2014-05-21,17:42:27.80,29.6590,50.8900,10.0000,2.7000,ML,TEH,3,2,156.7849,293.8000,293.8000,primary
609850360,2014-05-21,18:04:51,29.7850,50.9760,8.0000,2.8000,ML,TEH,5,2,147.8894,287.7000,262.9000,primary
609850361,2014-05-21,18:09:40.50,29.6860,50.8870,10.0000,2.9000,ML,TEH,6,2,157.8969,293.2000,268.7000,primary
609850362,2014-05-21,18:24:36.90,29.5890,50.8730,19.4000,3.3000,ML,TEH,12,2,159.0088,296.1000,268.7000,primary
609850363,2014-05-21,18:45:41,29.6080,50.7750,15.0000,2.7000,ML,TEH,3,2,167.9044,298.3000,298.3000,primary
609850364,2014-05-21,19:25:20.50,29.6730,50.8840,13.2000,3.0000,ML,TEH,11,2,157.8969,293.6000,264.9000,primary
609850366,2014-05-21,21:07:51.70,29.6770,50.8350,9.7000,2.8000,ML,TEH,5,2,162.3447,295.1000,269.9000,primary
606916771,2014-05-22,01:07:58.75,29.8152,50.8394,10.0000,3.5000,mb,ISC,21,2,150.1132,292.1000,129.4000,primary
604750952,2014-05-22,01:09:10.56,29.9831,50.4986,0.0000,2.9000,MS,IDC,6,0,1127.5173,360.0000,222.9000,primary
606916772,2014-05-22,01:09:28.46,29.6253,50.8008,24.0000,3.1000,MS,ISC,122,2,165.6805,297.3000,70.1000,primary
609850370,2014-05-22,05:20:50.30,29.6940,50.8310,8.8000,3.0000,ML,TEH,9,2,163.4566,294.9000,265.2000,primary
609850372,2014-05-22,18:01:28.50,29.6600,50.8560,20.0000,3.2000,ML,TEH,9,2,160.1208,294.9000,266.1000,primary
608766602,2014-05-23,05:26:49.11,29.5566,50.8309,24.0000,3.6000,ML,ISC,20,2,163.4566,298.0000,236.8000,primary
609850393,2014-05-25,03:31:56.20,29.6480,50.8540,10.0000,2.9000,ML,TEH,9,2,160.1208,295.2000,266.7000,primary
608766612,2014-05-25,12:42:12.21,29.5289,51.2092,20.0000,3.5000,ML,ISC,19,3,74.5006,199.1000,172.6000,primary
609850396,2014-05-25,15:43:10.50,29.7180,50.9810,9.0000,2.9000,ML,TEH,6,3,149.0013,278.6000,274.9000,primary
609850443,2014-06-06,14:52:08.20,29.9550,51.7630,8.0000,2.9000,ML,TEH,7,2,80.0604,236.6000,222.3000,primary
604729260,2014-06-07,02:43:31.22,28.8198,51.3328,14.8000,3.2000,MS,ISC,178,2,6.6717,271.7000,32.3000,primary
609850448,2014-06-07,16:44:11.50,29.4550,51.3640,10.0000,2.8000,ML,TEH,8,2,113.4189,288.0000,268.7000,primary
609850474,2014-06-13,18:30:12.10,29.0810,51.2730,8.2000,2.9000,ML,TEH,8,1,135.6579,360.0000,292.5000,primary
606917911,2014-06-14,23:34:07.82,27.4364,52.8481,20.0000,3.5000,mb,ISC,26,3,33.3585,282.2000,136.6000,primary
606917912,2014-06-14,23:51:16.59,27.3700,52.8482,20.0000,3.6000,mb,ISC,19,3,31.1346,293.5000,216.6000,primary
606917915,2014-06-15,01:30:55.06,27.4684,52.9601,20.0000,3.4000,mb,ISC,14,3,24.4629,262.6000,139.0000,primary
609850492,2014-06-15,21:48:22.50,29.7230,50.9520,13.1000,2.9000,ML,TEH,6,2,151.2252,290.2000,261.5000,primary
604737633,2014-06-17,12:51:15.44,28.2342,51.6217,16.0000,3.3000,MS,ISC,128,4,76.7245,212.8000,40.8000,primary
606918113,2014-06-19,16:13:01.92,28.7933,51.3059,17.0000,3.9000,mb,ISC,24,1,150.1132,360.0000,130.4000,primary
604753701,2014-06-20,02:54:02.92,28.8706,51.2476,17.2000,4.2000,mb,ISC,122,2,4.4478,316.0000,53.2000,primary
609850520,2014-06-20,18:54:14.60,29.8540,51.6320,10.0000,2.6000,ML,TEH,8,2,88.9560,253.1000,235.8000,primary
604753717,2014-06-20,22:54:20.07,29.8726,50.8596,11.8000,3.8000,MS,ISC,812,3,118.9787,229.8000,22.0000,primary
609850524,2014-06-21,03:07:03.10,28.6520,52.3110,16.5000,2.9000,ML,TEH,7,3,111.1950,220.3000,195.5000,primary
608766775,2014-06-22,10:51:40.74,29.9825,51.7803,8.0000,3.0000,ML,ISC,16,2,80.0604,233.1000,183.8000,primary
609850527,2014-06-22,20:42:18,28.5600,52.4730,20.0000,2.8000,ML,TEH,6,2,107.8591,269.0000,249.9000,primary
604785748,2014-06-25,01:44:36.96,28.9570,52.3297,12.0000,4.2000,mb,ISC,118,4,77.8365,109.2000,54.7000,primary
609850538,2014-06-25,02:03:36.60,28.9760,52.3040,13.8000,3.4000,ML,TEH,13,2,76.7245,262.9000,187.4000,primary
609850551,2014-06-27,02:28:38.80,29.9070,50.1540,10.0000,2.6000,ML,TEH,6,0,230.1736,360.0000,273.8000,primary
609850559,2014-06-28,04:30:56.80,29.9200,51.5860,13.4000,2.7000,ML,TEH,5,2,94.5157,251.6000,251.6000,primary
609850568,2014-06-29,16:40:37.10,29.6320,51.7650,8.0000,2.6000,ML,TEH,7,2,72.2767,264.8000,202.5000,primary
609850576,2014-06-30,18:36:43.50,29.2570,51.0370,10.0000,2.7000,ML,TEH,4,0,201.2629,360.0000,320.6000,primary
609850577,2014-06-30,18:51:33.20,29.3720,50.9290,10.0000,2.7000,ML,TEH,4,1,192.3673,360.0000,321.7000,primary
609850592,2014-07-04,16:42:47,29.9860,51.0370,9.3000,2.9000,ML,TEH,7,2,125.6503,280.4000,247.4000,primary
608766866,2014-07-05,11:32:36.66,28.9511,52.2722,10.0000,3.3000,ML,ISC,25,3,80.0604,223.4000,183.8000,primary
609850622,2014-07-10,19:46:46.20,28.2160,51.7580,18.5000,3.5000,ML,TEH,10,3,169.0164,260.1000,232.4000,primary
608766903,2014-07-13,15:29:04,29.9430,51.0010,15.9000,3.2000,ML,TEH,13,4,71.1648,219.0000,183.5000,primary
609850632,2014-07-13,22:31:09.70,29.5680,51.7010,11.5000,2.8000,ML,TEH,14,3,8.8956,232.9000,188.6000,primary
604845571,2014-07-16,09:40:15.03,29.3468,51.3170,10.0000,3.2000,MS,ISC,142,3,44.4780,294.1000,51.2000,primary
609850667,2014-07-20,05:49:45.90,28.3850,52.3160,14.1000,3.4000,ML,TEH,12,4,124.5384,190.5000,190.5000,primary
609850686,2014-07-24,01:35:19.50,29.5700,51.5600,15.8000,2.7000,ML,TEH,7,2,10.0075,326.7000,223.6000,primary
609850687,2014-07-24,03:37:32.80,29.5800,51.3880,8.0000,3.3000,ML,TEH,13,3,24.4629,280.9000,259.1000,primary
609850690,2014-07-25,04:20:37.10,29.6740,51.1070,12.3000,3.1000,ML,TEH,9,2,52.2616,355.3000,255.8000,primary
608661872,2014-08-08,02:28:06.81,28.3691,51.5737,24.0000,3.3000,ML,ISC,31,4,138.9937,236.9000,185.7000,primary
609850769,2014-08-08,07:25:51.10,29.9650,51.8260,10.0000,2.9000,ML,TEH,5,2,42.2541,272.6000,130.9000,primary
609850776,2014-08-09,23:55:33.90,28.7980,52.3890,10.0000,2.7000,ML,TEH,4,3,94.5157,216.4000,216.4000,primary
609850791,2014-08-12,21:53:11.80,28.5150,51.7930,8.0000,3.4000,ML,TEH,8,4,123.4265,219.5000,219.5000,primary
608910728,2014-08-15,14:48:08.53,28.4933,51.6215,19.5000,4.1000,MS,ISC,444,5,52.2616,192.5000,40.6000,primary
609850806,2014-08-16,10:09:49,28.6450,51.5440,8.2000,3.2000,ML,TEH,9,5,34.4704,209.6000,209.6000,primary
605416213,2014-08-16,11:58:55.47,28.4671,51.5355,10.0000,3.7000,mb,ISC,18,4,50.0377,234.2000,134.9000,primary
608661919,2014-08-16,16:47:10.22,28.2852,51.5825,24.0000,3.9000,mb,ISC,34,6,70.0528,212.9000,125.8000,primary
609850810,2014-08-16,18:57:15,28.5540,51.6830,18.0000,2.9000,ML,TEH,7,4,118.9787,225.6000,218.4000,primary
609850989,2014-08-24,09:36:40,29.7350,52.1770,5.0000,3.1000,ML,TEH,13,3,34.4704,149.5000,97.2000,primary
609850995,2014-08-24,16:51:01.80,29.2250,51.4150,3.8000,2.6000,ML,TEH,7,3,48.9258,298.6000,286.4000,primary
605416686,2014-08-24,18:55:14.72,28.3950,51.5985,10.0000,3.5000,mb,ISC,23,6,60.0453,203.6000,135.1000,primary
608767303,2014-08-27,09:09:28.90,29.5650,52.1630,5.0000,3.3000,ML,TEH,14,5,35.5824,127.3000,127.3000,primary
605173238,2014-08-27,11:51:12.69,29.5320,52.1519,10.0000,3.3000,MS,ISC,153,6,36.6944,88.8000,44.2000,primary
609851052,2014-08-27,12:43:18.50,29.6950,52.1830,5.0000,2.8000,ML,TEH,4,3,32.2465,161.4000,161.4000,primary
609851131,2014-09-03,21:35:13.30,29.4770,52.1920,8.3000,2.8000,ML,TEH,6,4,36.6944,158.9000,158.9000,primary
605195414,2014-09-04,23:51:20.82,29.5155,52.0749,10.0000,3.4000,MS,ISC,233,6,44.4780,87.2000,31.8000,primary
608767404,2014-09-05,13:24:54.40,29.6470,52.1860,10.0000,3.0000,ML,TEH,9,5,31.1346,115.0000,115.0000,primary
608767406,2014-09-05,14:04:58.20,29.6740,52.2190,8.0000,3.0000,ML,TEH,17,6,28.9107,119.1000,71.3000,primary
605596723,2014-09-05,17:45:40.68,28.6260,51.9509,10.0000,3.7000,mb,ISC,38,6,68.9409,152.7000,122.7000,primary
609851151,2014-09-06,05:13:10.10,29.7420,52.1760,10.0000,2.5000,ML,TEH,4,3,34.4704,147.4000,147.4000,primary
609851165,2014-09-08,00:51:41.90,29.6560,50.8130,8.0000,3.2000,ML,TEH,13,3,80.0604,294.2000,265.0000,primary
605334462,2014-09-20,04:31:37.71,28.5149,52.4605,16.0000,4.2000,mb,ISC,113,6,57.8214,137.2000,58.2000,primary
609851271,2014-09-25,04:28:02.60,29.6110,51.4250,7.0000,2.7000,ML,TEH,4,2,21.1271,280.3000,280.3000,primary
608767552,2014-09-27,01:37:38.90,28.3150,52.1050,19.8000,3.3000,ML,TEH,19,6,86.7321,172.0000,172.0000,primary
609851304,2014-09-30,18:23:32.80,29.8140,51.8370,10.0000,2.5000,ML,TEH,6,2,67.8289,243.9000,243.9000,primary
609851305,2014-09-30,18:44:55.30,29.3680,52.4870,5.0000,3.1000,ML,TEH,8,3,30.0226,157.6000,157.6000,primary
605725090,2014-10-04,02:26:12.73,28.5076,52.9712,10.0000,3.8000,mb,ISC,103,7,24.4629,109.5000,28.8000,primary
605725094,2014-10-04,05:43:15.20,28.4737,52.9488,10.0000,3.8000,mb,ISC,33,6,61.1572,115.0000,92.8000,primary
605498767,2014-10-04,19:19:51.49,28.4303,51.7222,10.0000,4.1000,mb,ISC,147,6,63.3811,189.0000,26.4000,primary
609851346,2014-10-05,09:08:08.30,29.9810,51.5750,8.0000,3.0000,ML,TEH,13,3,40.0302,189.8000,170.1000,primary
609851348,2014-10-05,17:52:56.40,29.8440,51.6710,9.4000,2.9000,ML,TEH,8,3,24.4629,169.5000,159.7000,primary
608767606,2014-10-06,01:48:19.70,29.3510,52.8710,8.7000,3.4000,ML,TEH,29,5,47.8138,190.5000,76.5000,primary
605642807,2014-10-06,05:05:20.32,27.9246,52.7643,14.0000,4.0000,mb,ISC,107,6,45.5899,157.7000,48.0000,primary
609851372,2014-10-08,05:29:39.90,29.6190,50.2280,10.0000,2.7000,ML,TEH,4,0,202.3749,360.0000,348.2000,primary
609851383,2014-10-10,01:21:45.50,27.5470,52.9660,12.0000,3.0000,ML,TEH,12,3,30.0226,250.0000,191.5000,primary
605532098,2014-10-11,17:42:48.99,27.9230,52.1751,10.0000,4.1000,mb,ISC,130,6,88.9560,197.3000,49.6000,primary
609851448,2014-10-15,23:02:40.40,28.2320,52.9060,12.0000,2.9000,ML,TEH,4,4,72.2767,180.8000,180.8000,primary
609851454,2014-10-16,01:30:21.10,28.1970,52.8850,20.0000,2.8000,ML,TEH,8,4,75.6126,183.5000,174.6000,primary
609851484,2014-10-18,01:14:19.50,28.2060,52.9440,20.0000,2.9000,ML,TEH,8,4,70.0528,178.1000,154.1000,primary
609851494,2014-10-18,21:54:39.30,29.0240,51.3580,4.0000,2.8000,ML,TEH,7,2,72.2767,323.9000,249.5000,primary
605699736,2014-10-25,15:31:29.62,28.5438,52.6586,10.0000,3.0000,MS,ISC,91,7,43.3661,125.8000,68.5000,primary
608767803,2014-10-27,20:11:22.44,29.9704,51.7181,15.0000,3.2000,ML,ISC,38,4,38.9182,155.4000,119.0000,primary
605625583,2014-10-28,08:19:03.23,28.4837,52.9422,10.0000,4.5000,MS,ISC,481,7,22.2390,114.9000,39.4000,primary
605699896,2014-10-28,09:04:08.60,28.5239,52.8679,10.0000,3.4000,MS,ISC,52,7,28.9107,116.8000,95.7000,primary
608767879,2014-11-10,22:47:01.80,29.3900,51.2890,10.0000,3.3000,ML,TEH,17,4,57.8214,189.8000,166.3000,primary
609851726,2014-11-16,07:35:11.10,29.7680,51.6700,10.9000,2.9000,ML,TEH,10,3,15.5673,166.3000,156.7000,primary
609851791,2014-11-18,10:43:57.40,28.8170,52.6850,10.0000,2.9000,ML,TEH,5,3,51.1497,212.7000,199.8000,primary
606622196,2014-11-19,19:42:46.08,28.3675,52.9386,10.0000,3.7000,mb,ISC,12,4,15.5673,225.4000,129.7000,primary
609851820,2014-11-22,00:29:26.90,28.1930,51.7530,10.0000,2.9000,ML,TEH,6,4,130.0981,260.7000,260.7000,primary
609851849,2014-11-26,17:07:23.70,28.2570,51.4280,5.0000,2.9000,ML,TEH,4,3,153.4491,286.8000,282.0000,primary
609851863,2014-11-29,02:01:08.80,28.7490,52.5260,8.0000,3.2000,ML,TEH,13,5,58.9333,160.7000,160.7000,primary
609851875,2014-11-30,17:30:36.30,29.4160,51.3460,15.0000,2.5000,ML,TEH,6,3,36.6944,290.4000,290.4000,primary
609851892,2014-12-02,02:53:14.90,29.7640,51.6160,5.0000,2.7000,ML,TEH,7,4,15.5673,187.5000,176.6000,primary
609851903,2014-12-03,01:28:25.40,28.5710,50.9840,14.8000,2.8000,ML,TEH,5,2,133.4340,337.4000,279.6000,primary
609851904,2014-12-03,09:41:25.60,29.4770,52.0200,8.0000,3.0000,ML,TEH,17,7,40.0302,82.5000,82.0000,primary
606928997,2014-12-07,14:37:30.96,29.7953,50.2319,10.0000,3.5000,mb,ISC,20,2,137.8818,306.3000,143.1000,primary
609851935,2014-12-08,02:01:30.30,29.6980,51.8960,10.0000,2.5000,ML,TEH,3,2,25.5748,263.4000,241.0000,primary
609851960,2014-12-11,14:15:42.30,28.6900,52.5920,5.0000,2.9000,ML,TEH,8,4,50.0377,200.4000,200.4000,primary
609851971,2014-12-13,21:03:37.60,28.0690,51.4020,10.0000,2.8000,ML,TEH,6,2,166.7925,293.6000,289.2000,primary
608663017,2014-12-15,09:45:38.27,28.2134,51.4248,16.0000,3.5000,ML,ISC,13,3,157.8969,248.6000,233.8000,primary
609852006,2014-12-19,23:19:58.40,28.5060,51.7210,28.0000,2.7000,ML,TEH,6,4,124.5384,265.3000,265.3000,primary
608768073,2014-12-21,09:42:42.90,29.8600,50.6350,13.2000,3.0000,ML,TEH,17,4,100.0755,245.9000,174.7000,primary
609852033,2014-12-24,03:50:56.30,29.8960,50.7600,12.9000,3.0000,ML,TEH,7,3,90.0679,283.5000,253.1000,primary
609852039,2014-12-25,06:52:29.30,29.4240,52.0040,5.0000,2.9000,ML,TEH,11,5,42.2541,166.5000,166.5000,primary
608768107,2014-12-26,19:51:46.38,29.3270,51.9857,10.0000,3.5000,ML,ISC,51,5,46.7019,182.5000,131.7000,primary
609852068,2014-12-28,14:35:29.30,28.7460,51.5420,17.4000,2.7000,ML,TEH,7,3,97.8516,264.4000,264.4000,primary
606930448,2014-12-29,13:00:09.26,28.6604,50.6921,10.0000,3.7000,mb,ISC,39,1,141.2176,360.0000,109.7000,primary
606419454,2014-12-30,04:19:35.08,28.6974,51.9406,9.4000,4.6000,MS,ISC,726,6,65.6050,145.5000,20.2000,primary
606436602,2014-12-30,05:23:03.58,28.7108,51.8557,10.0000,3.4000,MS,ISC,246,6,57.8214,148.0000,29.5000,primary
606930500,2014-12-30,06:33:13.48,28.7465,51.9059,10.0000,3.7000,mb,ISC,31,5,101.1874,203.9000,121.1000,primary
606930524,2014-12-30,13:23:27.00,28.6297,51.7911,15.0000,3.7000,mb,ISC,59,6,54.4855,162.0000,77.4000,primary
606436768,2014-12-30,22:10:19.08,28.7035,51.8547,15.0000,3.9000,MS,ISC,193,5,57.8214,149.0000,29.5000,primary
609852082,2014-12-30,22:17:37.80,28.7800,51.8770,10.0000,3.5000,ML,TEH,9,3,96.7396,246.2000,204.9000,primary
606930592,2014-12-31,10:06:09.91,28.8148,52.2558,12.0000,3.9000,mb,ISC,27,6,85.6201,144.4000,90.0000,primary
606436879,2015-01-01,08:49:54.26,28.7076,51.8723,15.3000,4.2000,MS,ISC,581,7,58.9333,147.5000,14.2000,primary
611053311,2015-01-01,18:13:59.10,28.9670,51.9180,15.2000,3.3000,ML,TEH,10,4,77.8365,223.7000,194.2000,primary
611053430,2015-01-04,09:47:08.80,28.6210,51.6710,16.9000,3.4000,ML,TEH,9,4,111.1950,261.9000,149.5000,primary
606498975,2015-01-05,13:42:38.18,28.6874,51.8985,15.0000,4.2000,MS,ISC,333,6,62.2692,148.6000,17.5000,primary
606612195,2015-01-05,13:43:53.77,28.6612,51.9449,15.0000,3.8000,MS,ISC,38,0,859.5373,360.0000,58.6000,primary
606930944,2015-01-05,20:16:13.23,28.6672,51.8666,15.0000,3.6000,mb,ISC,57,6,60.0453,152.8000,96.0000,primary
611131927,2015-01-05,22:29:39.52,28.5436,52.9186,11.0000,3.0000,ms,OMAN,22,0,421.4290,360.0000,295.9000,primary
611053590,2015-01-06,18:00:36.20,28.7950,51.8410,10.4000,3.1000,ML,TEH,9,4,94.5157,241.6000,241.6000,primary
606503742,2015-01-07,16:26:03.37,28.6741,51.8186,6.4000,3.6000,MS,ISC,318,6,55.5975,154.7000,29.5000,primary
608663139,2015-01-07,22:45:28.30,27.6800,52.4445,14.0000,3.1000,ML,ISC,21,4,80.0604,275.8000,102.0000,primary
606510566,2015-01-10,17:03:07.87,28.6930,51.8335,10.3000,4.1000,MS,ISC,539,6,55.5975,151.4000,20.5000,primary
606635940,2015-01-11,09:17:56.87,28.6945,51.7503,15.0000,3.9000,mb,ISC,71,6,47.8138,182.8000,86.6000,primary
610994413,2015-01-11,20:34:20.54,29.9294,51.8287,8.0000,3.6000,ML,ISC,60,4,37.8063,126.2000,43.4000,primary
606931529,2015-01-14,22:34:12.02,28.7491,51.8888,15.0000,3.7000,MS,ISC,85,4,58.9333,183.6000,76.9000,primary
610994435,2015-01-16,20:25:55.13,27.4756,52.8031,10.0000,3.4000,ML,ISC,29,3,38.9182,280.8000,175.6000,primary
611054212,2015-01-17,17:47:05.90,28.7320,51.7360,18.6000,3.2000,ML,TEH,8,3,98.9635,252.4000,252.4000,primary
611054250,2015-01-18,15:30:10.90,28.5080,51.9920,15.4000,3.1000,ML,TEH,11,4,103.4113,252.9000,233.5000,primary
611054251,2015-01-18,18:46:27.90,27.8750,51.9140,10.0000,3.5000,ML,TEH,11,4,128.9862,236.8000,214.1000,primary
608911477,2015-01-21,13:14:51.60,29.6650,52.3920,7.5000,3.4000,ML,TEH,33,6,12.2314,129.4000,76.4000,primary
611885405,2015-01-22,09:46:41.50,29.9790,51.2290,39.2000,3.1000,ML,KISR,4,0,349.1523,360.0000,339.8000,primary
606932015,2015-01-22,10:30:55.57,28.4415,52.9294,10.0000,3.8000,mb,ISC,31,6,12.2314,147.3000,94.0000,primary
606597018,2015-01-24,01:59:48.10,28.4237,52.9124,10.0000,3.5000,mb,ISC,79,6,14.4553,149.0000,68.8000,primary
608911511,2015-01-26,08:28:43.58,29.7578,52.1392,10.0000,3.1000,ML,ISC,23,4,37.8063,130.1000,105.2000,primary
606636023,2015-01-31,20:12:18.60,28.0167,51.8799,10.0000,4.1000,mb,ISC,109,5,110.0830,208.4000,87.4000,primary
608911565,2015-02-01,13:33:21.10,29.5150,52.0420,12.6000,3.2000,ML,TEH,28,5,41.1421,99.0000,70.2000,primary
606760259,2015-02-03,07:05:36.82,27.8714,52.6859,15.0000,4.0000,mb,ISC,117,6,75.6126,168.0000,22.6000,primary
606932811,2015-02-03,07:52:58.77,27.9247,52.7715,14.0000,4.0000,mb,ISC,75,5,66.7170,203.5000,69.2000,primary
606932871,2015-02-04,04:21:31.08,27.9198,52.7307,15.0000,3.2000,MS,ISC,132,6,68.9409,160.8000,30.4000,primary
606932880,2015-02-04,06:46:18.44,27.8936,52.7059,15.0000,2.9000,MS,ISC,90,6,72.2767,164.7000,60.3000,primary
611885410,2015-02-05,04:00:48,29.2320,50.1650,0.0000,3.4000,ML,KISR,2,0,281.3233,360.0000,352.6000,primary
606932977,2015-02-05,17:02:04.38,28.7634,52.2028,10.0000,3.7000,mb,ISC,61,6,87.8440,128.6000,113.8000,primary
610994544,2015-02-06,02:40:28.09,27.8978,52.7250,14.0000,3.2000,ML,ISC,39,5,71.1648,209.1000,137.4000,primary
606933226,2015-02-09,16:40:06.38,28.8470,52.3447,12.0000,3.7000,mb,ISC,43,6,80.0604,117.2000,108.5000,primary
606933328,2015-02-11,09:21:13.72,29.5034,51.3379,10.0000,3.7000,mb,ISC,51,5,32.2465,136.2000,77.7000,primary
608911667,2015-02-12,04:52:55.80,29.6210,51.6720,8.0000,3.3000,ML,TEH,28,6,3.3358,91.0000,70.5000,primary
606933598,2015-02-14,10:21:36.92,28.8429,52.3881,12.0000,3.6000,mb,ISC,22,5,75.6126,165.0000,107.4000,primary
611055421,2015-02-16,02:01:33.30,28.8010,51.8030,14.2000,3.2000,ML,TEH,9,4,92.2918,244.0000,210.1000,primary
606760346,2015-02-18,04:24:48.71,27.9517,51.9065,26.0000,4.0000,mb,ISC,67,5,125.6503,233.8000,76.7000,primary
611885419,2015-02-18,17:54:10.20,29.9050,50.4500,0.0000,3.8000,ML,KISR,2,0,301.3384,360.0000,354.6000,primary
606733261,2015-02-19,05:35:19.55,28.7225,51.8954,15.0000,3.4000,MS,ISC,176,6,61.1572,144.6000,29.8000,primary
611885420,2015-02-20,21:17:57.30,29.8480,50.9310,44.3000,3.4000,ML,KISR,2,0,343.5925,360.0000,348.3000,primary
606991844,2015-03-03,15:09:13.96,28.6409,51.8649,10.0000,4.1000,mb,ISC,114,6,61.1572,156.0000,47.7000,primary
611885432,2015-03-09,23:19:36.20,29.4760,50.2590,112.5000,3.3000,ML,KISR,4,0,241.2931,360.0000,333.0000,primary
611885433,2015-03-10,16:07:35.10,29.6920,51.3770,43.5000,3.4000,ML,KISR,4,0,352.4881,360.0000,340.7000,primary
608911883,2015-03-16,05:28:49.50,29.1480,52.9560,12.1000,3.1000,ML,TEH,14,5,70.0528,177.5000,86.0000,primary
611056939,2015-03-25,16:25:42.90,28.5270,52.2380,14.1000,3.3000,ML,TEH,16,5,78.9484,189.5000,189.5000,primary
611057160,2015-03-30,20:21:28,29.9320,52.0190,5.0000,3.0000,ML,TEH,17,5,50.0377,142.7000,79.3000,primary
611885449,2015-04-01,17:00:52.80,29.2110,50.2530,0.0000,,,KISR,4,0,233.5095,360.0000,334.0000,primary
607262047,2015-04-03,11:58:18.35,28.1774,51.6899,10.0000,3.6000,mb,ISC,27,6,85.6201,211.0000,136.2000,primary
608912105,2015-04-03,13:09:06.30,28.7860,51.0980,5.0000,3.3000,ML,TEH,24,3,106.7472,289.6000,170.1000,primary
608912310,2015-04-05,05:03:59.65,29.0723,51.2931,17.0000,3.5000,ML,ISC,28,5,23.3509,150.0000,88.8000,primary
608912311,2015-04-05,06:25:00.58,29.0178,51.3347,16.9000,4.0000,ML,ISC,66,4,17.7912,190.9000,76.5000,primary
607262274,2015-04-06,03:24:08.17,28.7604,51.0186,10.0000,3.3000,mb,ISC,49,2,113.4189,336.4000,134.9000,primary
611057476,2015-04-08,21:13:25.80,28.7010,52.3180,7.8000,3.3000,ML,TEH,13,5,75.6126,176.5000,176.5000,primary
608912818,2015-04-09,02:48:03.35,28.2484,51.6736,10.0000,3.7000,ML,ISC,60,6,77.8365,207.5000,145.7000,primary
611057517,2015-04-09,17:18:33.50,29.6480,51.1270,8.1000,3.0000,ML,TEH,14,3,50.0377,283.6000,263.4000,primary
608912819,2015-04-09,20:22:19.44,28.3182,51.6150,10.0000,3.2000,ML,ISC,43,6,67.8289,207.7000,153.6000,primary
607262541,2015-04-09,21:39:57.10,29.5823,51.8970,10.0000,3.6000,mb,ISC,33,4,25.5748,143.5000,108.5000,primary
607008354,2015-04-10,06:23:14.16,28.3383,51.8257,15.0000,4.1000,MS,ISC,348,6,77.8365,188.7000,28.1000,primary
608663177,2015-04-10,09:36:26.08,28.3176,51.7473,10.0000,3.5000,ML,ISC,47,6,74.5006,196.5000,143.3000,primary
607262577,2015-04-10,10:13:46.42,28.2724,51.7397,10.0000,3.7000,mb,ISC,74,6,78.9484,200.5000,54.8000,primary
607262579,2015-04-10,11:09:05.02,28.3173,51.8123,15.0000,3.8000,mb,ISC,86,6,78.9484,191.5000,49.9000,primary
607262596,2015-04-10,15:49:10.29,28.3096,51.7576,10.0000,3.6000,mb,ISC,47,6,76.7245,196.2000,124.6000,primary
608663178,2015-04-11,08:18:02.36,28.3101,51.7563,10.0000,3.4000,ML,ISC,38,6,76.7245,196.4000,173.4000,primary
607262682,2015-04-12,16:48:16.66,27.2959,52.9513,11.6000,4.6000,MS,ISC,586,4,22.2390,287.0000,17.4000,primary
607262729,2015-04-12,16:59:16.66,27.3122,52.9615,10.9000,3.9000,mb,ISC,72,4,20.0151,282.3000,42.6000,primary
607262730,2015-04-12,17:02:39.81,27.2446,52.9519,10.0000,3.5000,ML,ISC,10,4,23.3509,292.6000,186.1000,primary
607262731,2015-04-12,17:06:09.34,27.2137,52.9641,10.0000,3.7000,mb,ISC,41,2,24.4629,345.0000,112.3000,primary
607083740,2015-04-12,17:15:04.69,27.2348,52.8891,10.0000,3.7000,mb,ISC,45,4,30.0226,294.8000,138.0000,primary
611057623,2015-04-12,17:27:08.60,27.2680,52.9080,5.0000,3.4000,ML,TEH,5,3,26.6868,293.1000,293.1000,primary
611057625,2015-04-12,18:23:05.40,27.2550,52.9080,11.9000,3.5000,ML,TEH,11,4,26.6868,293.5000,262.9000,primary
611057626,2015-04-12,19:32:16.30,28.5090,51.6310,10.0000,3.3000,ML,TEH,8,4,123.4265,269.2000,268.0000,primary
611057627,2015-04-12,22:34:50.30,27.2510,52.9230,8.0000,3.1000,ML,TEH,5,4,25.5748,293.2000,293.2000,primary
607262848,2015-04-14,07:12:17.49,27.1859,52.8824,3.4000,3.7000,mb,ISC,59,4,32.2465,296.6000,56.0000,primary
611057731,2015-04-15,01:08:17.90,27.3000,52.9850,5.2000,3.4000,ML,TEH,15,4,18.9032,286.5000,245.9000,primary
607262894,2015-04-15,02:22:14.79,27.2433,52.8960,10.0000,3.7000,mb,ISC,63,4,28.9107,294.3000,57.5000,primary
607262900,2015-04-15,05:48:44.53,29.3567,52.5549,10.0000,3.7000,mb,ISC,32,5,32.2465,140.5000,81.4000,primary
611885456,2015-04-18,21:11:46.70,28.5950,50.8390,0.0000,3.4000,ML,KISR,3,0,285.7711,360.0000,344.0000,primary
608914383,2015-04-18,23:04:59.90,28.9030,51.2220,5.0000,3.3000,ML,TEH,31,3,90.0679,282.4000,163.3000,primary
607263193,2015-04-19,03:17:03.64,27.2259,52.8614,10.0000,3.7000,mb,ISC,44,4,32.2465,295.9000,86.5000,primary
607174439,2015-04-19,03:41:19.18,27.2588,52.8577,20.0000,3.6000,MS,ISC,161,4,31.1346,294.2000,31.9000,primary
611885457,2015-04-20,02:26:38.70,29.4270,50.7520,0.0000,3.4000,ML,KISR,3,0,285.7711,360.0000,342.0000,primary
607263261,2015-04-20,05:52:55.15,28.0977,52.5577,15.0000,3.8000,mb,ISC,57,7,63.3811,160.4000,118.9000,primary
607263267,2015-04-20,09:26:09.46,28.0620,52.5696,15.0000,3.8000,mb,ISC,57,7,65.6050,162.2000,104.3000,primary
607177812,2015-04-20,16:04:29.58,28.0412,52.4761,15.0000,4.4000,mb,ISC,230,7,73.3887,169.8000,28.9000,primary
607263312,2015-04-21,02:08:26.09,28.0114,52.5301,15.0000,3.6000,mb,ISC,38,7,72.2767,168.5000,123.6000,primary
611057977,2015-04-21,02:32:05.70,27.2430,52.9770,11.9000,3.3000,ML,TEH,10,4,21.1271,292.0000,279.6000,primary
607259876,2015-04-22,21:51:10.96,28.0708,52.5227,15.0000,3.8000,mb,ISC,78,7,67.8289,164.7000,72.5000,primary
607259924,2015-04-23,13:32:46.81,29.3823,51.9947,10.0000,3.9000,mb,ISC,64,5,43.3661,108.2000,35.2000,primary
611058108,2015-04-24,14:22:28.30,29.4460,52.0230,5.0000,3.2000,ML,TEH,17,5,42.2541,161.3000,161.3000,primary
611139837,2015-04-24,23:00:09.20,29.6548,52.2621,10.0000,4.6000,mb,OMAN,14,0,552.6391,360.0000,319.8000,primary
608915588,2015-04-26,09:37:29.32,29.2071,51.3338,17.0000,4.3000,mb,ISC,239,5,37.8063,140.5000,38.4000,primary
611857772,2015-05-05,19:51:31.80,29.4660,50.7660,0.0000,3.1000,ML,KISR,4,0,295.7787,360.0000,342.6000,primary
611058646,2015-05-06,11:36:28.80,28.6010,52.6540,10.8000,3.1000,ML,TEH,9,6,40.0302,159.1000,159.1000,primary
611857780,2015-05-07,01:16:43,29.2020,51.4450,44.0000,3.4000,ML,KISR,4,0,363.6076,360.0000,345.8000,primary
611058683,2015-05-07,21:45:24.10,28.6060,51.9010,12.5000,3.1000,ML,TEH,10,5,112.3070,209.2000,209.2000,primary
607222898,2015-05-08,00:25:02.72,28.8974,51.7809,23.0000,3.8000,MS,ISC,295,5,47.8138,155.3000,31.1000,primary
611058757,2015-05-08,03:19:10.92,29.8149,50.4923,22.0000,3.3000,ML,ISC,18,4,90.0679,244.8000,144.9000,primary
611058758,2015-05-08,04:40:25.70,29.5837,50.3720,25.0000,3.1000,ML,ISC,21,3,113.4189,266.7000,168.0000,primary
611857791,2015-05-08,06:23:41.30,29.5510,50.1870,0.0000,2.7000,ML,KISR,3,0,239.0692,360.0000,344.9000,primary
607634411,2015-05-09,09:48:25.99,29.5110,50.8993,24.0000,3.7000,mb,ISC,69,5,73.3887,181.2000,53.6000,primary
611058803,2015-05-09,10:12:09.20,29.2820,52.0690,8.0000,3.5000,ML,TEH,22,6,56.7094,105.7000,85.4000,primary
607634586,2015-05-11,04:50:36.39,28.9771,51.7657,10.0000,3.9000,mb,ISC,40,5,47.8138,141.2000,112.3000,primary
607281920,2015-05-16,05:38:45.53,29.5735,50.4550,10.0000,3.4000,mb,ISC,41,4,113.4189,260.5000,122.8000,primary
611857846,2015-05-19,14:22:20.80,29.7150,50.4570,85.5000,,,KISR,4,0,269.0919,360.0000,334.5000,primary
607635271,2015-05-20,07:46:31.03,27.3546,52.9990,16.2000,3.8000,mb,ISC,73,4,16.6792,266.3000,48.2000,primary
608920611,2015-05-21,03:15:09.53,29.1504,51.3334,10.0000,3.7000,ML,ISC,38,4,32.2465,202.7000,76.4000,primary
611857849,2015-05-21,14:23:33.10,29.6500,50.7950,120.9000,,,KISR,4,0,296.8906,360.0000,337.2000,primary
607635568,2015-05-24,09:10:41.16,27.7754,52.8257,14.0000,4.0000,mb,ISC,62,5,58.9333,163.9000,34.1000,primary
608921202,2015-05-25,20:32:27.99,29.6442,51.1702,24.0000,3.2000,ML,ISC,58,5,45.5899,148.4000,64.4000,primary
611059561,2015-05-29,02:37:01.60,28.1480,52.8740,10.6000,3.0000,ML,TEH,16,5,40.0302,185.9000,161.8000,primary
607274450,2015-06-01,00:02:29.29,29.8340,50.6272,10.0000,3.2000,MS,ISC,273,5,92.2918,188.4000,32.9000,primary
611887705,2015-06-05,20:01:51.60,29.5660,50.8770,0.0000,3.2000,ML,KISR,3,0,305.7862,360.0000,354.5000,primary
611060120,2015-06-15,01:13:25.80,28.9530,52.0110,12.7000,3.1000,ML,TEH,14,4,82.2843,216.8000,186.8000,primary
607515821,2015-06-26,05:16:02.70,28.5490,52.2058,15.0000,4.0000,mb,ISC,109,6,82.2843,147.0000,27.6000,primary
611060651,2015-07-02,03:03:40.10,29.9040,50.9000,8.0000,3.1000,ML,TEH,17,4,77.8365,208.1000,208.1000,primary
608957554,2015-07-09,14:31:34.40,29.5890,51.4540,13.1000,3.0000,ML,TEH,19,5,18.9032,186.3000,186.3000,primary
611060960,2015-07-11,16:48:14.80,28.3710,51.7200,8.0000,3.8000,ML,TEH,11,5,130.0981,228.4000,222.4000,primary
611855008,2015-07-14,08:48:21.30,29.0420,50.4330,0.0000,2.9000,ML,KISR,2,0,311.3460,360.0000,353.1000,primary
608958607,2015-07-18,00:41:01.40,28.6200,52.7990,9.2000,3.0000,ML,TEH,18,6,76.7245,115.1000,115.1000,primary
611061300,2015-07-21,09:27:03.50,28.4970,51.5700,8.0000,3.2000,ML,TEH,9,4,125.6503,272.5000,161.5000,primary
607508317,2015-07-23,02:20:35.14,28.2441,52.9482,10.0000,3.2000,MS,ISC,115,6,67.8289,125.5000,39.2000,primary
607643815,2015-07-24,15:10:06.20,28.0671,51.9670,26.0000,3.8000,mb,ISC,64,5,114.5309,225.6000,51.2000,primary
608961900,2015-08-04,08:08:44.30,28.2520,52.7340,11.3000,3.3000,ML,TEH,17,6,38.9182,168.1000,162.3000,primary
608095402,2015-08-06,03:10:21.09,28.5001,52.8922,16.0000,3.9000,mb,ISC,27,6,15.5673,147.7000,95.0000,primary
608963064,2015-08-13,08:49:01.33,29.3865,51.9182,10.0000,3.8000,ML,ISC,69,6,37.8063,94.2000,37.7000,primary
611064890,2015-08-20,09:22:13.60,27.4990,52.7100,14.0000,3.1000,ML,TEH,6,4,47.8138,265.5000,257.3000,primary
611855087,2015-08-22,15:14:13.60,29.6420,50.8590,1.9000,3.4000,ML,KISR,3,0,304.6743,360.0000,354.6000,primary
608964510,2015-08-24,02:45:30.08,28.2435,51.6017,10.0000,3.8000,ML,ISC,27,6,75.6126,213.8000,172.1000,primary
608964511,2015-08-24,03:02:52.32,28.1511,51.4645,16.0000,3.6000,ML,ISC,21,5,81.1723,230.4000,213.7000,primary
611065076,2015-08-25,14:54:35.20,28.4180,52.5560,16.8000,3.0000,ML,TEH,15,6,47.8138,173.3000,173.3000,primary
608964685,2015-08-25,16:36:46.13,29.8050,51.0861,10.0000,3.2000,ML,ISC,34,5,56.7094,149.0000,81.0000,primary
608964937,2015-08-27,00:01:15.25,28.3535,51.5419,24.0000,3.5000,ML,ISC,24,5,61.1572,212.2000,155.7000,primary
607726258,2015-08-28,10:53:47.64,28.5291,52.7116,16.0000,3.5000,MS,ISC,139,7,33.3585,124.1000,49.1000,primary
608722721,2015-09-04,01:59:57.20,29.4130,52.1160,11.1000,3.3000,ML,TEH,34,5,45.5899,158.4000,141.5000,primary
608723835,2015-09-07,05:29:25.79,28.6422,52.5658,10.0000,3.6000,ML,ISC,36,6,50.0377,123.8000,123.8000,primary
611065628,2015-09-12,12:34:52.40,27.7700,52.7740,8.0000,3.1000,ML,TEH,7,4,61.1572,237.8000,191.0000,primary
608726557,2015-09-16,02:39:17.35,29.5074,52.6589,10.0000,3.3000,ML,ISC,61,5,20.0151,172.3000,58.0000,primary
608728035,2015-09-20,21:19:24.21,28.4560,51.7800,15.0000,3.1000,ml,ISC,26,0,485.9221,360.0000,299.6000,primary
608098717,2015-09-21,04:20:15.03,29.6201,52.0100,10.0000,3.8000,mb,ISC,34,6,35.5824,101.6000,78.5000,primary
608099038,2015-09-25,08:36:54.79,27.7875,52.8846,14.0000,3.8000,mb,ISC,82,5,56.7094,157.0000,26.0000,primary
608099046,2015-09-25,10:22:55.43,28.3509,52.4945,16.0000,3.5000,mb,ISC,63,6,55.5975,146.8000,95.6000,primary
608973620,2015-09-29,18:58:08.30,27.7630,52.8270,8.0000,3.2000,ML,TEH,20,5,57.8214,164.9000,164.9000,primary
608974036,2015-10-03,17:55:27.60,28.5980,51.6360,5.0000,3.2000,ML,TEH,13,2,138.9937,301.0000,214.9000,primary
608974341,2015-10-06,03:27:03.40,29.7460,52.2150,5.0000,3.3000,ML,TEH,23,5,31.1346,134.7000,106.6000,primary
608731463,2015-10-09,22:05:03.70,29.7030,51.8400,10.7000,3.0000,ML,THR,9,0,355.8240,360.0000,200.7000,primary
607861851,2015-10-11,01:17:28.17,29.2785,51.3143,10.0000,4.3000,mb,ISC,216,6,45.5899,143.0000,73.2000,primary
608975455,2015-10-12,08:34:56.90,29.3640,52.5440,9.0000,3.1000,ML,TEH,22,5,31.1346,138.6000,92.3000,primary
608976536,2015-10-17,04:15:39.10,29.7880,50.7750,14.0000,3.0000,ML,THR,5,0,385.8467,360.0000,299.6000,primary
608100735,2015-10-25,14:26:16.58,29.5988,51.1607,24.0000,4.3000,mb,ISC,164,5,46.7019,151.1000,83.2000,primary
608129075,2015-11-10,21:59:23.33,27.0330,52.7490,10.0000,3.7000,mb,ISC,27,0,296.8906,360.0000,75.9000,primary
608129082,2015-11-11,00:47:50.51,27.0522,52.7738,10.0000,3.9000,mb,ISC,62,3,50.0377,319.7000,32.4000,primary
611067429,2015-11-11,01:31:02.30,27.0410,52.7960,10.0000,3.3000,ML,TEH,10,3,48.9258,319.6000,261.2000,primary
608129104,2015-11-11,04:06:54.82,27.0221,52.8039,10.0000,4.0000,mb,ISC,28,4,50.0377,303.4000,179.1000,primary
608129106,2015-11-11,04:42:12.77,26.9302,52.7799,0.0000,3.8000,mb,IDC,5,0,3985.2288,360.0000,232.0000,primary
608129128,2015-11-11,10:29:37.98,26.9321,52.7246,10.0000,4.3000,mb,ISC,38,4,62.2692,307.3000,56.8000,primary
608981804,2015-11-11,11:20:01.71,27.1263,52.8412,10.0000,3.2000,ML,ISC,11,4,40.0302,299.6000,253.4000,primary
608129323,2015-11-14,06:48:24.32,26.9824,52.6563,0.0000,3.9000,mb,IDC,3,0,3986.3407,360.0000,231.8000,primary
611067507,2015-11-14,15:51:41.20,29.1990,52.2070,5.0000,3.4000,ML,TEH,16,4,57.8214,176.6000,176.6000,primary
608129478,2015-11-16,06:26:52.85,29.1987,51.4121,17.0000,4.0000,mb,ISC,71,5,38.9182,127.4000,55.5000,primary
611858242,2015-11-19,08:13:15.40,29.3820,50.3640,0.0000,3.2000,ML,KISR,2,0,247.9648,360.0000,353.9000,primary
608129864,2015-11-20,06:36:30.35,29.2803,51.3299,20.0000,3.9000,mb,ISC,78,5,48.9258,207.3000,124.1000,primary
608129992,2015-11-22,03:11:13.17,26.8690,52.7078,35.0000,3.9000,mb,ISC,42,1,186.8076,360.0000,77.8000,primary
608083061,2015-11-25,10:28:04.10,27.9555,51.9176,10.0000,4.0000,mb,ISC,104,5,117.8667,259.8000,33.0000,primary
611067890,2015-11-26,22:43:44.10,28.3440,52.7330,10.5000,3.0000,ML,TEH,13,4,84.5082,208.9000,208.9000,primary
608083300,2015-11-28,15:32:45.44,28.3655,52.6547,16.0000,3.4000,MS,ISC,99,5,91.1799,178.8000,41.0000,primary
608126739,2015-11-29,09:37:11.53,26.9483,52.7084,10.0000,3.8000,mb,ISC,33,3,172.3522,307.2000,138.4000,primary
608984245,2015-11-30,12:49:51.80,29.6169,51.2488,10.0000,3.2000,ML,ISC,33,4,37.8063,230.4000,128.8000,primary
611067992,2015-11-30,20:45:44.21,29.6046,51.3030,10.0000,3.0000,ML,ISC,27,5,32.2465,137.2000,74.2000,primary
608731722,2015-12-01,09:24:59.50,29.4530,52.0510,4.8000,3.3000,ML,TEH,33,6,44.4780,90.7000,86.5000,primary
608186550,2015-12-03,02:59:08.85,29.8663,51.3259,15.0000,4.1000,mb,ISC,90,5,40.0302,126.9000,38.6000,primary
608079031,2015-12-04,19:23:15.50,28.9080,51.9368,23.0000,4.3000,MS,ISC,681,6,62.2692,142.1000,13.4000,primary
611068049,2015-12-04,20:44:55.50,28.9610,52.0330,20.0000,3.2000,ML,TEH,23,6,72.2767,133.2000,113.7000,primary
608186696,2015-12-05,18:28:12.96,28.8960,52.0059,23.0000,4.1000,mb,ISC,137,6,68.9409,142.2000,33.3000,primary
611068079,2015-12-05,21:54:34.20,27.0800,52.7710,8.8000,3.1000,ML,TEH,5,4,48.9258,302.5000,302.5000,primary
611068307,2015-12-14,10:44:56.10,28.9640,52.2530,8.3000,3.4000,ML,TEH,23,6,78.9484,127.3000,110.2000,primary
611068740,2015-12-27,06:47:15.99,29.9756,50.3335,10.0000,3.2000,ML,ISC,30,3,70.0528,211.0000,97.8000,primary
608988028,2015-12-31,12:42:12.71,29.2980,51.3151,10.0000,3.6000,ML,ISC,34,6,47.8138,200.8000,121.4000,primary
611005054,2016-01-01,02:25:06.76,28.3940,52.8549,6.3000,3.0000,ML,ISC,38,8,17.7912,123.9000,86.8000,primary
608347028,2016-01-06,06:10:59.20,29.1259,51.3587,17.0000,3.4000,mb,ISC,61,6,30.0226,135.0000,62.2000,primary
608304945,2016-01-07,19:37:21.65,29.3486,51.4539,20.0000,4.2000,mb,ISC,182,7,35.5824,124.3000,34.5000,primary
611068896,2016-01-12,13:20:17.80,27.9340,52.7910,19.2000,3.5000,ML,TEH,14,5,64.4931,201.2000,178.6000,primary
608347539,2016-01-14,02:15:11.50,27.0127,52.7369,10.0000,3.8000,mb,ISC,19,4,55.5975,305.1000,198.9000,primary
608347850,2016-01-18,15:01:28.75,28.4237,52.9580,8.5000,3.6000,mb,ISC,19,6,10.0075,146.1000,146.1000,primary
611068915,2016-01-19,16:55:02,28.3950,51.9270,11.2000,3.1000,ML,TEH,10,5,110.0830,215.0000,215.0000,primary
611068936,2016-01-30,11:59:34.70,29.2710,51.3170,7.2000,3.1000,ML,TEH,23,7,45.5899,142.7000,140.8000,primary
608498470,2016-02-05,12:53:51.58,28.6628,52.4311,16.0000,4.0000,mb,ISC,124,6,63.3811,170.8000,27.3000,primary
611005322,2016-02-10,18:53:06.49,28.8492,51.3419,17.0000,3.4000,ML,ISC,48,5,4.4478,179.0000,103.3000,primary
611068950,2016-02-12,22:05:45.40,27.7440,52.4520,16.6000,3.2000,ML,TEH,17,6,80.0604,195.5000,195.5000,primary
611068956,2016-02-17,10:46:53.40,28.8420,51.9190,20.4000,3.2000,ML,TEH,13,4,91.1799,232.7000,178.3000,primary
611068961,2016-02-22,05:30:40.77,29.7411,52.2299,10.0000,3.5000,ML,ISC,39,7,30.0226,135.2000,55.2000,primary
608497006,2016-02-23,22:28:27.04,28.1629,51.7587,26.0000,3.8000,mb,ISC,83,7,90.0679,206.8000,49.5000,primary
608497119,2016-02-25,10:17:29.89,29.0346,51.4606,17.0000,3.9000,mb,ISC,50,5,24.4629,154.3000,82.6000,primary
611068965,2016-02-25,13:27:38.20,29.0630,51.5170,4.6000,3.4000,ML,TEH,25,5,31.1346,146.3000,103.9000,primary
608534084,2016-03-08,03:51:51.52,28.5569,52.8456,10.0000,3.9000,mb,ISC,82,7,21.1271,116.2000,60.5000,primary
611005442,2016-03-09,14:07:51.24,29.5931,51.8947,8.4000,3.5000,ML,ISC,44,6,25.5748,95.1000,62.3000,primary
611068980,2016-03-13,02:21:34.30,29.7040,50.6830,15.3000,3.0000,ML,TEH,17,4,93.4038,242.3000,208.7000,primary
611068984,2016-03-17,14:25:58.70,29.6840,51.5090,8.0000,3.5000,ML,TEH,21,4,14.4553,193.0000,178.8000,primary
611068986,2016-03-19,10:48:35.20,28.5530,51.6620,11.0000,3.2000,ML,TEH,6,4,118.9787,265.6000,227.0000,primary
611068987,2016-03-20,21:57:14.50,29.6760,51.4550,8.0000,3.2000,ML,TEH,26,4,18.9032,175.3000,153.1000,primary
608578834,2016-03-25,04:49:37.04,28.5630,52.1628,15.0000,3.0000,MS,ISC,89,3,86.7321,232.1000,28.6000,primary
611068998,2016-03-30,10:25:21.40,28.6130,52.4780,15.1000,3.3000,ML,TEH,9,5,57.8214,169.9000,169.9000,primary
611069001,2016-04-01,01:32:47.70,29.2290,51.3540,11.8000,3.0000,ML,TEH,21,6,41.1421,137.2000,136.1000,primary
611069002,2016-04-01,22:51:40.40,27.7440,53.0000,8.4000,3.0000,ML,TEH,8,4,47.8138,203.1000,187.4000,primary
608812060,2016-04-03,15:45:03.35,28.6031,52.1040,15.0000,3.6000,mb,ISC,41,6,84.5082,147.2000,95.4000,primary
611069019,2016-04-08,07:57:20.90,27.9000,52.8860,11.2000,3.1000,ML,TEH,13,5,65.6050,148.8000,148.8000,primary
608619655,2016-04-11,11:44:42.75,28.5397,52.1200,12.3000,3.3000,MS,ISC,174,6,87.8440,152.2000,27.9000,primary
608812847,2016-04-14,01:30:54.20,28.5726,52.2084,10.0000,3.5000,mb,ISC,36,6,82.2843,144.9000,94.7000,primary
611069032,2016-04-18,11:03:04.50,27.5270,52.5910,11.4000,3.3000,ML,TEH,16,4,60.0453,272.9000,163.6000,primary
611025801,2016-04-23,12:15:32.89,27.5528,52.6099,14.0000,3.8000,ML,ISC,50,4,60.0453,205.5000,125.1000,primary
608811277,2016-04-23,19:53:58.76,27.5015,52.5433,14.0000,3.6000,mb,ISC,75,5,63.3811,215.1000,74.0000,primary
611025807,2016-04-27,17:09:11.60,27.5500,52.6890,20.0000,3.1000,ML,TEH,26,4,52.2616,262.5000,146.3000,primary
611025814,2016-05-01,23:48:01.80,29.6330,51.8710,12.0000,3.1000,ML,TEH,34,5,22.2390,144.0000,75.4000,primary
611025815,2016-05-02,09:52:52.90,29.6600,51.8710,12.0000,3.4000,ML,TEH,38,6,22.2390,101.8000,73.8000,primary
608637237,2016-05-06,17:33:17.71,28.5653,52.3731,16.0000,4.1000,mb,ISC,174,6,66.7170,137.7000,24.7000,primary
608639597,2016-05-10,00:05:45.50,27.8126,52.1102,26.0000,3.2000,MS,ISC,218,4,116.7548,209.2000,19.1000,primary
609344559,2016-05-10,03:43:39.45,27.8370,52.1016,26.0000,3.6000,mb,ISC,38,3,116.7548,294.9000,64.7000,primary
608939716,2016-05-10,06:28:05.56,27.7701,52.0616,26.0000,3.8000,mb,ISC,63,3,118.9787,297.3000,97.6000,primary
608642529,2016-05-10,13:20:19.04,29.2486,52.0570,10.0000,3.5000,MS,ISC,301,5,57.8214,108.9000,24.9000,primary
609344713,2016-05-11,08:09:42.97,27.4899,52.5403,14.0000,3.6000,mb,ISC,65,5,63.3811,216.6000,99.8000,primary
609344732,2016-05-11,11:39:43.57,27.8132,52.0892,26.0000,4.0000,mb,ISC,41,4,117.8667,210.4000,96.9000,primary
608732124,2016-05-14,01:19:13.41,28.0076,52.4293,15.0000,3.7000,MS,ISC,325,6,103.4113,175.4000,23.9000,primary
611025845,2016-05-19,06:24:09.90,27.7870,52.7770,7.7000,3.3000,ML,TEH,11,4,62.2692,236.7000,200.2000,primary
611025850,2016-05-22,07:32:21.70,28.8680,50.2170,18.9000,3.2000,ML,TEH,20,3,105.6352,271.0000,249.3000,primary
611025860,2016-05-26,15:40:24.10,28.6250,52.2080,7.4000,3.1000,ML,TEH,16,6,83.3962,140.5000,140.5000,primary
611025861,2016-05-26,19:32:47.60,29.1060,52.7050,9.2000,3.4000,ML,TEH,26,5,62.2692,145.2000,92.4000,primary
611025870,2016-06-02,13:19:26.20,28.7830,51.4050,5.0000,3.1000,ML,TEH,12,4,14.4553,208.3000,208.3000,primary
609347800,2016-06-06,04:06:55.20,29.4780,51.3895,10.0000,3.5000,mb,ISC,75,5,28.9107,178.8000,48.2000,primary
611025874,2016-06-07,08:35:50.10,28.0850,52.4930,22.7000,3.0000,ML,TEH,15,7,68.9409,165.5000,165.5000,primary
611025876,2016-06-08,06:01:52.26,29.1501,51.3605,11.7000,3.5000,ML,ISC,54,5,32.2465,135.2000,100.5000,primary
611025877,2016-06-08,08:55:55.80,28.0520,52.5140,17.4000,3.1000,ML,TEH,19,7,70.0528,166.6000,152.1000,primary
611025905,2016-06-24,03:49:15.80,28.8970,52.7830,11.5000,3.1000,ML,TEH,11,5,86.7321,136.5000,101.2000,primary
609349884,2016-06-25,20:14:15.95,28.1722,51.5992,16.0000,4.0000,mb,ISC,131,5,82.2843,218.3000,28.1000,primary
609107345,2016-07-02,03:49:49.64,29.3547,51.3507,20.4000,3.6000,MS,ISC,603,6,41.1421,137.1000,18.6000,primary
609350551,2016-07-06,07:13:02.21,28.4842,51.6623,24.0000,3.9000,mb,ISC,63,6,55.5975,189.3000,82.8000,primary
611025928,2016-07-10,21:34:49.50,28.3610,51.8630,15.0000,3.1000,ML,TEH,9,6,78.9484,184.1000,184.1000,primary
611025929,2016-07-10,22:38:46.65,28.3707,51.9026,15.0000,3.5000,ML,ISC,39,6,81.1723,180.5000,148.0000,primary
611025930,2016-07-10,22:51:27.70,28.3701,51.8750,10.0000,3.2000,ML,ISC,30,6,78.9484,182.4000,174.6000,primary
609383460,2016-07-11,03:53:18.69,28.3763,51.9082,15.0000,3.6000,mb,ISC,49,6,81.1723,179.6000,66.7000,primary
611025931,2016-07-11,04:44:08.80,28.3620,51.8740,19.3000,3.5000,ML,TEH,32,6,78.9484,183.2000,169.1000,primary
609383463,2016-07-11,05:11:20.51,28.3024,51.8639,15.0000,3.8000,mb,ISC,57,6,83.3962,188.8000,55.4000,primary
611025932,2016-07-12,01:19:23.80,28.3710,51.8790,16.4000,3.1000,ML,TEH,10,6,78.9484,182.1000,182.1000,primary
611025956,2016-07-29,00:29:15.80,28.3210,52.0560,16.3000,3.2000,ML,TEH,9,6,95.6277,174.5000,174.5000,primary
609374719,2016-07-29,08:01:47.20,28.1048,52.2718,15.0000,3.7000,mb,ISC,47,6,86.7321,177.9000,51.9000,primary
611025959,2016-07-29,12:45:30.24,28.1404,52.3612,15.0000,3.1000,ML,ISC,26,6,76.7245,169.7000,96.8000,primary
612651593,2016-08-21,16:43:01.50,28.5595,51.4336,10.0000,3.1000,ML,DSN,6,0,542.6316,360.0000,318.6000,primary
609470175,2016-08-26,17:47:16.82,29.7513,50.6013,10.0000,3.4000,mb,ISC,57,4,100.0755,242.8000,151.8000,primary
609470181,2016-08-26,18:57:37.92,29.6015,50.3492,25.0000,3.6000,mb,ISC,87,3,111.1950,266.7000,69.2000,primary
611099407,2016-08-26,22:40:12.49,29.3202,50.5534,10.0000,3.3000,ML,ISC,14,0,659.3863,360.0000,262.7000,primary
611006309,2016-08-27,04:22:44.77,29.7546,50.5616,22.0000,3.4000,mb,ISC,66,5,97.8516,198.5000,135.4000,primary
611006310,2016-08-27,05:01:07.73,29.7278,50.5639,25.0000,3.2000,ML,ISC,41,5,101.1874,199.6000,185.9000,primary
611026012,2016-08-30,18:10:55.20,28.4780,52.9690,5.0000,3.0000,ML,TEH,16,6,7.7837,113.8000,113.8000,primary
611099412,2016-08-30,19:42:38.82,29.8306,50.4867,22.0000,3.2000,ML,ISC,45,3,132.3220,255.2000,151.7000,primary
611026035,2016-09-12,10:47:04.83,29.8594,50.8181,22.0000,3.3000,ML,ISC,48,5,83.3962,169.5000,106.0000,primary
611026050,2016-09-21,15:18:19.30,29.9070,50.8860,11.9000,3.0000,ML,TEH,21,5,78.9484,160.8000,160.8000,primary
612508737,2016-09-23,10:51:50,28.4769,51.8806,40.0000,,,GSI,10,0,1624.5589,360.0000,346.9000,primary
609567032,2016-09-27,11:11:48.06,29.6395,51.5830,13.4000,4.2000,mb,ISC,169,5,5.5598,162.2000,35.2000,primary
611026059,2016-09-29,15:07:17.60,29.6540,50.9110,19.8000,3.3000,ML,TEH,32,5,71.1648,172.2000,168.7000,primary
611026063,2016-10-01,21:03:09.10,29.0690,51.2540,8.3000,3.0000,ML,TEH,19,5,23.3509,160.6000,157.2000,primary
611026079,2016-10-13,05:37:56.50,29.4080,52.7240,11.3000,3.0000,ML,TEH,27,5,33.3585,178.3000,83.8000,primary
611026091,2016-10-21,05:19:05.40,29.7240,51.5440,8.3000,3.2000,ML,TEH,31,5,14.4553,114.0000,114.0000,primary
611026099,2016-10-25,12:34:19.40,28.2440,52.9750,11.9000,3.3000,ML,TEH,36,6,26.6868,123.7000,68.6000,primary
615045385,2016-11-17,21:27:49.90,29.5160,51.3740,15.5000,3.2000,ML,TEH,47,6,28.9107,132.2000,122.1000,primary
615059480,2016-11-22,00:43:42.60,28.3000,51.5140,15.1000,3.3000,ML,TEH,25,5,65.6050,218.3000,207.8000,primary
615066296,2016-11-23,23:33:27.50,29.3000,51.3750,5.0000,3.0000,ML,TEH,24,4,44.4780,177.0000,126.4000,primary
611026148,2016-12-02,00:55:46,26.6600,52.9240,6.0000,3.0000,ML,TEH,26,2,78.9484,325.7000,74.1000,primary
610119537,2016-12-03,12:37:08.83,28.5722,51.8603,15.0000,4.0000,mb,ISC,96,6,63.3811,164.0000,41.3000,primary
610121291,2016-12-18,14:43:33.50,29.4912,50.9243,10.0000,4.0000,mb,ISC,113,6,71.1648,167.2000,49.1000,primary
611026165,2016-12-18,15:02:59.20,29.5660,50.9350,11.3000,3.1000,ML,TEH,33,5,68.9409,214.8000,159.6000,primary
611026166,2016-12-18,15:40:48.10,29.5560,51.0060,16.1000,3.1000,ML,TEH,27,6,62.2692,158.8000,158.8000,primary
611026167,2016-12-18,16:36:07.60,29.5540,50.9450,15.3000,3.0000,ML,TEH,24,6,67.8289,163.5000,163.5000,primary
609925224,2016-12-18,16:43:45.25,29.3746,50.8897,10.0000,4.3000,mb,ISC,177,6,68.9409,173.8000,37.3000,primary
611026168,2016-12-18,16:47:42.50,29.5660,51.0020,17.2000,3.2000,ML,TEH,33,6,62.2692,158.7000,158.7000,primary
611026169,2016-12-18,16:51:38.40,29.5390,50.9520,17.2000,3.3000,ML,TEH,31,6,66.7170,163.5000,163.5000,primary
610121314,2016-12-18,16:59:15.26,29.5294,50.8956,10.0000,3.8000,mb,ISC,52,6,73.3887,168.1000,96.6000,primary
610050459,2016-12-18,17:15:01.01,29.4266,50.9400,10.0000,3.9000,mb,ISC,141,6,71.1648,168.1000,37.3000,primary
610050460,2016-12-18,17:40:54.06,29.4792,50.9741,10.0000,3.3000,MS,ISC,184,5,66.7170,163.7000,37.3000,primary
610121321,2016-12-18,17:42:46.39,29.4348,50.8521,10.0000,3.6000,MS,ISC,49,5,78.9484,174.6000,50.9000,primary
610121326,2016-12-18,17:53:43.23,29.4571,50.9529,10.0000,3.8000,mb,ISC,103,5,68.9409,166.1000,37.3000,primary
610121329,2016-12-18,18:26:21.32,29.4152,50.8474,10.0000,3.7000,mb,ISC,86,5,80.0604,175.7000,59.5000,primary
610121331,2016-12-18,18:47:40.25,29.5459,50.9295,10.0000,3.8000,mb,ISC,65,5,68.9409,164.9000,92.0000,primary
609925451,2016-12-18,20:38:26.69,29.4550,50.9606,10.0000,4.5000,mb,ISC,226,5,67.8289,165.5000,36.9000,primary
610121349,2016-12-18,21:13:40.88,29.5099,50.8618,10.0000,3.7000,mb,ISC,58,5,76.7245,171.3000,98.2000,primary
611026170,2016-12-18,21:21:47.80,29.5490,50.9440,19.8000,3.1000,ML,TEH,26,5,67.8289,163.7000,163.7000,primary
611026171,2016-12-18,21:29:11.30,29.5780,50.8720,12.2000,3.0000,ML,TEH,35,5,74.5006,168.2000,152.4000,primary
611026172,2016-12-18,22:17:24.20,29.5470,50.9840,19.5000,3.1000,ML,TEH,33,5,64.4931,160.8000,147.8000,primary
610121360,2016-12-18,22:42:24.91,29.3871,50.8603,10.0000,3.7000,mb,ISC,61,5,80.0604,175.7000,68.8000,primary
611026174,2016-12-19,01:07:26.60,29.5570,50.8150,8.7000,3.1000,ML,TEH,33,5,80.0604,173.3000,155.4000,primary
610121391,2016-12-19,02:43:21.94,29.5186,50.9061,24.0000,3.8000,mb,ISC,57,5,72.2767,167.7000,96.3000,primary
611026176,2016-12-19,07:46:06.50,29.5680,50.9670,17.9000,3.4000,ML,TEH,39,6,65.6050,161.2000,156.1000,primary
610121470,2016-12-19,14:29:03.52,29.5044,50.9333,24.0000,3.8000,mb,ISC,72,6,70.0528,166.0000,95.4000,primary
610121501,2016-12-19,17:33:47.46,29.5083,50.9231,24.0000,3.7000,mb,ISC,75,6,71.1648,166.7000,55.6000,primary
610121502,2016-12-19,17:34:48.19,29.5123,50.9117,24.0000,4.1000,mb,ISC,76,6,71.1648,167.4000,53.7000,primary
610121503,2016-12-19,17:40:07.89,29.5373,50.8852,24.0000,3.6000,mb,ISC,61,6,73.3887,168.6000,96.9000,primary
611026179,2016-12-20,17:42:44,27.7410,52.3730,5.0000,3.0000,ML,TEH,4,4,90.0679,183.1000,183.1000,primary
610121652,2016-12-20,21:27:39.11,29.4804,50.9339,10.0000,3.8000,mb,ISC,88,5,70.0528,166.8000,55.1000,primary
611026180,2016-12-21,12:05:46.10,29.5850,50.9680,11.0000,3.1000,ML,TEH,33,6,65.6050,160.6000,157.4000,primary
610121833,2016-12-22,17:34:32.29,29.4841,50.8680,24.0000,3.7000,mb,ISC,65,6,76.7245,171.7000,98.3000,primary
610121873,2016-12-23,02:14:28.25,29.9435,51.3554,15.0000,3.6000,mb,ISC,38,6,44.4780,121.7000,44.3000,primary
611026190,2016-12-25,21:31:59.80,29.7980,51.8650,8.0000,3.0000,ML,TEH,16,7,28.9107,116.3000,92.9000,primary
611026193,2016-12-27,20:56:48.40,27.9670,52.1080,11.0000,3.1000,ML,TEH,7,7,94.5157,174.6000,174.6000,primary
611118953,2016-12-28,20:43:57.47,29.2441,50.5625,10.0000,,,ISC,18,0,679.4014,360.0000,269.4000,primary
611026195,2016-12-29,10:55:17.50,29.5370,50.8940,18.6000,3.0000,ML,TEH,15,5,73.3887,217.6000,162.6000,primary
611026197,2016-12-29,13:24:07.80,29.5930,51.5020,15.1000,3.4000,ML,TEH,47,6,13.3434,119.1000,119.0000,primary
609949340,2017-01-02,00:29:40.80,29.4639,50.8135,24.0000,4.3000,MS,ISC,264,6,81.1723,176.6000,50.9000,primary
610236430,2017-01-02,00:32:38.67,29.4710,50.8626,24.0000,4.0000,mb,ISC,63,6,76.7245,172.6000,56.8000,primary
609949341,2017-01-02,00:38:13.41,29.5045,50.8624,24.0000,4.2000,mb,ISC,215,6,76.7245,171.4000,52.8000,primary
609949342,2017-01-02,00:42:08.25,29.4894,50.9116,24.0000,4.7000,MS,ISC,334,6,72.2767,168.2000,41.8000,primary
615296308,2017-01-02,00:55:44.93,29.4524,50.9518,24.0000,3.3000,ML,ISC,53,6,68.9409,166.4000,147.6000,primary
615390777,2017-01-02,01:11:46,29.5840,50.8130,24.9000,3.1000,ML,TEH,30,6,80.0604,172.5000,154.9000,primary
615390778,2017-01-02,01:13:17,29.6210,50.8810,10.0000,2.8000,ML,TEH,5,5,73.3887,218.7000,218.7000,primary
615390779,2017-01-02,01:52:15.20,29.5430,50.9080,8.0000,2.6000,ML,TEH,8,5,84.5082,166.6000,166.6000,primary
610236444,2017-01-02,06:43:04.05,29.5474,50.9172,24.0000,4.3000,mb,ISC,104,6,70.0528,165.8000,52.0000,primary
615390780,2017-01-02,08:06:50.70,29.5770,50.8690,8.0000,2.8000,ML,TEH,7,3,140.1057,219.4000,163.1000,primary
615390781,2017-01-02,09:44:55.90,29.5470,50.8860,9.5000,2.9000,ML,TEH,7,4,85.6201,218.2000,195.7000,primary
615390784,2017-01-02,19:16:14.40,28.9880,51.4340,8.0000,2.8000,ML,TEH,5,4,18.9032,190.5000,151.4000,primary
615390786,2017-01-03,03:39:08.90,29.5380,50.9600,8.5000,2.6000,ML,TEH,6,4,81.1723,213.0000,158.9000,primary
615390787,2017-01-03,03:43:09.40,29.5840,50.8590,8.0000,2.6000,ML,TEH,5,4,90.0679,220.1000,220.1000,primary
615390790,2017-01-03,18:34:39.70,27.3940,52.5270,25.5000,3.1000,ML,TEH,7,4,63.3811,215.7000,215.7000,primary
615390943,2017-01-04,14:29:59.70,29.5660,50.9530,8.0000,2.9000,ML,TEH,12,5,84.5082,162.4000,158.6000,primary
615390944,2017-01-04,23:23:52.40,29.5510,50.8920,17.1000,3.0000,ML,TEH,23,6,73.3887,167.5000,162.4000,primary
615390948,2017-01-05,02:25:48.70,29.5670,50.8760,8.0000,2.9000,ML,TEH,8,4,87.8440,218.9000,163.0000,primary
610236790,2017-01-05,19:12:45.22,28.7927,51.6022,10.0000,3.6000,mb,ISC,74,6,31.1346,111.5000,79.1000,primary
615390963,2017-01-07,05:02:31.70,29.5960,50.7950,8.0000,2.7000,ML,TEH,8,3,94.5157,286.3000,166.7000,primary
610237336,2017-01-14,04:52:17.99,29.7526,51.4959,9.4000,2.9000,MS,ISC,74,6,20.0151,117.1000,51.6000,primary
615392353,2017-01-14,11:33:19.90,27.8350,51.7180,10.7000,2.9000,ML,TEH,4,3,73.3887,261.4000,261.4000,primary
610098890,2017-01-17,10:41:15.84,29.5970,51.5409,19.3000,3.9000,MS,ISC,406,7,10.0075,115.7000,34.8000,primary
615392413,2017-01-17,10:49:04,29.6940,51.5290,11.0000,3.1000,ML,TEH,30,6,13.3434,115.7000,115.7000,primary
615392414,2017-01-17,11:37:56.20,29.7120,51.5670,7.3000,2.9000,ML,TEH,10,6,12.2314,112.4000,112.4000,primary
615392427,2017-01-18,00:43:29.80,29.6620,50.6170,16.7000,2.5000,ML,TEH,11,5,110.0830,185.2000,185.2000,primary
615392429,2017-01-18,23:47:56.50,29.5940,51.5930,10.0000,2.6000,ML,TEH,7,6,5.5598,111.3000,111.3000,primary
615392440,2017-01-19,04:57:41.60,29.8390,52.0670,8.0000,3.3000,ML,TEH,34,8,47.8138,136.0000,55.9000,primary
610237705,2017-01-19,05:33:13.68,29.5747,51.5134,12.3000,3.6000,mb,ISC,49,7,13.3434,118.3000,114.3000,primary
615392441,2017-01-19,12:26:53.20,29.9090,52.0760,5.0000,2.5000,ML,TEH,6,5,51.1497,145.7000,117.1000,primary
615392463,2017-01-20,03:49:10.30,29.7250,51.5490,10.0000,2.6000,ML,TEH,7,5,14.4553,167.1000,159.0000,primary
615392464,2017-01-20,04:48:22.70,29.7050,51.5210,9.3000,3.1000,ML,TEH,34,6,14.4553,116.1000,116.1000,primary
615392467,2017-01-20,15:09:07.30,29.7160,51.5290,10.0000,2.6000,ML,TEH,5,4,14.4553,172.4000,172.4000,primary
610104692,2017-01-20,22:58:32.68,29.6194,51.5122,12.8000,3.5000,MS,ISC,384,7,12.2314,118.0000,20.8000,primary
615296432,2017-01-20,23:10:00.30,29.6860,51.4930,8.8000,3.4000,ML,TEH,63,6,15.5673,118.6000,88.1000,primary
615392470,2017-01-20,23:34:22.90,29.6990,51.5900,10.4000,2.6000,ML,TEH,7,6,10.0075,110.8000,110.8000,primary
615392482,2017-01-21,01:44:55.40,29.6930,51.5360,8.5000,3.0000,ML,TEH,28,6,12.2314,115.0000,115.0000,primary
615392506,2017-01-22,12:04:31,29.7000,51.5380,8.0000,2.5000,ML,TEH,7,5,13.3434,167.6000,167.6000,primary
615392522,2017-01-23,08:29:25.80,29.7090,51.5840,8.9000,2.9000,ML,TEH,10,6,11.1195,111.1000,111.1000,primary
610235238,2017-01-24,04:05:28.48,28.5695,52.0412,15.0000,3.9000,mb,ISC,43,7,80.0604,112.8000,112.8000,primary
615392549,2017-01-25,00:00:42.60,29.6970,51.5300,6.0000,2.8000,ML,TEH,7,6,13.3434,115.6000,115.6000,primary
615392555,2017-01-25,10:00:28.30,27.9780,51.7010,19.7000,3.3000,ML,TEH,26,6,61.1572,198.8000,198.8000,primary
615392571,2017-01-26,01:05:14.50,29.7210,51.5370,8.0000,2.7000,ML,TEH,7,6,14.4553,114.6000,114.6000,primary
615392579,2017-01-26,19:23:35.70,27.8620,51.6150,8.6000,2.7000,ML,TEH,5,4,65.6050,217.5000,217.5000,primary
615392619,2017-01-28,13:59:05.20,28.4790,51.6590,12.0000,2.5000,ML,TEH,4,3,41.1421,219.2000,219.2000,primary
615392671,2017-01-31,09:55:04.70,29.8310,51.6910,7.1000,2.5000,ML,TEH,8,5,23.3509,156.1000,150.2000,primary
615392679,2017-02-02,07:51:49.90,29.7050,51.5570,8.0000,2.9000,ML,TEH,6,4,12.2314,170.2000,162.3000,primary
615392683,2017-02-03,01:38:29.30,29.6860,52.1700,10.0000,2.7000,ML,TEH,6,5,33.3585,118.9000,93.4000,primary
615392686,2017-02-03,16:18:44,29.5950,51.9350,5.0000,2.9000,ML,TEH,13,5,28.9107,121.3000,121.3000,primary
615392693,2017-02-05,01:05:10.50,29.6910,51.7660,14.2000,2.5000,ML,TEH,8,5,14.4553,114.2000,106.8000,primary
615392697,2017-02-05,23:04:45.30,29.3290,50.3930,18.0000,2.9000,ML,TEH,6,3,102.2994,213.1000,196.5000,primary
615392698,2017-02-05,23:29:42.10,29.0650,51.2990,14.8000,2.7000,ML,TEH,7,5,22.2390,205.2000,184.6000,primary
615392701,2017-02-08,00:03:55.60,29.5390,50.9370,23.2000,2.7000,ML,TEH,9,6,68.9409,164.6000,164.6000,primary
610216922,2017-02-15,15:37:26.79,29.6031,51.5823,21.7000,3.1000,MS,ISC,192,7,5.5598,112.2000,38.1000,primary
615386101,2017-02-15,18:12:33.20,29.6710,51.5150,11.9000,3.1000,ML,TEH,26,6,13.3434,169.3000,118.9000,primary
615386103,2017-02-16,00:22:41.20,29.6850,51.4400,3.4000,2.6000,ML,TEH,7,5,20.0151,176.9000,167.2000,primary
615386132,2017-02-22,09:11:25.60,29.5720,52.1950,8.0000,2.5000,ML,TEH,5,4,32.2465,138.6000,138.6000,primary
615386133,2017-02-22,11:50:20.30,28.5270,52.5760,17.0000,2.9000,ML,TEH,5,4,45.5899,170.0000,115.7000,primary
615386137,2017-02-23,16:54:13.30,29.5780,50.8330,10.0000,2.7000,ML,TEH,4,4,91.1799,221.8000,221.8000,primary
615386138,2017-02-23,17:03:16.20,29.5860,50.8280,10.0000,2.8000,ML,TEH,6,3,142.3296,222.2000,218.3000,primary
615386140,2017-02-23,20:07:02.80,29.5490,52.2360,10.0000,2.6000,ML,TEH,4,4,28.9107,147.1000,147.1000,primary
610384916,2017-02-24,03:47:59.65,29.0872,51.6292,17.0000,3.8000,mb,ISC,64,6,41.1421,128.1000,53.7000,primary
615386144,2017-02-24,10:23:22.20,29.8670,50.3990,17.0000,2.6000,ML,TEH,7,3,141.2176,248.8000,179.1000,primary
615386160,2017-02-26,06:08:35.60,28.0420,51.7130,24.6000,2.8000,ML,TEH,8,4,56.7094,239.2000,239.2000,primary
615386163,2017-02-26,11:49:41,29.6850,51.5600,12.5000,2.8000,ML,TEH,10,6,10.0075,113.3000,113.3000,primary
615386166,2017-02-27,01:49:32.60,29.1170,52.7650,10.0000,2.5000,ML,TEH,4,4,63.3811,181.6000,181.6000,primary
615386209,2017-03-02,16:29:49.70,27.5780,52.9230,10.0000,2.8000,ML,TEH,6,3,35.5824,160.6000,160.6000,primary
615386211,2017-03-02,22:23:10.80,29.5320,52.4280,5.0000,2.8000,ML,TEH,13,6,14.4553,101.0000,86.4000,primary
615386234,2017-03-06,15:53:20.40,29.8290,51.6550,6.0000,2.5000,ML,TEH,4,4,22.2390,186.4000,186.4000,primary
615386270,2017-03-12,07:28:40.10,28.1630,51.9970,12.0000,3.2000,ML,TEH,13,7,75.6126,159.1000,159.1000,primary
615386268,2017-03-12,16:32:21.43,28.6416,52.8509,16.0000,3.0000,ML,ISC,39,7,26.6868,118.2000,101.8000,primary
615386277,2017-03-13,07:51:41.90,29.0370,51.2250,11.3000,2.7000,ML,TEH,6,4,20.0151,214.2000,191.7000,primary
615386278,2017-03-13,18:02:56.50,29.5070,51.3750,10.0000,2.9000,ML,TEH,9,5,28.9107,180.9000,134.4000,primary
615386299,2017-03-16,18:30:52,29.6920,51.5050,10.0000,2.8000,ML,TEH,8,4,15.5673,260.4000,123.8000,primary
615386300,2017-03-16,18:40:32.10,29.6730,51.5210,12.3000,3.3000,ML,TEH,32,7,12.2314,116.6000,116.6000,primary
610346937,2017-03-16,18:42:56.21,29.5889,51.5831,15.7000,4.2000,mb,ISC,120,8,6.6717,112.2000,62.2000,primary
610331465,2017-03-17,00:02:57.66,29.5905,51.5610,16.7000,3.4000,MS,ISC,309,7,8.8956,114.0000,35.1000,primary
610546346,2017-03-17,00:15:23.21,29.5973,51.5635,20.0000,4.2000,mb,ISC,174,7,7.7837,113.8000,35.1000,primary
610546348,2017-03-17,00:35:58.88,29.6686,51.5493,20.0000,3.8000,mb,ISC,97,7,10.0075,114.3000,55.5000,primary
615386313,2017-03-19,12:14:53.90,29.7370,51.4920,10.0000,2.9000,ML,TEH,8,5,18.9032,172.7000,124.7000,primary
615386315,2017-03-19,17:10:49.50,28.2130,52.2010,10.0000,2.7000,ML,TEH,4,4,87.8440,204.2000,204.2000,primary
615386341,2017-03-24,05:43:26.10,28.5470,52.9560,5.0000,2.9000,ML,TEH,10,7,11.1195,113.6000,92.2000,primary
615386361,2017-03-28,10:31:27.30,29.5740,51.5350,18.1000,3.2000,ML,TEH,23,6,11.1195,116.3000,116.3000,primary
615296917,2017-03-30,14:52:18.10,29.8820,52.1220,5.5000,3.1000,ML,TEH,27,6,46.7019,147.0000,56.1000,primary
615296923,2017-03-31,08:53:27.34,28.1188,51.8936,10.0000,3.5000,ML,ISC,46,6,67.8289,169.3000,83.7000,primary
615386378,2017-03-31,08:57:11.70,29.2090,51.3020,10.0000,2.8000,ML,TEH,4,3,37.8063,212.8000,185.4000,primary
615386385,2017-04-01,19:57:45.50,28.4700,52.8150,10.0000,2.9000,ML,TEH,7,7,74.5006,101.3000,101.3000,primary
615386400,2017-04-04,01:39:31.50,28.0490,51.7010,28.0000,3.0000,ML,TEH,13,7,55.5975,190.7000,190.7000,primary
615386568,2017-04-06,11:54:57.90,28.9720,52.4780,10.0000,2.7000,ML,TEH,3,3,74.5006,238.1000,238.1000,primary
615386620,2017-04-08,00:53:04.70,27.3590,52.8510,6.0000,3.0000,ML,TEH,5,5,31.1346,211.8000,211.8000,primary
615386650,2017-04-09,11:16:28.20,29.4510,51.5390,10.0000,2.7000,ML,TEH,5,5,21.1271,161.6000,161.6000,primary
615386666,2017-04-10,17:54:23.80,28.3730,52.2580,9.0000,2.7000,ML,TEH,5,5,77.8365,186.4000,186.4000,primary
615386676,2017-04-11,06:23:06.40,29.1990,51.3750,12.0000,2.8000,ML,TEH,7,4,37.8063,196.6000,132.3000,primary
615386707,2017-04-13,09:09:07.80,29.6020,52.3280,8.0000,2.7000,ML,TEH,7,5,18.9032,163.7000,88.8000,primary
615386711,2017-04-13,16:23:18.60,28.9380,51.4990,6.7000,2.7000,ML,TEH,3,2,21.1271,312.6000,198.0000,primary
615386712,2017-04-13,18:32:47.70,29.9860,52.1220,10.0000,2.5000,ML,TEH,6,5,53.3736,159.1000,128.2000,primary
615386728,2017-04-16,09:06:18.30,29.5900,51.6740,10.2000,2.7000,ML,TEH,9,5,5.5598,114.7000,111.0000,primary
615386739,2017-04-17,00:52:29,29.4990,52.1280,10.0000,2.5000,ML,TEH,6,6,40.0302,83.9000,83.9000,primary
615386749,2017-04-17,23:18:53.10,28.9290,51.8550,14.0000,2.6000,ML,TEH,5,4,54.4855,128.2000,109.8000,primary
615386750,2017-04-18,01:28:48.40,29.6010,50.9040,15.3000,3.2000,ML,TEH,25,6,71.1648,164.9000,158.5000,primary
615386759,2017-04-18,23:20:18.80,27.7760,52.1520,10.0000,2.8000,ML,TEH,4,4,108.9711,191.2000,191.2000,primary
615386777,2017-04-22,05:01:55.90,28.8690,51.4680,6.0000,3.0000,ML,TEH,18,5,16.6792,103.0000,94.6000,primary
615386810,2017-04-26,00:40:19.50,29.6560,51.5380,16.4000,2.6000,ML,TEH,7,6,10.0075,166.9000,166.9000,primary
610650051,2017-04-26,10:28:25.34,29.4275,50.7734,10.0000,4.0000,mb,ISC,59,6,80.0604,181.0000,62.0000,primary
610570304,2017-04-27,17:21:47.97,28.5594,52.5836,10.0000,4.1000,mb,ISC,151,7,45.5899,103.9000,35.5000,primary
615386820,2017-04-27,20:58:24,29.8010,52.0160,6.0000,2.7000,ML,TEH,6,5,41.1421,126.8000,101.2000,primary
615386823,2017-04-28,02:03:10.90,29.7570,50.4980,17.4000,2.9000,ML,TEH,16,5,96.7396,191.7000,177.4000,primary
615386844,2017-04-29,18:57:57.90,28.4770,51.6740,19.4000,2.9000,ML,TEH,5,4,42.2541,163.0000,163.0000,primary
615386857,2017-05-01,18:21:00.80,29.7040,51.5420,13.3000,3.3000,ML,TEH,31,6,13.3434,114.5000,114.5000,primary
615386884,2017-05-03,06:53:00.90,29.5990,51.3940,9.3000,2.7000,ML,TEH,6,4,23.3509,181.4000,133.6000,primary
615386899,2017-05-05,00:04:24.70,29.3810,52.4770,8.1000,2.6000,ML,TEH,5,5,28.9107,144.1000,144.1000,primary
615386917,2017-05-08,02:18:18.80,29.9670,50.8030,5.0000,2.8000,ML,TEH,7,3,88.9560,227.3000,157.0000,primary
615386930,2017-05-09,03:00:25.10,28.6250,51.2690,10.0000,2.9000,ML,TEH,4,4,28.9107,196.2000,196.2000,primary
615386936,2017-05-10,17:02:22.70,29.2240,51.4010,5.0000,2.9000,ML,TEH,8,4,50.0377,177.1000,135.4000,primary
615386991,2017-05-17,14:25:23.80,28.4580,52.9210,10.0000,2.8000,ML,TEH,5,5,12.2314,181.5000,181.5000,primary
615387030,2017-05-20,19:13:58.90,27.9420,52.4880,28.0000,2.8000,ML,TEH,4,3,128.9862,192.6000,192.6000,primary
615387043,2017-05-22,00:52:34.50,28.9480,50.1550,21.1000,2.6000,ML,TEH,6,2,111.1950,333.8000,264.2000,primary
615387047,2017-05-22,17:21:06.20,28.1380,52.5330,5.0000,2.7000,ML,TEH,6,4,62.2692,228.5000,228.5000,primary
615387080,2017-05-27,07:49:02,28.3920,50.5610,11.7000,2.9000,ML,TEH,8,3,68.9409,304.7000,271.1000,primary
610685525,2017-05-28,00:21:03.37,28.6381,52.1060,15.0000,3.6000,mb,ISC,51,7,83.3962,106.1000,30.5000,primary
615387119,2017-05-31,17:18:52.60,29.4890,51.3990,7.2000,2.5000,ML,TEH,8,5,27.7987,177.9000,177.9000,primary
610764459,2017-06-02,20:33:55.40,29.3766,51.0162,24.0000,4.0000,mb,ISC,95,5,63.3811,208.9000,51.9000,primary
615387145,2017-06-03,11:12:34.30,29.6740,51.5200,10.8000,3.1000,ML,TEH,17,7,13.3434,116.7000,116.7000,primary
615387146,2017-06-03,11:14:08.80,29.7070,51.5500,9.2000,2.5000,ML,TEH,6,4,12.2314,166.7000,166.7000,primary
610791171,2017-06-03,11:21:57.90,29.6067,51.5174,16.7000,3.9000,mb,ISC,70,7,12.2314,117.6000,43.0000,primary
615387154,2017-06-04,22:24:20.80,29.4080,51.1120,8.6000,3.1000,ML,TEH,17,6,56.7094,155.2000,152.6000,primary
615387161,2017-06-05,21:33:49,28.3060,51.7370,10.0000,2.6000,ML,TEH,3,3,46.7019,196.4000,196.4000,primary
615387162,2017-06-05,22:00:02.10,28.5410,51.3590,15.8000,2.6000,ML,TEH,11,5,22.2390,144.0000,144.0000,primary
615297750,2017-06-07,06:58:44.90,28.1632,52.3500,15.0000,3.4000,ML,ISC,30,7,76.7245,143.4000,139.8000,primary
615387175,2017-06-08,03:40:24.10,29.9940,51.6020,8.0000,2.6000,ML,TEH,6,4,41.1421,175.4000,157.8000,primary
615387198,2017-06-13,00:33:31.80,28.2410,51.6430,12.0000,2.9000,ML,TEH,11,5,40.0302,166.5000,166.5000,primary
615387200,2017-06-13,11:46:39.40,29.7060,51.5630,10.0000,2.6000,ML,TEH,4,4,11.1195,165.4000,165.4000,primary
615387201,2017-06-13,19:05:14.90,28.2400,51.6420,10.0000,2.5000,ML,TEH,3,3,40.0302,261.5000,261.5000,primary
615387202,2017-06-14,06:00:26.80,29.1890,51.2310,10.6000,3.0000,ML,TEH,15,5,36.6944,221.1000,148.1000,primary
615387209,2017-06-15,07:45:15.30,29.8270,52.0350,8.0000,3.3000,ML,TEH,22,7,44.4780,131.7000,58.6000,primary
615387229,2017-06-17,22:15:03.30,29.8110,51.1200,10.0000,2.5000,ML,TEH,4,2,140.1057,203.6000,188.2000,primary
615387247,2017-06-21,11:03:46.50,29.8360,52.0580,8.0000,2.7000,ML,TEH,6,5,46.7019,134.8000,107.9000,primary
615387269,2017-06-25,02:30:06.10,27.8930,52.9630,17.0000,2.9000,ML,TEH,9,7,64.4931,125.7000,125.7000,primary
615387278,2017-06-26,11:10:44.70,29.6800,51.8340,12.0000,2.7000,ML,TEH,7,4,20.0151,201.3000,107.6000,primary
615387280,2017-06-26,14:53:14.20,27.2990,52.7710,5.0000,2.8000,ML,TEH,6,5,38.9182,225.4000,225.4000,primary
615387312,2017-07-03,05:12:37.40,28.7820,51.4870,12.8000,3.0000,ML,TEH,10,5,21.1271,103.4000,103.4000,primary
610939502,2017-07-06,21:50:56.66,29.6809,51.2174,10.0000,3.9000,mb,ISC,67,6,41.1421,139.5000,52.7000,primary
615387331,2017-07-06,22:33:59.10,29.2790,52.1160,10.0000,2.7000,ML,TEH,6,6,55.5975,90.6000,90.6000,primary
615387343,2017-07-08,10:14:51.10,28.5930,52.6970,10.0000,2.5000,ML,TEH,4,3,36.6944,188.0000,149.4000,primary
615387347,2017-07-08,17:48:10.80,28.7610,51.4340,17.4000,2.6000,ML,TEH,6,5,17.7912,109.0000,109.0000,primary
615387361,2017-07-11,19:58:42.80,29.6620,50.4450,13.2000,3.2000,ML,TEH,22,5,105.6352,199.1000,182.8000,primary
615387369,2017-07-12,10:37:27.70,29.7860,51.3260,18.0000,2.6000,ML,TEH,4,3,35.5824,250.2000,250.2000,primary
615387385,2017-07-13,20:21:42.20,28.5470,51.6350,33.5000,2.6000,ML,TEH,3,3,42.2541,148.1000,148.1000,primary
615387398,2017-07-15,00:00:20.40,29.6330,52.2750,8.0000,3.1000,ML,TEH,22,7,23.3509,110.6000,65.8000,primary
615298068,2017-07-16,08:28:22.37,29.3657,51.5635,10.0000,3.4000,ML,ISC,29,7,30.0226,112.4000,93.2000,primary
615387406,2017-07-17,02:08:06.90,27.9070,52.2210,9.0000,2.8000,ML,TEH,5,5,102.2994,174.6000,174.6000,primary
610870349,2017-07-19,07:03:38.49,29.7823,50.5168,10.0000,3.7000,mb,ISC,62,6,94.5157,189.3000,64.9000,primary
615387438,2017-07-21,16:34:39.50,28.5510,51.6060,18.0000,2.7000,ML,TEH,4,4,40.0302,145.4000,145.4000,primary
615387447,2017-07-23,14:48:46.30,29.7410,51.2500,16.6000,2.8000,ML,TEH,6,4,97.8516,164.3000,152.4000,primary
615387454,2017-07-23,23:59:42.70,29.9790,51.6540,7.2000,3.1000,ML,TEH,19,5,38.9182,117.0000,105.2000,primary
615387473,2017-07-26,14:29:24.30,27.1930,52.6800,7.6000,3.1000,ML,TEH,7,5,51.1497,241.0000,227.7000,primary
615387489,2017-07-28,18:36:03,29.1300,51.2010,10.0000,2.5000,ML,TEH,7,4,31.1346,221.6000,151.2000,primary
610938625,2017-07-29,14:11:05.92,28.5233,51.5328,14.5000,3.7000,mb,ISC,44,5,32.2465,144.6000,49.4000,primary
615387494,2017-07-29,14:29:56.70,28.6250,51.4780,10.0000,2.8000,ML,TEH,3,3,32.2465,174.8000,174.8000,primary
615387495,2017-07-29,23:00:44.40,28.6260,51.4770,10.0000,2.8000,ML,TEH,3,3,32.2465,174.5000,174.5000,primary
615387496,2017-07-29,23:33:24,28.6240,51.4770,10.0000,2.5000,ML,TEH,3,3,32.2465,174.8000,174.8000,primary
615387497,2017-07-30,00:45:45.60,28.6090,51.4970,10.0000,2.6000,ML,TEH,3,3,34.4704,179.8000,179.8000,primary
615387508,2017-08-01,12:15:31.20,28.6620,52.0750,23.5000,2.9000,ML,TEH,10,6,78.9484,104.0000,104.0000,primary
615387516,2017-08-02,03:27:31.30,28.6260,51.5420,7.6000,3.2000,ML,TEH,19,6,35.5824,127.3000,94.2000,primary
615387525,2017-08-03,22:40:35.60,29.1630,51.2320,10.0000,2.5000,ML,TEH,5,5,33.3585,219.4000,219.4000,primary
615387526,2017-08-04,00:56:31.30,27.9710,51.5280,7.5000,2.7000,ML,TEH,5,3,51.1497,259.8000,259.8000,primary
615387534,2017-08-05,18:05:36.30,28.6460,51.6770,7.5000,2.7000,ML,TEH,5,4,44.4780,134.8000,134.8000,primary
615387551,2017-08-09,19:32:37.50,28.5890,51.4830,14.1000,2.6000,ML,TEH,6,5,33.3585,126.8000,126.8000,primary
615387556,2017-08-11,00:59:03.90,27.7950,52.5830,20.0000,3.0000,ML,TEH,15,6,76.7245,164.9000,164.9000,primary
615387571,2017-08-14,06:37:01.30,29.0490,52.6770,19.0000,2.8000,ML,TEH,7,6,67.8289,137.8000,137.8000,primary
615387581,2017-08-16,07:04:03.40,28.2870,52.5870,8.0000,2.6000,ML,TEH,3,3,50.0377,209.2000,209.2000,primary
615387586,2017-08-17,13:26:22.90,28.4130,52.6220,8.0000,3.1000,ML,TEH,11,8,42.2541,112.2000,112.2000,primary
615387595,2017-08-19,07:15:12.30,29.2150,51.3390,9.0000,2.8000,ML,TEH,9,4,38.9182,206.3000,138.2000,primary
615387596,2017-08-19,11:32:45.10,28.9660,51.4060,11.0000,2.9000,ML,TEH,7,5,15.5673,153.4000,140.7000,primary
615387604,2017-08-19,23:53:23.40,29.0430,52.6670,5.0000,3.1000,ML,TEH,20,7,67.8289,136.2000,79.7000,primary
615387616,2017-08-22,00:50:26.10,28.1320,51.5360,18.4000,2.8000,ML,TEH,6,5,37.8063,195.1000,195.1000,primary
615387618,2017-08-22,08:22:53.80,28.5350,52.2530,8.0000,2.6000,ML,TEH,3,3,77.8365,164.5000,164.5000,primary
615387626,2017-08-23,22:04:41.20,29.0810,52.7300,10.0000,2.6000,ML,TEH,4,4,65.6050,173.9000,173.9000,primary
615387643,2017-08-26,03:09:32.10,29.7440,50.6510,8.9000,2.6000,ML,TEH,5,3,115.6428,233.9000,205.3000,primary
615387651,2017-08-27,10:42:06,27.9260,51.5100,14.1000,2.9000,ML,TEH,5,3,54.4855,265.6000,265.6000,primary
615387661,2017-08-28,08:19:23.20,27.8570,51.7830,11.0000,2.7000,ML,TEH,4,4,75.6126,205.1000,205.1000,primary
615092920,2017-08-28,10:49:03.60,27.8430,51.7580,18.0000,3.3000,ML,TEH,24,5,75.6126,208.2000,191.6000,primary
615298532,2017-09-01,05:41:56.40,29.0290,52.2490,8.3000,3.1000,ML,TEH,25,5,72.2767,121.5000,78.7000,primary
615387698,2017-09-01,14:06:59.80,28.9400,52.5410,10.0000,2.5000,ML,TEH,4,4,71.1648,208.9000,208.9000,primary
610943433,2017-09-03,12:49:01.96,29.0910,51.7644,18.4000,4.3000,MS,ISC,595,5,94.5157,198.3000,19.0000,primary
615387705,2017-09-03,13:31:50.70,28.9900,51.6940,8.0000,2.5000,ML,TEH,5,3,41.1421,163.9000,163.9000,primary
611166206,2017-09-04,10:02:35.17,29.0273,51.6651,17.0000,4.1000,mb,ISC,93,5,40.0302,166.8000,35.1000,primary
615387712,2017-09-04,23:32:40.40,28.9320,51.8540,28.0000,2.5000,ML,TEH,5,4,54.4855,136.7000,109.6000,primary
615387713,2017-09-04,23:56:00.30,28.9230,51.8390,22.6000,2.8000,ML,TEH,11,5,53.3736,136.2000,94.0000,primary
615387716,2017-09-05,00:35:54.70,28.8730,51.9140,10.0000,2.6000,ML,TEH,4,4,60.0453,125.0000,125.0000,primary
615298564,2017-09-06,09:46:08.70,28.8110,52.3410,22.9000,3.3000,ML,TEH,33,5,93.4038,96.8000,91.7000,primary
615387726,2017-09-06,10:22:35.10,29.0780,51.6370,7.9000,3.3000,ML,TEH,19,4,41.1421,178.9000,115.5000,primary
615387730,2017-09-07,02:44:01,29.6830,52.0130,10.0000,2.5000,ML,TEH,3,2,114.5309,349.1000,198.4000,primary
615387731,2017-09-07,13:41:26.90,29.8460,51.2360,10.0000,2.7000,ML,TEH,5,2,108.9711,357.8000,150.6000,primary
615387734,2017-09-08,04:23:56.90,29.0930,51.5870,10.0000,2.7000,ML,TEH,7,4,37.8063,187.4000,145.7000,primary
610965751,2017-09-08,15:24:05.83,28.9728,51.6494,10.0000,4.2000,mb,ISC,164,5,36.6944,157.5000,33.8000,primary
615387747,2017-09-10,23:17:29.10,28.7580,51.4900,19.1000,3.0000,ML,TEH,20,5,22.2390,103.5000,94.5000,primary
615387748,2017-09-11,05:49:28,28.7640,51.6060,6.7000,2.7000,ML,TEH,5,3,55.5975,184.7000,114.9000,primary
615387755,2017-09-12,00:29:40.30,29.1730,51.2050,10.0000,2.9000,ML,TEH,5,3,90.0679,250.8000,179.1000,primary
615387759,2017-09-12,12:06:27.70,29.7430,51.2240,18.8000,2.5000,ML,TEH,9,2,133.4340,223.0000,137.0000,primary
611166852,2017-09-13,04:05:12.90,29.6144,52.4711,15.0000,3.7000,mb,ISC,20,4,5.5598,192.6000,68.9000,primary
615387776,2017-09-16,05:16:20.40,29.5210,52.0720,12.0000,2.9000,ML,TEH,10,3,149.0013,275.3000,100.6000,primary
615387782,2017-09-17,05:47:12.60,29.3640,51.5970,15.0000,2.7000,ML,TEH,8,4,62.2692,125.9000,125.9000,primary
615387787,2017-09-17,14:44:01.20,29.6140,50.3370,10.0000,2.9000,ML,TEH,5,2,124.5384,344.7000,189.6000,primary
615387819,2017-09-21,00:18:44.70,28.7070,52.6400,10.0000,2.7000,ML,TEH,6,5,46.7019,131.7000,130.9000,primary
615298688,2017-09-21,01:17:12,28.7200,52.5070,16.5000,3.0000,ML,TEH,14,5,102.2994,102.3000,95.4000,primary
615387820,2017-09-21,01:28:24.10,28.7740,50.8610,6.0000,2.8000,ML,TEH,5,3,43.3661,279.4000,243.8000,primary
615387821,2017-09-21,01:32:09.60,28.7020,52.6270,8.0000,2.8000,ML,TEH,7,6,47.8138,109.0000,109.0000,primary
615387823,2017-09-21,02:26:45.20,28.7390,52.5550,8.8000,3.3000,ML,TEH,9,5,100.0755,106.6000,93.4000,primary
615387824,2017-09-21,03:44:27.30,28.6970,52.5810,5.0000,3.3000,ML,TEH,10,6,51.1497,105.7000,95.3000,primary
615298759,2017-09-29,08:41:34.46,29.5389,51.9625,25.0000,3.5000,ML,ISC,46,6,54.4855,126.7000,84.8000,primary
615387875,2017-09-29,18:10:28.70,29.6030,51.9150,5.0000,2.8000,ML,TEH,6,4,57.8214,132.3000,132.3000,primary
615298763,2017-09-29,18:19:09.43,29.5838,51.9531,10.0000,3.5000,ML,ISC,64,7,54.4855,95.4000,86.0000,primary
615387876,2017-09-30,00:59:53.20,29.6130,51.9420,8.0000,2.6000,ML,TEH,5,4,55.5975,142.0000,142.0000,primary
615387881,2017-09-30,05:45:27.80,29.6060,51.9260,8.3000,3.3000,ML,TEH,27,6,56.7094,97.5000,87.9000,primary
615387887,2017-09-30,22:37:54.90,29.7220,51.3940,8.0000,2.6000,ML,TEH,8,3,95.6277,181.8000,143.5000,primary
611147039,2017-10-01,21:03:55.55,27.7772,52.9789,14.0000,3.7000,mb,ISC,48,5,52.2616,132.2000,104.6000,primary
617442772,2017-10-01,21:04:25.42,27.6323,52.8617,10.0000,3.9000,mb,ISC,16,0,757.2379,360.0000,135.2000,primary
615387895,2017-10-02,06:22:30.90,29.7090,51.2760,8.4000,3.0000,ML,TEH,16,5,93.4038,134.7000,134.7000,primary
615387896,2017-10-02,06:45:25.50,29.2100,52.2080,6.0000,2.6000,ML,TEH,6,4,56.7094,144.8000,103.0000,primary
615387897,2017-10-02,10:11:03.80,29.6120,51.9140,11.0000,3.3000,ML,TEH,25,6,57.8214,97.8000,88.7000,primary
611072057,2017-10-02,13:25:16.97,28.7504,51.6441,10.0000,3.5000,MS,ISC,286,5,36.6944,119.0000,37.4000,primary
615387899,2017-10-02,17:11:03.80,28.4910,51.6960,10.0000,2.6000,ML,TEH,6,3,45.5899,219.9000,211.2000,primary
615387901,2017-10-03,00:12:01.50,28.2750,52.2020,10.0000,2.5000,ML,TEH,5,5,92.2918,138.9000,138.9000,primary
615387911,2017-10-04,08:37:51.50,28.4620,52.1980,26.8000,3.2000,ML,TEH,16,6,82.2843,121.1000,121.1000,primary
615387914,2017-10-04,09:49:18,28.5000,52.2600,8.0000,2.5000,ML,TEH,7,6,76.7245,116.3000,116.3000,primary
611172043,2017-10-04,23:11:52.91,28.3055,52.3661,16.0000,3.7000,mb,ISC,58,6,68.9409,130.1000,44.2000,primary
615387918,2017-10-05,01:42:33.60,28.3900,52.5110,8.0000,3.0000,ML,TEH,7,6,53.3736,118.0000,118.0000,primary
611082529,2017-10-05,07:09:26.69,29.8156,51.6780,15.0000,4.1000,mb,ISC,116,5,83.3962,108.4000,66.3000,primary
611172123,2017-10-05,20:03:06.17,28.5789,52.1916,15.0000,3.7000,mb,ISC,19,6,84.5082,110.6000,110.6000,primary
615387925,2017-10-05,22:59:23.10,28.3890,52.5060,5.0000,2.9000,ML,TEH,10,6,53.3736,118.2000,118.2000,primary
615387927,2017-10-06,04:16:56.40,29.6050,51.9710,8.3000,3.2000,ML,TEH,20,7,52.2616,98.5000,85.3000,primary
615387936,2017-10-08,05:21:52.90,28.6090,52.1550,9.0000,2.8000,ML,TEH,4,3,91.1799,158.5000,158.5000,primary
615387941,2017-10-08,16:29:33.40,28.6030,52.6140,8.4000,2.9000,ML,TEH,8,5,44.4780,150.7000,150.7000,primary
615387945,2017-10-10,02:07:13.20,28.4000,52.2220,27.5000,2.5000,ML,TEH,9,5,81.1723,183.0000,183.0000,primary
615387969,2017-10-14,17:29:46.30,27.4740,52.5170,17.2000,3.1000,ML,TEH,10,6,65.6050,205.9000,205.9000,primary
611300377,2017-10-14,17:38:47.08,27.4914,52.5303,14.0000,3.7000,mb,ISC,95,6,64.4931,203.2000,33.9000,primary
615387970,2017-10-14,18:11:51,27.4730,52.5190,19.5000,3.3000,ML,TEH,10,6,65.6050,205.9000,205.9000,primary
615387985,2017-10-16,09:12:51.70,29.0190,51.7370,5.0000,3.1000,ML,TEH,14,5,46.7019,158.9000,97.9000,primary
615387987,2017-10-16,18:21:22.10,27.9520,52.8460,10.0000,2.7000,ML,TEH,5,5,61.1572,131.6000,131.6000,primary
611322886,2017-10-17,02:46:29.17,28.5272,52.2643,10.0000,3.8000,mb,ISC,96,6,76.7245,113.9000,26.2000,primary
615387994,2017-10-17,18:22:22,28.6230,52.2250,17.1000,2.7000,ML,TEH,10,5,81.1723,151.9000,151.9000,primary
615388015,2017-10-20,00:30:35.90,27.5510,52.4600,11.8000,2.8000,ML,TEH,6,5,73.3887,199.2000,199.2000,primary
615388028,2017-10-22,04:51:28.60,29.0970,51.2150,12.8000,2.8000,ML,TEH,9,4,26.6868,247.2000,150.5000,primary
615388070,2017-10-27,00:29:49.10,27.8810,52.0070,20.0000,3.1000,ML,TEH,13,5,91.1799,188.8000,188.8000,primary
615388075,2017-10-27,22:52:40.20,29.5920,51.8990,10.0000,2.7000,ML,TEH,4,3,100.0755,215.3000,194.2000,primary
611467357,2017-10-31,15:14:13.92,28.4494,52.7668,16.0000,3.6000,mb,ISC,64,6,80.0604,104.4000,43.7000,primary
615388102,2017-11-01,01:10:13.70,28.1570,52.1250,9.1000,2.9000,ML,TEH,10,6,87.8440,154.0000,154.0000,primary
615388104,2017-11-01,07:35:32.80,28.5480,52.9020,13.4000,2.8000,ML,TEH,10,6,15.5673,111.1000,94.1000,primary
615388105,2017-11-01,11:09:05.50,28.2160,52.0680,8.0000,2.8000,ML,TEH,4,4,81.1723,150.1000,150.1000,primary
615388115,2017-11-05,01:10:12.90,29.5670,51.3810,10.0000,2.8000,ML,TEH,9,5,77.8365,130.7000,130.7000,primary
611504128,2017-11-05,19:34:05.36,28.4584,52.7222,16.0000,3.8000,mb,ISC,79,7,31.1346,105.6000,41.1000,primary
611529842,2017-11-07,11:20:16.13,28.5428,51.5393,24.0000,4.0000,mb,ISC,104,5,33.3585,141.4000,49.3000,primary
615388132,2017-11-08,22:56:21.80,28.8090,50.1050,8.0000,2.6000,ML,TEH,5,2,116.7548,333.3000,256.3000,primary
615388133,2017-11-08,23:39:40.80,28.7700,50.1320,5.9000,2.8000,ML,TEH,8,2,113.4189,332.5000,257.3000,primary
611558609,2017-11-12,23:45:58.60,28.7158,51.3924,11.0000,3.6000,mb,ISC,73,4,18.9032,131.6000,63.8000,primary
615388199,2017-11-13,00:10:58.10,28.9580,51.1780,11.0000,3.1000,ML,TEH,5,4,15.5673,246.4000,246.4000,primary
615388322,2017-11-14,04:15:19.40,29.7970,50.7170,10.0000,2.8000,ML,TEH,8,3,117.8667,230.3000,197.5000,primary
615388387,2017-11-15,09:42:34.20,28.2830,52.5110,10.0000,2.8000,ML,TEH,4,4,56.7094,128.9000,128.9000,primary
615388480,2017-11-16,23:56:23.20,28.1600,52.1530,10.0000,2.8000,ML,TEH,4,3,90.0679,179.0000,152.5000,primary
611574248,2017-11-17,18:28:45.60,27.6887,52.7685,10.0000,3.8000,mb,ISC,52,5,54.4855,162.5000,33.8000,primary
615388543,2017-11-18,16:40:19.90,29.1410,50.9640,17.4000,2.6000,ML,TEH,7,3,44.4780,268.0000,214.8000,primary
615388571,2017-11-19,12:19:10.70,29.8280,50.9420,9.2000,3.3000,ML,TEH,23,5,107.8591,153.3000,153.3000,primary
615388580,2017-11-19,14:48:25.20,29.8250,51.0600,10.4000,2.8000,ML,TEH,11,4,108.9711,208.1000,191.6000,primary
615388588,2017-11-20,01:12:05.40,29.1310,51.2050,10.0000,2.5000,ML,TEH,6,3,31.1346,249.3000,184.6000,primary
615388592,2017-11-20,08:52:18.20,28.4990,52.8110,16.1000,3.2000,ML,TEH,9,6,74.5006,102.1000,99.9000,primary
611574304,2017-11-20,22:01:35.89,28.6198,51.6330,24.0000,3.6000,mb,ISC,57,4,42.2541,138.7000,47.0000,primary
615388673,2017-11-23,07:28:59,29.5910,52.2460,10.0000,2.8000,ML,TEH,4,3,26.6868,137.7000,137.7000,primary
611558635,2017-11-25,05:47:30.00,29.5401,52.2513,15.0000,3.2000,MS,ISC,102,4,27.7987,209.2000,42.1000,primary
615299807,2017-11-29,12:43:13.08,29.5733,51.4435,10.0000,3.6000,ML,ISC,35,5,103.4113,127.5000,127.5000,primary
615299810,2017-11-29,16:44:20.03,28.9616,51.5424,17.0000,3.1000,ML,ISC,40,3,72.2767,208.5000,122.1000,primary
615388800,2017-11-29,16:52:47.30,29.0630,51.4710,11.5000,2.8000,ML,TEH,15,3,80.0604,222.5000,129.6000,primary
615299825,2017-11-30,01:35:20.23,27.3854,52.4446,14.0000,3.0000,ML,ISC,39,4,134.5459,232.9000,82.1000,primary
615299842,2017-11-30,22:45:45.76,27.4563,52.6643,14.0000,3.2000,ML,ISC,39,4,51.1497,201.8000,73.5000,primary
615388995,2017-12-02,16:50:37.10,29.2350,52.1800,18.2000,2.6000,ML,TEH,4,2,55.5975,187.5000,187.5000,primary
611581029,2017-12-05,07:26:43.54,27.9139,51.9869,19.4000,4.2000,MS,ISC,464,5,86.7321,186.6000,21.7000,primary
615300135,2017-12-05,07:42:25.44,27.8602,51.9900,26.0000,3.4000,ML,ISC,31,3,91.1799,191.8000,93.0000,primary
615375736,2017-12-05,08:55:31.79,27.8776,52.2525,20.0000,3.7000,mb,OMAN,18,0,257.9724,360.0000,251.1000,primary
615389126,2017-12-06,00:02:01.70,27.6670,51.9360,10.0000,2.7000,ML,TEH,3,3,102.2994,259.7000,259.7000,primary
618301812,2017-12-06,07:57:25.71,27.8256,52.1004,10.0000,4.3000,ML,ISC,54,4,102.2994,189.1000,88.4000,primary
615389155,2017-12-06,20:45:01.30,29.2190,51.1970,10.0000,2.8000,ML,TEH,6,3,94.5157,253.2000,177.9000,primary
615300213,2017-12-07,16:25:02.93,27.8930,51.9772,26.0000,3.5000,ML,ISC,33,4,87.8440,189.3000,108.1000,primary
615389265,2017-12-10,20:22:30.70,28.9000,51.4710,6.1000,2.9000,ML,TEH,5,3,63.3811,211.6000,163.7000,primary
615389278,2017-12-11,16:29:50.90,29.5970,51.9270,10.0000,2.5000,ML,TEH,4,3,56.7094,142.8000,142.8000,primary
615389436,2017-12-13,12:41:13.30,28.5940,51.6720,18.0000,3.0000,ML,TEH,5,3,47.8138,157.4000,142.4000,primary
615375743,2017-12-14,16:39:50.03,28.2899,52.4064,10.0000,4.4000,mb,OMAN,23,0,304.6743,360.0000,274.2000,primary
615389531,2017-12-15,01:38:07.10,28.7470,52.5640,18.1000,3.3000,ML,TEH,10,5,55.5975,107.7000,92.7000,primary
615390306,2017-12-20,03:01:24.10,27.9160,51.8980,9.0000,2.6000,ML,TEH,4,4,80.0604,240.4000,240.4000,primary
615390332,2017-12-21,07:23:47.90,29.4390,52.5660,10.0000,2.5000,ML,TEH,4,3,23.3509,240.0000,231.0000,primary
611639571,2017-12-22,21:43:37.13,27.8791,51.9904,26.0000,3.5000,mb,ISC,54,5,90.0679,189.9000,92.1000,primary
615390402,2017-12-23,15:12:42.20,28.5410,51.5810,5.0000,2.5000,ML,TEH,4,3,36.6944,145.4000,145.4000,primary
615390472,2017-12-26,13:02:24.50,27.8690,51.9590,19.7000,3.0000,ML,TEH,10,5,87.8440,192.7000,192.7000,primary
611624819,2017-12-27,00:34:05.95,27.8317,52.0146,10.0000,3.8000,mb,ISC,95,5,94.5157,193.2000,47.4000,primary
615390485,2017-12-27,01:09:29.60,27.9580,51.9720,19.5000,3.0000,ML,TEH,15,6,83.3962,182.9000,182.9000,primary
615390490,2017-12-27,06:01:24.10,29.1570,52.6860,9.7000,2.9000,ML,TEH,7,5,56.7094,146.8000,135.1000,primary
615390522,2017-12-29,03:56:55.20,29.8970,50.5530,10.0000,2.5000,ML,TEH,6,2,159.0088,240.9000,216.3000,primary
611613021,2017-12-30,20:53:25.78,29.4833,52.0094,21.7000,4.0000,MS,ISC,519,7,52.2616,121.2000,18.6000,primary
615390584,2017-12-30,22:19:26.30,29.5300,51.9700,11.4000,3.1000,ML,TEH,19,6,54.4855,125.8000,107.5000,primary
611616686,2018-01-01,09:04:34.65,27.8352,52.8599,14.0000,3.9000,mb,ISC,100,6,62.2692,139.6000,31.5000,primary
617231308,2018-01-06,00:29:10.80,27.7760,52.4500,10.0000,2.5000,ML,TEH,3,3,96.7396,206.2000,206.2000,primary
611661073,2018-01-07,10:27:17.88,27.7534,52.0782,10.0000,3.4000,mb,ISC,25,5,104.5233,197.3000,113.2000,primary
611639582,2018-01-09,08:56:38.69,29.6367,51.5688,10.0000,4.1000,MS,ISC,129,4,91.1799,168.7000,52.5000,primary
617231605,2018-01-11,12:56:25.50,29.7190,50.6320,10.0000,2.9000,ML,TEH,8,3,162.3447,234.9000,206.5000,primary
617231636,2018-01-11,19:25:31.80,29.7100,50.6340,7.6000,3.1000,ML,TEH,15,3,161.2327,234.8000,206.6000,primary
615353265,2018-01-11,19:28:38.26,29.6125,50.7270,10.0000,3.2000,ML,ISC,32,3,147.8894,228.8000,179.8000,primary
617231641,2018-01-11,20:29:48.80,29.7280,50.5260,13.9000,3.3000,ML,TEH,28,3,166.7925,241.1000,210.5000,primary
617231802,2018-01-13,10:15:13.90,29.7280,50.4890,8.0000,3.2000,ML,TEH,13,3,169.0164,243.1000,210.0000,primary
616640748,2018-01-13,17:05:26.59,28.5895,52.2034,12.8000,3.7000,MS,ISC,348,5,83.3962,119.4000,35.8000,primary
617231817,2018-01-13,18:02:59.40,28.5750,52.2060,8.0000,3.3000,ML,TEH,9,5,82.2843,118.1000,110.8000,primary
617231868,2018-01-14,23:56:33.40,29.6920,50.7410,19.3000,2.5000,ML,TEH,5,3,111.1950,174.2000,174.2000,primary
617232186,2018-01-18,06:55:17.70,29.2550,51.3220,6.2000,2.9000,ML,TEH,5,3,43.3661,217.9000,180.5000,primary
611650991,2018-01-18,19:30:12.93,28.6069,52.2363,11.1000,3.4000,MS,ISC,190,5,80.0604,107.7000,44.0000,primary
617232164,2018-01-18,20:06:15.40,28.5340,52.2000,10.0000,2.7000,ML,TEH,5,5,82.2843,114.5000,114.5000,primary
617232166,2018-01-18,23:00:02.90,28.4660,52.2080,10.0000,2.6000,ML,TEH,4,4,82.2843,174.2000,174.2000,primary
617232208,2018-01-19,11:36:50.90,28.6790,52.2220,10.0000,2.6000,ML,TEH,4,4,83.3962,144.4000,144.4000,primary
617232216,2018-01-19,15:41:18.80,28.5690,52.2160,8.2000,3.1000,ML,TEH,9,6,81.1723,111.1000,111.1000,primary
617232218,2018-01-19,18:44:06.60,28.3760,52.2250,10.0000,2.9000,ML,TEH,4,4,81.1723,185.8000,185.8000,primary
611684353,2018-01-22,13:37:11.43,29.5331,51.3481,10.0000,4.2000,mb,ISC,82,5,74.5006,134.5000,74.3000,primary
617232415,2018-01-22,18:39:45.40,28.5010,52.2020,10.0000,2.9000,ML,TEH,5,4,82.2843,169.1000,169.1000,primary
617232554,2018-01-25,07:06:51.60,28.5600,51.8050,0.0000,2.8000,ML,TEH,2,2,57.8214,303.6000,303.6000,primary
617232928,2018-01-26,08:15:39.30,29.8440,51.5470,11.7000,2.6000,ML,TEH,8,4,95.6277,114.6000,114.6000,primary
617232930,2018-01-26,08:43:15.10,29.9010,51.3150,15.0000,2.4000,ML,TEH,8,4,114.5309,190.4000,181.9000,primary
617232945,2018-01-26,16:08:01.90,29.8560,51.4080,20.0000,2.8000,ML,TEH,14,5,108.9711,121.2000,121.2000,primary
617232960,2018-01-26,21:19:30.10,29.8600,51.4220,20.0000,2.4000,ML,TEH,10,4,107.8591,180.9000,161.5000,primary
617232961,2018-01-26,21:26:27.50,29.8580,51.5550,19.5000,2.5000,ML,TEH,10,4,95.6277,168.6000,155.8000,primary
617232962,2018-01-26,21:29:23.50,29.8450,51.3770,20.0000,2.4000,ML,TEH,8,3,112.3070,185.0000,167.8000,primary
617232973,2018-01-27,00:56:39.80,29.8760,51.5650,24.4000,2.6000,ML,TEH,9,5,95.6277,109.6000,109.6000,primary
617232994,2018-01-27,13:38:44.30,28.4080,52.4380,10.0000,2.7000,ML,TEH,3,3,115.6428,264.7000,264.7000,primary
617233053,2018-01-29,07:08:42,28.7870,52.5060,10.4000,2.8000,ML,TEH,10,5,62.2692,126.1000,126.1000,primary
611663720,2018-01-30,19:36:18.69,29.5212,51.3519,20.0000,4.0000,MS,ISC,311,5,73.3887,134.3000,35.7000,primary
617233137,2018-01-30,20:57:17,29.5910,51.4570,16.1000,2.7000,ML,TEH,7,5,82.2843,123.1000,123.1000,primary
617233194,2018-01-31,05:33:32.80,29.9140,51.6990,8.0000,2.4000,ML,TEH,8,5,84.5082,115.6000,100.3000,primary
617233147,2018-01-31,05:58:27.70,29.6300,51.3910,7.6000,2.8000,ML,TEH,10,4,85.6201,180.9000,160.4000,primary
617233152,2018-01-31,07:50:24.90,29.9020,51.5730,11.5000,3.0000,ML,TEH,16,5,95.6277,108.4000,108.4000,primary
617233198,2018-02-01,02:51:08,29.4880,51.5590,15.1000,2.7000,ML,TEH,8,4,73.3887,160.7000,149.6000,primary
617233208,2018-02-01,07:27:05.60,29.3700,51.6260,10.0000,2.8000,ML,TEH,9,5,64.4931,149.0000,136.6000,primary
617233225,2018-02-01,18:56:03.10,28.3450,52.0670,22.8000,3.0000,ML,TEH,9,6,78.9484,136.0000,136.0000,primary
617233301,2018-02-03,05:32:44.50,29.5560,51.3740,11.2000,3.2000,ML,TEH,19,5,76.7245,131.5000,131.5000,primary
617233304,2018-02-03,07:55:17.20,28.5640,51.9840,14.7000,2.3000,ML,TEH,4,3,74.5006,158.7000,157.6000,primary
617233349,2018-02-04,08:33:00.80,28.2800,52.1590,9.0000,2.5000,ML,TEH,4,4,88.9560,200.4000,200.4000,primary
617233382,2018-02-04,17:56:57.80,29.4530,52.1800,22.2000,2.2000,ML,TEH,5,4,38.9182,159.8000,159.8000,primary
617236703,2018-02-06,15:31:00.50,29.5640,51.9960,16.0000,2.0000,ML,TEH,6,4,51.1497,128.4000,128.4000,primary
617236763,2018-02-07,21:35:50.60,29.4800,52.0920,9.4000,2.5000,ML,TEH,7,4,44.4780,130.9000,130.9000,primary
615353345,2018-02-09,12:05:31.85,28.0581,52.9848,14.0000,3.4000,ML,ISC,41,7,46.7019,114.3000,46.6000,primary
617236875,2018-02-11,00:18:15.60,28.4150,52.2610,18.0000,3.1000,ML,TEH,10,6,76.7245,123.8000,123.8000,primary
617236879,2018-02-11,01:21:07.40,28.2700,52.2790,10.0000,2.1000,ML,TEH,3,3,77.8365,203.2000,203.2000,primary
617236881,2018-02-11,01:38:39.60,28.3680,52.2970,20.0000,2.8000,ML,TEH,8,5,74.5006,187.1000,187.1000,primary
611726077,2018-02-13,00:45:46.17,29.5364,51.6368,10.0000,3.7000,mb,ISC,64,6,81.1723,107.7000,87.9000,primary
617236972,2018-02-13,17:54:14.60,29.6850,51.5630,13.9000,2.9000,ML,TEH,8,5,92.2918,113.1000,113.1000,primary
617237010,2018-02-15,01:38:37.20,29.2030,51.2970,10.0000,2.8000,ML,TEH,8,5,37.8063,145.0000,145.0000,primary
617237052,2018-02-16,10:23:16.40,28.4370,52.3440,7.0000,3.0000,ML,TEH,5,5,68.9409,151.1000,151.1000,primary
617237110,2018-02-18,02:12:07.50,29.9150,51.5390,8.0000,3.0000,ML,TEH,13,5,98.9635,110.3000,110.3000,primary
617237119,2018-02-18,07:54:00.90,28.4150,52.4050,14.0000,3.0000,ML,TEH,6,6,63.3811,119.6000,119.6000,primary
611775526,2018-02-20,12:53:16.07,29.8277,52.2798,10.0000,4.4000,mb,ISC,61,5,31.1346,158.9000,53.1000,primary
617237235,2018-02-22,00:44:00.70,29.9690,52.0720,14.9000,2.6000,ML,TEH,7,5,55.5975,152.0000,126.5000,primary
617237236,2018-02-22,07:16:51.20,29.9700,52.0370,5.0000,2.8000,ML,TEH,9,4,58.9333,148.4000,124.3000,primary
617237292,2018-02-23,20:36:46.80,29.5130,51.1560,18.2000,2.4000,ML,TEH,5,2,127.8742,198.7000,180.6000,primary
615353394,2018-02-23,20:50:02.70,29.5630,51.9070,6.0000,3.2000,ML,TEH,28,6,58.9333,92.0000,88.5000,primary
617237295,2018-02-23,20:51:02.40,29.6200,51.9410,9.0000,3.2000,ML,TEH,4,4,55.5975,130.8000,130.8000,primary
617237310,2018-02-24,03:18:07.20,29.8200,51.8250,9.0000,2.3000,ML,TEH,4,4,117.8667,150.8000,150.8000,primary
617237312,2018-02-24,05:03:05.50,29.6680,51.6400,19.4000,2.2000,ML,TEH,5,4,84.5082,157.5000,157.5000,primary
611709210,2018-02-25,16:36:01.78,27.5229,52.5235,14.0000,4.5000,mb,ISC,181,5,66.7170,199.5000,16.6000,primary
617237355,2018-02-25,18:49:33.70,28.1169,51.5766,10.0000,3.4000,ML,ISC,20,5,41.1421,192.9000,117.5000,primary
616322616,2018-02-25,19:24:39.86,27.6069,52.5345,10.0000,3.9000,mb,ISC,16,6,68.9409,188.7000,188.7000,primary
617237357,2018-02-25,20:58:52.30,27.7890,51.3730,8.8000,2.9000,ML,TEH,5,3,64.4931,285.4000,280.8000,primary
617237411,2018-02-28,02:47:12.40,29.4410,51.0830,15.6000,3.2000,ML,TEH,23,5,66.7170,156.6000,156.6000,primary
617237436,2018-02-28,16:05:45.90,28.8460,51.3680,10.0000,2.4000,ML,TEH,3,3,7.7837,139.9000,139.9000,primary
617237439,2018-02-28,19:16:48.20,29.3770,51.5540,8.0000,3.1000,ML,TEH,20,7,27.7987,113.5000,113.5000,primary
617237444,2018-02-28,22:40:10.60,29.7180,51.9970,10.0000,2.1000,ML,TEH,3,3,34.4704,150.8000,150.8000,primary
617237514,2018-03-03,16:22:29,29.6330,51.3720,5.0000,2.2000,ML,TEH,4,3,27.7987,183.3000,183.3000,primary
617237521,2018-03-03,20:40:49.20,29.5830,51.4690,11.8000,3.0000,ML,TEH,16,7,18.9032,122.2000,122.2000,primary
617237527,2018-03-03,23:17:24.20,28.3130,51.7230,10.0000,2.9000,ML,TEH,6,6,45.5899,194.1000,194.1000,primary
617237528,2018-03-03,23:25:04.40,29.3810,52.0980,19.3000,2.4000,ML,TEH,6,6,50.0377,83.0000,83.0000,primary
617237590,2018-03-05,22:05:06.50,29.7200,51.9970,10.0000,1.8000,ML,TEH,4,4,34.4704,114.8000,114.8000,primary
617237704,2018-03-08,07:30:08.10,29.5390,51.8010,10.0000,2.5000,ML,TEH,5,4,15.5673,209.1000,189.8000,primary
617237744,2018-03-09,15:00:13,28.5970,52.2590,10.0000,2.5000,ML,TEH,5,5,77.8365,155.7000,155.7000,primary
617237841,2018-03-12,05:04:48.80,29.1350,51.9640,13.3000,2.4000,ML,TEH,7,5,60.0453,94.5000,94.5000,primary
617237830,2018-03-12,18:07:07,29.4360,52.2190,6.0000,2.5000,ML,TEH,6,5,36.6944,91.4000,91.4000,primary
617237895,2018-03-14,09:46:12.30,29.5720,52.3790,5.0000,2.6000,ML,TEH,4,3,15.5673,160.2000,160.2000,primary
617237910,2018-03-14,19:01:21,29.6070,51.8650,12.5000,2.6000,ML,TEH,4,4,20.0151,212.8000,212.8000,primary
617237912,2018-03-14,22:00:29.90,29.5420,51.9880,10.0000,1.9000,ML,TEH,4,3,32.2465,284.7000,200.3000,primary
617237928,2018-03-15,05:28:59.30,28.5190,52.2850,15.2000,2.8000,ML,TEH,8,6,74.5006,166.9000,166.9000,primary
617237935,2018-03-15,10:16:04.50,29.2230,51.6660,10.2000,2.0000,ML,TEH,3,2,43.3661,203.2000,189.4000,primary
617237944,2018-03-15,14:47:52.30,29.6250,52.3910,5.0000,2.9000,ML,TEH,9,6,12.2314,107.4000,72.3000,primary
611849479,2018-03-15,15:06:56.26,28.9086,52.8162,16.0000,3.8000,mb,ISC,15,7,52.2616,140.6000,125.8000,primary
617237953,2018-03-15,19:36:59.40,29.5530,51.5520,11.0000,1.5000,ML,TEH,4,3,12.2314,169.2000,169.2000,primary
617237977,2018-03-16,10:26:30.40,29.6610,50.6360,10.0000,2.7000,ML,TEH,6,4,100.0755,234.5000,207.4000,primary
617238038,2018-03-17,20:55:19.10,29.7360,50.7170,9.2000,2.6000,ML,TEH,9,4,92.2918,229.9000,202.1000,primary
611849625,2018-03-17,21:16:03.96,29.6255,50.6848,25.0000,3.6000,mb,ISC,46,5,94.5157,181.0000,60.5000,primary
617238042,2018-03-17,22:08:57.70,29.6900,50.7530,17.8000,3.0000,ML,TEH,17,5,88.9560,173.3000,173.3000,primary
617238043,2018-03-17,22:38:39.40,29.7150,50.7550,9.3000,2.5000,ML,TEH,9,4,88.9560,227.4000,200.3000,primary
611802083,2018-03-18,15:34:01.71,28.9042,52.0608,23.0000,4.3000,mb,ISC,186,5,87.8440,116.7000,29.7000,primary
617238075,2018-03-18,15:43:13.30,29.0640,52.1280,20.0000,2.5000,ML,TEH,7,5,74.5006,101.9000,101.9000,primary
617238084,2018-03-18,20:28:48.60,29.7180,50.7490,10.0000,2.6000,ML,TEH,8,3,108.9711,227.8000,200.8000,primary
611849707,2018-03-18,20:56:23.38,29.4919,50.6501,25.0000,3.6000,mb,ISC,46,4,128.9862,188.4000,106.6000,primary
617238086,2018-03-18,21:12:20.30,29.7060,50.8750,10.0000,2.6000,ML,TEH,7,5,76.7245,219.5000,202.7000,primary
611849708,2018-03-18,21:30:44.19,29.6381,50.7977,10.0000,3.9000,mb,ISC,32,0,431.4366,360.0000,70.0000,primary
617238044,2018-03-18,21:42:38.80,29.7380,50.7000,10.0000,2.5000,ML,TEH,6,3,112.3070,230.9000,203.0000,primary
617238046,2018-03-18,22:36:55.10,29.7280,50.8630,13.7000,3.0000,ML,TEH,14,6,77.8365,163.3000,163.3000,primary
611849713,2018-03-18,22:46:14.44,29.6578,50.7672,10.0000,3.9000,mb,ISC,80,6,86.7321,173.4000,26.9000,primary
617238047,2018-03-18,23:35:27.60,29.6830,50.7780,13.4000,2.2000,ML,TEH,6,3,85.6201,225.7000,199.7000,primary
611849724,2018-03-19,03:49:53.45,29.2208,52.5738,12.0000,3.4000,mb,ISC,30,6,46.7019,136.0000,83.0000,primary
611801286,2018-03-19,04:30:48.04,29.6420,50.7440,14.3000,4.2000,MS,ISC,859,6,88.9560,175.8000,17.7000,primary
617238093,2018-03-19,04:41:12.20,29.7210,50.7550,9.5000,2.7000,ML,TEH,12,5,88.9560,227.4000,196.5000,primary
617238095,2018-03-19,05:07:43.40,29.7160,50.8140,17.5000,3.0000,ML,TEH,19,6,82.2843,167.6000,167.6000,primary
617238096,2018-03-19,05:16:58.20,29.6950,50.8050,12.9000,3.0000,ML,TEH,21,6,83.3962,169.0000,169.0000,primary
617238098,2018-03-19,05:50:27.60,29.7320,50.7430,10.0000,2.6000,ML,TEH,10,4,90.0679,291.4000,197.0000,primary
617238099,2018-03-19,05:54:05.20,29.7210,50.7400,10.0000,2.4000,ML,TEH,7,2,90.0679,296.1000,197.3000,primary
611849729,2018-03-19,06:09:53.19,29.6218,50.6688,25.0000,3.8000,mb,ISC,19,5,95.6277,182.4000,100.5000,primary
617238100,2018-03-19,06:17:10.80,29.7370,50.9090,13.8000,3.2000,ML,TEH,16,6,74.5006,159.4000,156.1000,primary
617238101,2018-03-19,06:44:03.40,29.7060,50.7620,9.8000,2.6000,ML,TEH,5,3,106.7472,226.9000,220.7000,primary
617238102,2018-03-19,07:18:10.90,29.7130,50.7740,9.2000,3.0000,ML,TEH,14,5,86.7321,226.2000,195.6000,primary
617238104,2018-03-19,08:31:45,29.6680,50.6980,10.0000,2.5000,ML,TEH,6,4,93.4038,230.7000,213.0000,primary
617238106,2018-03-19,08:50:32,29.7280,50.7030,9.9000,2.6000,ML,TEH,7,2,161.2327,230.7000,199.2000,primary
617238108,2018-03-19,09:10:41.90,29.6940,50.6150,10.0000,2.6000,ML,TEH,4,2,160.1208,235.8000,207.7000,primary
617238110,2018-03-19,09:20:35.20,28.5930,51.6350,10.0000,2.8000,ML,TEH,7,5,44.4780,140.3000,140.3000,primary
617238114,2018-03-19,09:41:59.80,29.7000,50.8670,14.0000,2.8000,ML,TEH,9,6,77.8365,164.1000,164.1000,primary
617238122,2018-03-19,11:16:09.90,29.7100,50.7040,9.6000,2.4000,ML,TEH,10,4,93.4038,230.6000,203.2000,primary
617238123,2018-03-19,11:48:39.20,29.7000,50.7560,10.0000,2.7000,ML,TEH,9,5,87.8440,227.3000,196.8000,primary
617238124,2018-03-19,11:50:32.30,29.7230,50.7720,8.1000,3.3000,ML,TEH,18,5,86.7321,226.3000,195.5000,primary
617238125,2018-03-19,13:56:20.30,29.0830,51.6950,10.0000,2.3000,ML,TEH,3,3,45.5899,211.2000,211.2000,primary
617238127,2018-03-19,14:22:13.20,29.7090,50.7400,10.0000,2.5000,ML,TEH,11,5,90.0679,228.3000,201.4000,primary
617238128,2018-03-19,14:34:46.70,29.7360,50.6820,8.0000,2.6000,ML,TEH,7,4,95.6277,232.0000,203.8000,primary
617238131,2018-03-19,16:14:15.80,29.7120,50.7640,7.6000,3.2000,ML,TEH,14,6,87.8440,171.6000,171.6000,primary
617238149,2018-03-19,20:37:48.30,29.9810,51.5340,5.0000,2.0000,ML,TEH,4,3,42.2541,174.3000,174.3000,primary
617238152,2018-03-19,20:49:58.30,29.7410,50.4900,10.0000,2.3000,ML,TEH,6,3,124.5384,243.0000,212.9000,primary
617238159,2018-03-19,23:41:32.70,29.6880,50.7720,22.0000,2.0000,ML,TEH,9,5,86.7321,171.9000,171.9000,primary
617238164,2018-03-20,02:01:33.50,29.6540,50.8350,21.8000,2.2000,ML,TEH,7,5,80.0604,168.2000,168.2000,primary
617238170,2018-03-20,04:38:17.90,29.6800,50.7800,10.0000,2.7000,ML,TEH,5,4,85.6201,225.6000,225.6000,primary
617238175,2018-03-20,05:31:05.60,29.7430,50.6630,10.0000,2.5000,ML,TEH,5,3,114.5309,233.2000,204.8000,primary
617238177,2018-03-20,05:44:47.30,27.7830,52.5930,10.0000,2.9000,ML,TEH,5,5,74.5006,165.5000,165.5000,primary
617238181,2018-03-20,08:43:58.80,29.7020,50.8180,9.5000,2.8000,ML,TEH,10,4,82.2843,223.3000,193.4000,primary
617238210,2018-03-20,19:09:29.30,29.6940,50.7500,10.7000,3.0000,ML,TEH,22,6,88.9560,173.3000,166.5000,primary
617238237,2018-03-21,13:18:31,29.6860,50.6780,10.0000,2.7000,ML,TEH,7,4,95.6277,232.0000,224.3000,primary
617238240,2018-03-21,17:57:44.50,29.4850,51.3360,4.4000,2.6000,ML,TEH,5,5,34.4704,184.8000,184.8000,primary
617238264,2018-03-22,02:14:38.80,29.7050,50.6940,10.0000,2.1000,ML,TEH,7,5,94.5157,231.1000,203.7000,primary
611866436,2018-03-22,18:35:06.08,28.1097,52.9876,14.0000,3.7000,mb,ISC,74,6,41.1421,111.4000,35.6000,primary
617238295,2018-03-22,18:40:47.50,28.1310,52.9490,18.0000,3.1000,ML,TEH,13,6,38.9182,112.9000,112.9000,primary
617238296,2018-03-22,18:44:09.40,28.0780,52.9360,10.0000,2.5000,ML,TEH,4,4,45.5899,116.7000,116.7000,primary
617238298,2018-03-22,19:46:22.70,28.3460,52.8570,24.7000,2.4000,ML,TEH,5,4,23.3509,195.2000,195.2000,primary
617238300,2018-03-22,20:16:09.90,28.9900,51.3240,10.0000,2.5000,ML,TEH,3,2,14.4553,353.6000,178.6000,primary
617238301,2018-03-22,20:28:52.20,28.2820,52.8950,10.0000,2.2000,ML,TEH,5,4,25.5748,204.1000,204.1000,primary
617238312,2018-03-23,00:03:48.80,28.0790,52.8970,10.0000,2.6000,ML,TEH,4,4,46.7019,216.0000,216.0000,primary
615353488,2018-03-23,17:23:29.74,28.0348,52.9419,14.0000,3.7000,mb,ISC,65,7,50.0377,118.8000,45.0000,primary
611868832,2018-03-23,17:54:56.25,28.0924,52.9210,14.0000,3.8000,mb,ISC,62,6,44.4780,116.9000,43.4000,primary
617238379,2018-03-24,11:24:50.40,29.8710,52.0340,10.4000,1.8000,ML,TEH,5,4,45.5899,137.1000,109.9000,primary
617238385,2018-03-24,15:12:23.50,29.6630,50.8410,23.8000,2.7000,ML,TEH,12,6,80.0604,167.4000,167.4000,primary
617238421,2018-03-26,05:46:07,29.2770,51.5530,10.0000,2.4000,ML,TEH,5,4,38.9182,180.0000,180.0000,primary
617238482,2018-03-28,02:48:02,29.3900,51.2530,2.0000,2.8000,ML,TEH,4,4,46.7019,190.6000,190.6000,primary
617238532,2018-03-28,16:40:17.40,29.7870,51.2630,10.0000,2.1000,ML,TEH,4,4,43.3661,193.0000,193.0000,primary
617238544,2018-03-28,22:36:14.10,28.7260,51.7000,11.3000,2.5000,ML,TEH,9,5,42.2541,125.4000,125.4000,primary
617238546,2018-03-28,22:57:42.30,28.2590,52.1160,10.0000,1.7000,ML,TEH,3,3,84.5082,203.0000,203.0000,primary
617238573,2018-03-29,10:43:11.30,29.6730,50.8630,10.0000,2.6000,ML,TEH,3,2,150.1132,220.2000,220.2000,primary
617238611,2018-03-30,05:27:01.50,29.6870,50.8590,15.0000,2.8000,ML,TEH,10,6,77.8365,165.2000,165.2000,primary
617238703,2018-04-01,01:32:54.20,28.1170,52.9750,17.8000,2.9000,ML,TEH,8,5,40.0302,129.4000,129.4000,primary
617238757,2018-04-01,21:58:25,29.6300,51.8860,7.0000,2.3000,ML,TEH,5,4,22.2390,126.7000,126.7000,primary
617238775,2018-04-02,02:58:51.50,29.6710,51.9970,5.0000,1.9000,ML,TEH,5,4,33.3585,112.9000,112.9000,primary
617238784,2018-04-02,04:58:54.70,29.5120,51.9740,10.0000,1.9000,ML,TEH,5,3,32.2465,215.9000,215.9000,primary
615353546,2018-04-02,07:24:26.60,28.8360,51.5450,7.4000,3.4000,ML,TEH,32,5,24.4629,103.1000,72.2000,primary
617238796,2018-04-02,08:54:39.30,29.6410,51.9870,10.0000,2.4000,ML,TEH,4,4,31.1346,116.9000,116.9000,primary
617238804,2018-04-02,11:58:51.30,28.7300,51.4450,15.6000,2.3000,ML,TEH,4,3,21.1271,191.9000,191.9000,primary
617238810,2018-04-02,14:54:37.60,29.6880,51.9550,10.0000,2.1000,ML,TEH,3,2,30.0226,201.6000,158.4000,primary
617238818,2018-04-02,18:57:34.20,29.5360,52.0010,10.0000,2.2000,ML,TEH,4,3,33.3585,208.0000,208.0000,primary
617238876,2018-04-04,12:16:37.30,29.7050,51.7230,10.0000,2.3000,ML,TEH,3,2,144.5535,201.9000,182.0000,primary
617238877,2018-04-04,12:26:49.30,29.8070,51.3120,8.6000,3.0000,ML,TEH,14,6,40.0302,129.2000,129.2000,primary
617238889,2018-04-05,03:39:35.50,29.6910,51.2080,18.6000,2.5000,ML,TEH,7,4,44.4780,139.8000,139.8000,primary
611869067,2018-04-05,15:07:48.71,28.5452,52.1771,15.0000,4.3000,mb,ISC,111,6,85.6201,113.8000,19.8000,primary
611870995,2018-04-06,17:51:20.67,28.5148,52.1659,15.0000,3.6000,MS,ISC,284,6,85.6201,116.7000,27.6000,primary
617238958,2018-04-06,19:54:22.20,28.5970,52.1560,17.0000,3.0000,ML,TEH,10,6,87.8440,109.4000,109.4000,primary
617238963,2018-04-06,20:54:59.50,28.5220,52.1390,10.0000,2.8000,ML,TEH,5,5,87.8440,116.5000,116.5000,primary
617238965,2018-04-06,21:22:43.20,29.3850,51.5760,8.2000,2.3000,ML,TEH,5,4,26.6868,165.2000,165.2000,primary
617238977,2018-04-07,06:11:57.30,29.7960,51.8300,9.0000,2.3000,ML,TEH,4,3,25.5748,209.0000,186.2000,primary
617239036,2018-04-08,21:18:44.30,28.5700,52.1280,27.1000,2.8000,ML,TEH,7,5,87.8440,158.7000,158.7000,primary
611871942,2018-04-09,03:23:18.86,28.5594,52.2011,15.0000,3.2000,MS,ISC,169,6,83.3962,112.2000,25.2000,primary
617239079,2018-04-09,14:35:35.10,28.5890,52.1360,10.0000,2.7000,ML,TEH,6,5,87.8440,160.5000,160.5000,primary
617239099,2018-04-10,05:56:37.30,28.5410,52.1780,19.3000,2.9000,ML,TEH,6,6,85.6201,163.2000,163.2000,primary
617239102,2018-04-10,08:36:43.10,28.4720,52.2980,19.0000,2.8000,ML,TEH,6,5,73.3887,174.0000,174.0000,primary
617239108,2018-04-10,10:48:34.30,29.3710,51.5670,11.6000,2.4000,ML,TEH,5,5,28.9107,155.5000,155.5000,primary
617239144,2018-04-11,20:45:20,29.6840,51.5150,10.0000,2.1000,ML,TEH,5,4,16.6792,259.2000,185.9000,primary
617239214,2018-04-14,17:06:23.50,28.5580,52.6040,10.0000,2.7000,ML,TEH,4,4,44.4780,159.3000,159.3000,primary
617239236,2018-04-15,10:22:37.10,29.0990,51.2260,7.3000,2.4000,ML,TEH,6,4,26.6868,218.9000,191.8000,primary
617239247,2018-04-15,21:11:21.80,28.5430,52.5800,6.0000,2.8000,ML,TEH,8,5,45.5899,162.4000,143.2000,primary
611882589,2018-04-16,15:32:17.67,28.0445,52.8463,14.0000,3.3000,MS,ISC,155,6,51.1497,125.1000,22.7000,primary
617582492,2018-04-16,18:09:09.14,27.6787,52.9466,10.0000,4.2000,mb,OMAN,19,0,385.8467,360.0000,322.1000,primary
617239276,2018-04-17,05:39:45.40,29.9780,51.7580,11.0000,2.6000,ML,TEH,6,4,41.1421,156.8000,156.8000,primary
617239332,2018-04-19,02:26:42.60,29.8420,52.1690,10.0000,2.5000,ML,TEH,5,4,40.0302,146.7000,118.3000,primary
611885636,2018-04-19,06:34:47.32,28.3256,51.7047,18.0000,5.3000,MS,ISC,1745,8,43.3661,148.6000,12.3000,primary
611922628,2018-04-19,06:39:36.55,27.8516,51.9022,10.0000,4.6000,mb,ISC,35,0,465.9071,360.0000,96.1000,primary
617239478,2018-04-23,01:00:31.70,28.5640,52.6690,8.0000,3.1000,ML,TEH,16,8,37.8063,101.2000,101.0000,primary
617239481,2018-04-23,02:07:20.80,28.5660,52.1930,11.0000,2.7000,ML,TEH,5,5,83.3962,159.8000,159.8000,primary
617239515,2018-04-23,22:47:59.30,29.8600,51.5450,10.0000,2.7000,ML,TEH,16,5,30.0226,169.5000,150.0000,primary
617239540,2018-04-24,18:07:12.30,28.5390,52.2330,10.0000,2.9000,ML,TEH,5,5,80.0604,163.8000,163.8000,primary
617239574,2018-04-25,10:46:44.30,28.3270,51.5440,19.0000,2.7000,ML,TEH,6,5,27.7987,194.9000,194.9000,primary
617239627,2018-04-26,22:57:52,29.6010,51.9020,5.0000,2.0000,ML,TEH,6,5,23.3509,96.2000,78.0000,primary
617239633,2018-04-27,02:35:28.80,28.8030,50.9480,18.6000,2.7000,ML,TEH,5,4,34.4704,249.7000,234.2000,primary
617239660,2018-04-27,23:51:02.10,28.4790,52.1480,10.0000,2.5000,ML,TEH,4,4,87.8440,120.4000,120.4000,primary
617239672,2018-04-28,11:31:46.90,28.3400,51.5730,8.0000,2.8000,ML,TEH,5,4,31.1346,191.0000,191.0000,primary
611928508,2018-04-28,12:18:40.33,28.3371,51.6737,10.0000,3.0000,MS,ISC,105,4,40.0302,147.5000,32.0000,primary
617239673,2018-04-28,12:28:51,28.3670,51.5540,13.2000,2.7000,ML,TEH,7,4,28.9107,184.2000,184.2000,primary
617239674,2018-04-28,13:16:56,28.4200,52.9360,19.8000,2.7000,ML,TEH,6,4,12.2314,208.8000,208.8000,primary
611911100,2018-04-29,03:43:35.95,28.3140,51.5818,24.0000,3.5000,MS,ISC,194,7,32.2465,155.5000,32.3000,primary
617239710,2018-04-29,18:56:25.50,28.8980,51.8030,3.2000,2.6000,ML,TEH,6,4,80.0604,128.3000,128.3000,primary
617239713,2018-04-29,19:12:23.20,28.5470,52.5930,10.0000,2.9000,ML,TEH,4,4,44.4780,137.2000,137.2000,primary
617239717,2018-04-29,21:07:34.70,29.7250,50.5580,10.0000,2.5000,ML,TEH,7,4,107.8591,239.2000,210.5000,primary
616323153,2018-04-30,05:02:42.60,28.5250,52.7159,16.0000,3.6000,mb,ISC,17,7,32.2465,101.8000,101.8000,primary
611933900,2018-04-30,05:05:23.04,28.4840,52.6172,16.0000,3.8000,mb,ISC,69,8,42.2541,107.7000,77.1000,primary
617239727,2018-04-30,05:14:21.40,28.4550,52.6450,12.0000,3.1000,ML,TEH,10,7,38.9182,108.6000,108.6000,primary
617239729,2018-04-30,06:16:06.80,27.8930,51.8020,19.0000,2.9000,ML,TEH,4,4,74.5006,200.3000,200.3000,primary
617239750,2018-05-01,04:25:33.20,29.8210,51.6930,11.0000,2.0000,ML,TEH,4,3,23.3509,191.6000,170.9000,primary
617239804,2018-05-03,06:29:13.30,28.5610,51.6450,15.3000,3.0000,ML,TEH,11,6,43.3661,146.2000,108.0000,primary
617239844,2018-05-04,09:41:16.80,28.3620,51.9900,20.0000,2.8000,ML,TEH,4,3,71.1648,283.1000,277.6000,primary
611938142,2018-05-04,10:22:14.08,28.5580,50.4245,35.0000,4.2000,mb,ISC,99,3,84.5082,301.0000,53.8000,primary
617239855,2018-05-04,18:19:12.50,28.6080,50.1600,10.0000,2.7000,ML,TEH,5,2,111.1950,308.4000,264.7000,primary
617239880,2018-05-05,17:59:03.40,29.5910,52.4270,8.0000,2.3000,ML,TEH,5,4,10.0075,164.2000,164.2000,primary
617239888,2018-05-05,23:16:48.40,28.6980,50.3240,17.5000,3.1000,ML,TEH,11,3,96.7396,299.9000,255.0000,primary
617239914,2018-05-06,08:59:53.30,28.3670,51.9280,10.5000,2.8000,ML,TEH,4,3,65.6050,280.3000,276.0000,primary
617239923,2018-05-06,20:41:57.20,27.4420,52.6190,8.0000,3.2000,ML,TEH,6,5,55.5975,205.9000,205.9000,primary
617239955,2018-05-07,21:34:19.50,29.7150,52.1810,5.3000,2.4000,ML,TEH,6,5,33.3585,125.5000,99.4000,primary
617240005,2018-05-10,03:03:10.70,28.0660,52.6840,13.9000,3.1000,ML,TEH,8,7,57.8214,134.2000,134.2000,primary
617240203,2018-05-15,21:53:54.20,28.4290,51.4580,18.0000,2.6000,ML,TEH,5,4,21.1271,161.5000,161.5000,primary
617240213,2018-05-16,04:10:37.70,28.7440,51.6400,19.0000,2.3000,ML,TEH,4,3,56.7094,181.1000,181.1000,primary
617240235,2018-05-16,15:10:09,28.3020,52.1140,10.0000,2.9000,ML,TEH,4,3,84.5082,260.2000,240.2000,primary
617240256,2018-05-17,07:43:16.10,29.6830,51.1400,10.0000,2.4000,ML,TEH,4,3,133.4340,201.0000,201.0000,primary
617240274,2018-05-17,16:53:07.80,27.2600,52.8840,9.0000,3.2000,ML,TEH,7,4,28.9107,294.1000,235.2000,primary
617240277,2018-05-17,19:36:32.30,29.5310,51.4310,20.0000,2.4000,ML,TEH,7,3,105.6352,178.0000,159.1000,primary
617240318,2018-05-19,02:56:57,29.4410,51.9120,8.4000,2.0000,ML,TEH,5,4,62.2692,139.2000,139.2000,primary
617240335,2018-05-19,13:46:56.60,28.4950,51.5650,12.0000,2.9000,ML,TEH,6,4,33.3585,153.4000,153.4000,primary
617240367,2018-05-20,12:38:35.10,29.4960,52.6460,3.2000,1.9000,ML,TEH,4,3,21.1271,258.3000,233.0000,primary
617240373,2018-05-20,14:49:55.93,28.9052,51.3315,17.0000,3.2000,ML,ISC,47,4,5.5598,196.4000,100.4000,primary
617240378,2018-05-20,17:17:10.80,28.9470,51.3010,10.8000,3.0000,ML,TEH,44,4,8.8956,232.9000,132.1000,primary
617240394,2018-05-21,04:03:58,29.3830,52.6450,12.5000,2.6000,ML,TEH,5,4,31.1346,182.7000,182.7000,primary
617240475,2018-05-22,13:09:14.58,29.1678,52.9781,16.0000,3.2000,ML,ISC,40,5,68.9409,181.8000,49.0000,primary
617240489,2018-05-22,18:09:16.43,28.9415,51.3078,17.0000,3.3000,ML,ISC,42,4,64.4931,200.5000,138.0000,primary
615353804,2018-05-24,23:08:20.06,27.9026,51.5223,10.0000,3.3000,ML,ISC,29,3,56.7094,266.7000,173.7000,primary
617240582,2018-05-25,09:51:09.50,28.2810,52.5790,10.0000,2.8000,ML,TEH,3,2,50.0377,209.8000,209.8000,primary
612025432,2018-05-25,10:28:22.97,28.4859,52.2040,15.0000,3.9000,mb,ISC,67,5,82.2843,171.3000,64.4000,primary
617240589,2018-05-25,18:10:58.80,29.8330,51.5550,11.0000,2.8000,ML,TEH,7,4,26.6868,171.5000,163.0000,primary
617240590,2018-05-25,18:12:44.40,29.8410,51.7260,8.0000,2.6000,ML,TEH,5,3,25.5748,199.4000,177.9000,primary
612025484,2018-05-26,04:59:06.44,28.3947,52.7750,29.0000,3.1000,MS,ISC,64,6,27.7987,152.3000,43.0000,primary
617240604,2018-05-26,06:46:52.50,29.7680,52.2180,13.3000,2.7000,ML,TEH,7,5,32.2465,139.5000,112.1000,primary
617240605,2018-05-26,07:15:40.40,29.7670,52.2420,8.9000,2.6000,ML,TEH,5,4,30.0226,142.0000,114.5000,primary
617240656,2018-05-26,23:28:27.30,28.3860,52.5910,10.0000,2.7000,ML,TEH,5,5,45.5899,115.3000,115.3000,primary
617240735,2018-05-28,17:54:15.80,28.5170,52.1100,13.6000,2.5000,ML,TEH,4,4,84.5082,166.0000,166.0000,primary
617240824,2018-05-31,21:08:27.30,29.8580,51.4200,10.0000,2.9000,ML,TEH,11,5,35.5824,121.1000,121.1000,primary
617240846,2018-06-01,01:37:46.90,28.4430,52.4790,10.0000,2.6000,ML,TEH,3,3,55.5975,180.0000,180.0000,primary
617240858,2018-06-01,13:20:32.30,28.2400,51.6540,8.7000,2.8000,ML,TEH,5,3,41.1421,210.7000,210.7000,primary
617240906,2018-06-02,23:54:54.90,29.6650,52.3180,6.0000,2.8000,ML,TEH,7,6,18.9032,122.6000,96.3000,primary
617240938,2018-06-03,19:59:19.10,29.8800,51.5680,5.0000,2.3000,ML,TEH,7,5,31.1346,167.8000,167.8000,primary
617240985,2018-06-05,12:25:33.30,29.7420,51.4430,8.0000,2.7000,ML,TEH,8,6,25.5748,121.6000,121.6000,primary
617240987,2018-06-05,15:14:45.80,29.7380,51.7750,10.0000,2.1000,ML,TEH,5,3,17.7912,340.0000,161.6000,primary
617240997,2018-06-06,06:00:18.30,29.7510,51.3870,5.0000,2.4000,ML,TEH,7,5,31.1346,182.8000,171.9000,primary
617241045,2018-06-07,01:03:45.40,29.7680,51.5250,10.0000,2.3000,ML,TEH,3,3,22.2390,170.1000,170.1000,primary
617241052,2018-06-07,01:45:38,29.7150,51.4990,10.0000,2.3000,ML,TEH,5,4,18.9032,171.6000,171.6000,primary
617241035,2018-06-07,17:55:38,29.7870,51.4760,10.0000,2.3000,ML,TEH,5,3,26.6868,174.9000,157.4000,primary
617241118,2018-06-10,10:32:25.60,29.5390,51.9850,10.0000,2.4000,ML,TEH,4,4,32.2465,152.6000,152.6000,primary
617241132,2018-06-10,23:28:55.30,28.9670,51.2480,10.0000,2.6000,ML,TEH,4,4,12.2314,210.2000,210.2000,primary
617241136,2018-06-11,02:31:18.60,29.5500,51.4210,8.0000,2.1000,ML,TEH,4,3,24.4629,179.0000,179.0000,primary
617241155,2018-06-11,17:42:37.40,28.7170,52.2400,10.0000,2.5000,ML,TEH,5,5,83.3962,139.5000,139.5000,primary
617241160,2018-06-11,23:37:43.70,29.0610,51.1610,10.0000,2.5000,ML,TEH,8,5,25.5748,225.6000,198.0000,primary
617241193,2018-06-13,04:10:20.80,29.7510,51.4370,9.0000,2.4000,ML,TEH,5,4,26.6868,178.1000,178.1000,primary
617241290,2018-06-16,23:03:38.20,29.8900,51.4720,5.0000,2.1000,ML,TEH,5,4,35.5824,178.3000,178.3000,primary
612184945,2018-06-17,12:18:05.09,28.5674,51.3063,26.0000,3.7000,mb,ISC,38,3,23.3509,185.3000,49.7000,primary
617241295,2018-06-17,17:10:28.90,29.6720,51.8830,9.7000,2.2000,ML,TEH,4,3,22.2390,160.0000,160.0000,primary
617241299,2018-06-17,19:29:01.90,29.6000,51.9590,10.0000,2.4000,ML,TEH,5,4,28.9107,121.7000,121.7000,primary
617241304,2018-06-17,21:27:37.60,29.6130,51.8600,8.0000,2.4000,ML,TEH,7,4,18.9032,116.0000,116.0000,primary
617241360,2018-06-19,05:21:40.20,29.6810,52.2090,8.0000,2.8000,ML,TEH,7,5,30.0226,120.1000,76.2000,primary
617241361,2018-06-19,05:28:42.30,29.6470,52.2180,6.0000,2.5000,ML,TEH,7,5,28.9107,112.7000,72.3000,primary
612166717,2018-06-23,21:13:38.45,27.7762,52.1369,26.0000,4.6000,mb,ISC,478,4,107.8591,192.0000,11.8000,primary
617241583,2018-06-28,00:09:08,29.3640,51.9960,7.9000,2.6000,ML,TEH,4,3,42.2541,225.0000,205.4000,primary
617241606,2018-06-28,22:16:17.40,29.4700,51.3840,10.0000,2.9000,ML,TEH,15,5,31.1346,133.6000,133.6000,primary
617241627,2018-06-29,18:49:29.30,29.5670,51.9590,13.1000,2.1000,ML,TEH,5,4,28.9107,126.1000,126.1000,primary
617241667,2018-06-30,20:35:46.70,29.6270,51.3180,10.0000,2.5000,ML,TEH,5,4,33.3585,187.4000,187.4000,primary
617241718,2018-07-02,23:08:32.30,28.5030,51.6150,10.0000,2.7000,ML,TEH,4,4,37.8063,155.1000,155.1000,primary
615353896,2018-07-04,16:52:40.15,28.3260,51.6709,10.0000,3.4000,ML,ISC,45,8,40.0302,149.5000,81.3000,primary
617241794,2018-07-05,19:10:52.40,29.4960,52.1240,5.0000,2.3000,ML,TEH,5,4,41.1421,147.3000,147.3000,primary
617241987,2018-07-12,06:17:25.60,28.8650,52.7240,25.6000,2.8000,ML,TEH,6,4,53.3736,157.2000,111.3000,primary
617241988,2018-07-12,06:31:30.90,28.8220,52.7880,25.6000,2.9000,ML,TEH,6,4,45.5899,163.1000,153.4000,primary
612298752,2018-07-12,07:32:52.43,28.8420,52.6976,12.0000,4.1000,mb,ISC,92,7,52.2616,124.7000,34.2000,primary
615353918,2018-07-15,19:38:59.05,29.6836,51.4344,20.0000,3.1000,ML,ISC,53,5,92.2918,123.5000,89.8000,primary
617242116,2018-07-16,22:26:24.90,29.5980,51.3500,18.0000,2.4000,ML,TEH,11,4,81.1723,184.6000,163.7000,primary
617242192,2018-07-19,04:30:38.60,29.1770,52.3770,18.0000,2.3000,ML,TEH,5,3,53.3736,216.3000,216.3000,primary
617242255,2018-07-21,08:00:44.40,29.7430,51.3610,6.0000,2.7000,ML,TEH,6,4,97.8516,174.8000,141.5000,primary
619553335,2018-07-22,21:00:18.77,28.8480,51.6190,33.0000,4.3000,Ms,BGR,17,0,3977.4452,360.0000,351.3000,primary
617242601,2018-07-24,06:07:03.10,29.5630,51.5040,8.4000,2.3000,ML,TEH,5,4,16.6792,168.3000,168.3000,primary
617242606,2018-07-25,00:17:32.80,28.9110,51.2300,11.4000,2.6000,ML,TEH,7,5,7.7837,211.1000,191.3000,primary
617242671,2018-07-26,04:32:21,29.1010,51.3500,5.2000,2.6000,ML,TEH,5,3,26.6868,196.5000,174.7000,primary
617242804,2018-07-30,00:46:10.50,29.6930,50.7420,10.0000,2.4000,ML,TEH,5,3,90.0679,228.1000,210.3000,primary
617242841,2018-07-31,01:21:18.60,29.7440,51.5500,10.0000,2.6000,ML,TEH,7,4,17.7912,171.1000,171.1000,primary
617242843,2018-07-31,03:09:08.80,28.5640,51.7730,24.7000,2.4000,ML,TEH,6,5,54.4855,152.0000,152.0000,primary
617242996,2018-08-05,14:04:14.20,29.8060,51.6020,10.0000,2.5000,ML,TEH,3,2,22.2390,194.8000,194.8000,primary
617243013,2018-08-06,13:15:20.70,29.5660,51.5280,10.0000,1.9000,ML,TEH,5,4,14.4553,165.9000,165.9000,primary
617243025,2018-08-06,20:56:10.20,29.6740,51.7730,8.0000,1.9000,ML,TEH,5,4,12.2314,205.8000,185.4000,primary
617243090,2018-08-09,14:36:04.60,29.6920,51.5470,10.0000,2.9000,ML,TEH,10,5,14.4553,166.7000,148.6000,primary
612635176,2018-08-11,14:46:08.58,28.7482,51.1302,10.0000,3.8000,mb,ISC,28,4,44.4780,224.8000,98.6000,primary
617243197,2018-08-13,22:11:20,29.4830,51.0950,10.0000,2.3000,ML,TEH,6,5,56.7094,203.1000,203.1000,primary
617243213,2018-08-14,15:31:41.10,29.4780,51.0880,8.5000,2.9000,ML,TEH,4,3,57.8214,262.6000,213.1000,primary
617243219,2018-08-14,21:57:10.10,29.4750,51.0280,10.0000,2.8000,ML,TEH,4,4,63.3811,208.1000,208.1000,primary
617243241,2018-08-15,01:47:20.50,29.4920,51.0830,12.0000,2.7000,ML,TEH,8,4,57.8214,204.0000,185.0000,primary
617243243,2018-08-15,03:04:33.20,29.4970,50.9870,8.1000,3.0000,ML,TEH,16,5,66.7170,162.1000,162.1000,primary
617243229,2018-08-15,19:42:10.80,29.2440,52.3290,5.0000,2.2000,ML,TEH,6,4,47.8138,118.5000,118.5000,primary
617243264,2018-08-16,04:17:31.20,29.3060,51.3570,10.0000,2.6000,ML,TEH,4,4,45.5899,179.8000,179.8000,primary
612667487,2018-08-17,03:30:49.31,28.2735,52.5290,16.0000,3.7000,mb,ISC,35,8,55.5975,126.1000,70.9000,primary
617243365,2018-08-20,00:37:39.90,27.8060,52.4570,18.4000,3.1000,ML,TEH,11,6,86.7321,171.6000,171.6000,primary
617243423,2018-08-21,19:31:18.30,28.7750,52.5050,10.0000,2.6000,ML,TEH,3,3,117.8667,290.9000,290.9000,primary
617243481,2018-08-23,18:46:52.20,28.2110,52.1090,10.0000,2.7000,ML,TEH,3,3,84.5082,209.6000,209.6000,primary
617243521,2018-08-24,19:05:36.10,29.6240,51.2440,11.2000,2.2000,ML,TEH,7,4,40.0302,192.9000,192.9000,primary
617243554,2018-08-25,18:58:56.20,28.4270,52.3250,10.0000,2.7000,ML,TEH,3,3,104.5233,258.6000,258.6000,primary
617243726,2018-08-27,15:53:23.70,29.6090,52.2940,11.3000,2.1000,ML,TEH,5,4,21.1271,136.2000,136.2000,primary
617243869,2018-08-28,14:13:28.90,29.5570,52.0330,10.0000,2.4000,ML,TEH,5,5,36.6944,131.3000,131.3000,primary
612651942,2018-08-30,00:45:01.26,29.7128,51.3264,20.0000,3.0000,MS,ISC,273,6,34.4704,131.3000,36.6000,primary
617244026,2018-08-30,06:15:29.30,29.7620,52.1510,8.0000,2.0000,ML,TEH,5,4,37.8063,131.8000,105.2000,primary
617244122,2018-08-31,06:40:05.60,29.8090,52.1370,4.3000,2.3000,ML,TEH,5,4,41.1421,138.3000,110.9000,primary
617244176,2018-09-01,20:57:24.20,28.7490,51.3640,10.0000,2.7000,ML,TEH,3,3,14.4553,176.6000,176.6000,primary
617244177,2018-09-01,21:11:04,29.4990,52.0730,10.0000,2.6000,ML,TEH,5,5,42.2541,142.9000,142.9000,primary
617244251,2018-09-03,03:22:09.20,28.7500,51.7470,7.7000,2.4000,ML,TEH,5,4,45.5899,125.0000,125.0000,primary
617244371,2018-09-05,11:41:42.60,28.8830,52.3990,10.0000,2.9000,ML,TEH,8,6,77.8365,117.5000,117.5000,primary
617244386,2018-09-05,18:46:51.40,28.4950,52.3200,10.0000,2.7000,ML,TEH,4,4,71.1648,170.7000,170.7000,primary
617244389,2018-09-05,19:57:52.40,28.8110,52.4720,16.2000,2.9000,ML,TEH,10,7,66.7170,104.6000,90.3000,primary
617244447,2018-09-06,12:45:43.70,29.4500,51.3900,10.0000,2.2000,ML,TEH,4,3,32.2465,180.4000,180.4000,primary
615357887,2018-09-07,21:24:19.88,29.4520,52.0701,10.0000,3.7000,mb,ISC,75,7,43.3661,78.6000,32.5000,primary
617244524,2018-09-08,01:48:17,29.4920,52.0600,8.0000,2.5000,ML,TEH,6,5,41.1421,84.1000,77.1000,primary
617244532,2018-09-08,05:50:47.60,29.9820,51.8610,9.0000,2.9000,ML,TEH,14,6,45.5899,133.4000,89.1000,primary
617244554,2018-09-08,19:15:29,29.6850,51.6270,8.1000,2.1000,ML,TEH,5,4,8.8956,159.1000,159.1000,primary
617244555,2018-09-08,19:18:12.90,29.6630,51.7470,10.0000,1.9000,ML,TEH,4,3,10.0075,204.0000,184.1000,primary
617244556,2018-09-08,19:32:05.80,29.6860,51.4840,5.0000,2.0000,ML,TEH,4,3,18.9032,175.5000,175.5000,primary
617244557,2018-09-08,19:39:55.60,29.6930,51.6620,7.7000,2.5000,ML,TEH,12,5,8.8956,111.9000,111.9000,primary
617244558,2018-09-08,19:55:05.30,29.5010,52.0240,10.0000,2.8000,ML,TEH,14,6,37.8063,85.6000,72.1000,primary
617244572,2018-09-09,00:08:08.20,28.0860,52.3370,10.0000,2.6000,ML,TEH,6,6,81.1723,151.2000,151.2000,primary
617244654,2018-09-10,12:35:27.30,29.8100,50.6370,13.0000,3.3000,ML,TEH,23,6,94.5157,178.1000,178.1000,primary
617244656,2018-09-10,12:51:47.80,29.7730,50.7270,22.5000,3.1000,ML,TEH,18,6,92.2918,172.2000,172.2000,primary
617244657,2018-09-10,13:06:31.20,29.8040,50.5860,10.0000,2.9000,ML,TEH,6,4,105.6352,238.2000,207.6000,primary
617244695,2018-09-11,06:29:58.50,29.7800,50.7210,8.7000,2.4000,ML,TEH,6,5,93.4038,172.3000,172.3000,primary
617244848,2018-09-14,17:55:10.90,29.0770,51.4200,3.5000,2.0000,ML,TEH,5,3,26.6868,174.2000,169.7000,primary
612794593,2018-09-16,01:07:28.80,27.8407,51.9173,26.0000,3.7000,mb,ISC,68,6,86.7321,198.0000,49.3000,primary
617244921,2018-09-16,08:27:57.10,28.5240,51.5820,19.5000,2.8000,ML,TEH,7,5,36.6944,148.7000,148.7000,primary
617244977,2018-09-17,20:00:57.10,28.6390,51.6920,5.0000,2.1000,ML,TEH,4,3,45.5899,235.7000,235.7000,primary
617244981,2018-09-17,22:05:43.80,29.8040,50.5590,8.0000,2.3000,ML,TEH,5,4,108.9711,239.7000,239.7000,primary
617245017,2018-09-18,04:25:52.30,29.2370,50.3140,7.4000,2.6000,ML,TEH,4,2,104.5233,337.1000,255.7000,primary
617245050,2018-09-19,12:06:14.60,29.7360,51.2160,9.5000,3.1000,ML,TEH,17,6,45.5899,137.8000,137.8000,primary
617245079,2018-09-20,12:15:08.80,28.5720,52.7140,2.5000,2.5000,ML,TEH,6,5,34.4704,149.4000,113.1000,primary
617245121,2018-09-21,13:49:24.80,28.1950,52.6270,10.0000,2.6000,ML,TEH,4,4,51.1497,127.5000,127.5000,primary
617245164,2018-09-22,00:41:47.90,29.0650,52.6490,3.5000,2.4000,ML,TEH,8,5,65.6050,160.9000,113.5000,primary
617245179,2018-09-22,08:56:43.90,29.3730,52.6430,9.0000,1.9000,ML,TEH,4,3,32.2465,253.5000,235.8000,primary
617245182,2018-09-22,09:47:05.70,28.1270,52.6240,13.3000,3.2000,ML,TEH,11,8,56.7094,133.0000,133.0000,primary
612739915,2018-09-23,05:22:58.83,29.4646,52.0293,16.0000,3.6000,MS,ISC,427,7,38.9182,80.9000,31.6000,primary
617245197,2018-09-23,05:28:38.60,29.5360,52.0630,9.0000,2.7000,ML,TEH,5,5,40.0302,136.4000,136.4000,primary
612740050,2018-09-23,06:54:26.07,29.4372,52.0254,10.0000,4.1000,mb,ISC,145,7,40.0302,77.7000,30.4000,primary
617245200,2018-09-23,06:59:41.50,29.5180,52.0400,7.6000,2.5000,ML,TEH,6,5,37.8063,147.1000,81.2000,primary
617245202,2018-09-23,07:21:18.20,29.6160,52.0160,13.0000,2.2000,ML,TEH,3,3,34.4704,177.0000,177.0000,primary
617245203,2018-09-23,07:46:15.60,29.5370,52.0410,8.0000,2.4000,ML,TEH,6,5,37.8063,134.9000,134.9000,primary
617245205,2018-09-23,08:35:29.50,29.5560,52.0330,9.2000,2.0000,ML,TEH,4,3,36.6944,158.3000,131.5000,primary
617245225,2018-09-23,17:59:47.90,29.4880,52.0430,4.4000,2.3000,ML,TEH,6,5,38.9182,142.3000,142.3000,primary
617245226,2018-09-23,19:06:12.10,29.4820,52.0250,4.3000,1.9000,ML,TEH,5,4,37.8063,141.8000,141.8000,primary
617245242,2018-09-24,02:40:21.40,29.5710,51.9900,8.0000,1.9000,ML,TEH,4,3,32.2465,162.7000,127.0000,primary
617245255,2018-09-24,10:39:25.90,27.9010,52.2070,9.0000,2.9000,ML,TEH,6,5,104.5233,175.9000,175.9000,primary
617245262,2018-09-24,13:04:40.20,29.4560,52.0390,5.0000,2.5000,ML,TEH,5,3,40.0302,146.5000,146.5000,primary
617245311,2018-09-25,15:48:05.10,29.9460,51.7350,5.0000,2.3000,ML,TEH,4,3,37.8063,351.1000,176.8000,primary
617245319,2018-09-25,22:13:15,29.3580,52.0730,10.0000,2.6000,ML,TEH,3,3,48.9258,270.5000,270.5000,primary
617245320,2018-09-25,22:15:55.60,29.3950,52.0950,10.0000,2.6000,ML,TEH,3,3,47.8138,275.6000,275.6000,primary
617245346,2018-09-26,13:39:32.70,29.4220,52.0380,7.8000,2.9000,ML,TEH,10,5,42.2541,121.8000,76.4000,primary
617245353,2018-09-26,16:54:59.40,29.2130,51.6820,7.5000,2.4000,ML,TEH,5,4,44.4780,206.2000,190.7000,primary
617245357,2018-09-26,19:04:25.50,29.4970,52.0440,10.0000,1.6000,ML,TEH,5,4,38.9182,141.1000,141.1000,primary
617245359,2018-09-26,20:44:26.20,29.5210,52.0420,8.0000,2.1000,ML,TEH,5,4,37.8063,137.4000,137.4000,primary
617245373,2018-09-27,05:43:16.80,29.4930,52.0400,8.6000,3.4000,ML,TEH,25,7,38.9182,84.4000,72.6000,primary
617245392,2018-09-27,15:58:20.10,29.2750,52.7470,10.0000,2.2000,ML,TEH,3,3,46.7019,264.6000,264.6000,primary
612845160,2018-09-29,11:03:14.98,29.7121,51.6008,12.8000,4.2000,mb,ISC,133,6,12.2314,162.1000,47.5000,primary
617245457,2018-09-29,16:22:48.90,29.7520,51.4840,8.0000,3.2000,ML,TEH,22,5,23.3509,148.0000,118.1000,primary
617245481,2018-09-30,02:29:16.40,29.4720,52.0530,5.0000,1.8000,ML,TEH,5,4,41.1421,145.3000,145.3000,primary
617245493,2018-09-30,16:58:09.20,29.1550,51.3000,10.0000,2.5000,ML,TEH,5,4,32.2465,212.1000,185.2000,primary
617245518,2018-10-01,08:40:56.30,27.4700,52.7790,17.5000,3.3000,ML,TEH,12,5,41.1421,193.2000,193.2000,primary
617245534,2018-10-01,14:58:52.80,29.6860,50.8280,10.0000,2.6000,ML,TEH,4,2,152.3372,222.5000,217.6000,primary
617245594,2018-10-03,01:30:06.90,28.4234,51.7594,15.0000,2.9000,ML,ISC,29,6,48.9258,131.7000,87.9000,primary
617245637,2018-10-04,00:57:51.30,29.7560,50.6590,17.7000,2.7000,ML,TEH,15,6,97.8516,178.3000,178.3000,primary
617245638,2018-10-04,00:59:59.30,29.4560,52.0160,5.0000,2.0000,ML,TEH,5,5,38.9182,85.4000,85.4000,primary
617245640,2018-10-04,02:34:53.40,29.8300,52.1590,5.0000,2.7000,ML,TEH,10,5,40.0302,143.7000,89.3000,primary
617245649,2018-10-04,11:34:42,29.3660,51.1400,10.0000,2.8000,ML,TEH,4,4,57.8214,247.5000,247.5000,primary
612856344,2018-10-06,01:23:57.43,29.1682,51.3391,17.0000,4.0000,mb,ISC,142,5,34.4704,139.5000,34.3000,primary
617245714,2018-10-06,15:36:26.54,28.8183,52.8686,16.0000,2.9000,ML,ISC,30,5,41.1421,137.0000,64.4000,primary
617245844,2018-10-10,16:29:54.30,29.6930,51.8150,9.5000,2.9000,ML,TEH,5,5,16.6792,112.6000,112.6000,primary
617245847,2018-10-10,17:20:09.40,29.7510,51.7580,8.6000,2.9000,ML,TEH,5,5,17.7912,142.2000,142.2000,primary
617245848,2018-10-10,18:10:14.30,29.6970,51.7790,12.0000,2.5000,ML,TEH,4,4,14.4553,206.0000,206.0000,primary
617245862,2018-10-11,07:51:00.30,29.5700,51.1250,10.0000,2.0000,ML,TEH,4,3,52.2616,270.4000,211.3000,primary
617245868,2018-10-11,09:58:37.90,28.5790,52.8900,10.0000,2.4000,ML,TEH,4,4,18.9032,175.0000,175.0000,primary
617245920,2018-10-12,17:04:22.70,28.6470,51.8950,10.0000,2.1000,ML,TEH,4,4,63.3811,143.9000,143.9000,primary
617245997,2018-10-15,00:27:52.38,27.3821,52.8536,20.0000,4.6000,mb,ISC,48,5,31.1346,206.5000,63.5000,primary
617246024,2018-10-15,20:37:41.60,27.3140,52.6040,8.0000,2.9000,ML,TEH,6,5,55.5975,224.7000,224.7000,primary
617246100,2018-10-17,18:34:08.50,29.0070,52.5070,11.1000,2.3000,ML,TEH,5,4,70.0528,239.4000,239.4000,primary
617246174,2018-10-18,18:18:59.70,28.6780,51.9290,9.0000,3.0000,ML,TEH,9,7,65.6050,101.7000,101.7000,primary
617246181,2018-10-18,23:28:26.30,27.4290,52.6960,10.0000,2.9000,ML,TEH,4,4,121.2026,226.0000,226.0000,primary
617246183,2018-10-19,00:12:18.80,27.3180,52.7300,20.6000,3.1000,ML,TEH,5,5,43.3661,222.3000,222.3000,primary
617246214,2018-10-20,05:28:37,28.3730,52.4760,8.0000,2.9000,ML,TEH,8,7,56.7094,120.5000,120.5000,primary
617246232,2018-10-20,15:10:31,27.2420,52.6650,17.1000,2.8000,ML,TEH,5,3,51.1497,234.7000,234.7000,primary
617246264,2018-10-21,04:28:24,29.1440,51.1810,10.0000,2.9000,ML,TEH,14,6,33.3585,156.3000,156.3000,primary
617246321,2018-10-22,19:13:58.30,28.9560,51.9180,24.6000,2.2000,ML,TEH,5,4,61.1572,187.4000,187.4000,primary
617246325,2018-10-22,22:17:48.90,29.4990,52.1070,6.0000,2.2000,ML,TEH,6,5,42.2541,141.6000,79.4000,primary
617246334,2018-10-23,08:06:48.70,28.3360,52.5200,8.0000,3.5000,ML,TEH,15,8,53.3736,121.8000,121.8000,primary
617246347,2018-10-23,16:41:05.10,28.6340,52.2300,10.0000,2.7000,ML,TEH,4,3,94.5157,279.5000,250.3000,primary
613513174,2018-10-25,03:03:34.35,27.3481,52.6959,10.0000,3.3000,MS,ISC,120,5,46.7019,217.8000,19.3000,primary
617246419,2018-10-25,05:49:30.50,28.4230,52.5430,8.0000,3.3000,ML,TEH,11,8,50.0377,114.5000,114.5000,primary
617246429,2018-10-25,19:41:41.12,27.3953,52.9475,20.0000,3.4000,ML,ISC,46,5,22.2390,197.3000,61.4000,primary
617246467,2018-10-27,11:24:41.20,29.2120,52.4310,11.0000,2.6000,ML,TEH,5,5,47.8138,134.1000,134.1000,primary
617246632,2018-11-02,15:31:03.60,27.2680,52.6110,10.2000,2.9000,ML,TEH,7,5,55.5975,231.1000,231.1000,primary
615358038,2018-11-02,15:46:57.58,27.2457,52.5778,10.0000,3.6000,ML,ISC,17,5,58.9333,234.2000,104.2000,primary
617246650,2018-11-03,15:01:58.10,28.5180,52.1010,10.0000,2.7000,ML,TEH,4,4,84.5082,240.6000,240.6000,primary
617246653,2018-11-03,18:56:41.30,28.4860,51.5430,10.0000,2.5000,ML,TEH,3,3,31.1346,238.5000,238.5000,primary
617246670,2018-11-04,15:22:23,29.7640,51.0790,11.2000,2.6000,ML,TEH,6,5,58.9333,206.0000,183.4000,primary
617246682,2018-11-05,01:23:54.30,28.3060,52.9790,6.7000,2.9000,ML,TEH,8,8,20.0151,102.2000,102.2000,primary
613568587,2018-11-05,04:46:14.82,27.2271,52.5738,10.0000,4.0000,mb,ISC,70,5,60.0453,236.7000,112.4000,primary
616336314,2018-11-06,23:35:40.91,27.8153,52.9497,10.0000,3.8000,mb,ISC,9,4,56.7094,209.2000,105.8000,primary
617246798,2018-11-08,23:56:08.80,27.2970,52.5940,12.7000,3.3000,ML,TEH,11,5,56.7094,227.1000,227.1000,primary
617246864,2018-11-10,10:28:32.30,27.3690,52.6520,7.3000,3.4000,ML,TEH,7,5,51.1497,215.6000,182.8000,primary
617246922,2018-11-12,05:01:15.40,29.5240,51.3880,10.0000,2.3000,ML,TEH,4,3,28.9107,181.2000,181.2000,primary
617246924,2018-11-12,05:15:42.20,29.5260,51.3160,10.0000,2.9000,ML,TEH,9,4,34.4704,186.7000,169.0000,primary
617246925,2018-11-12,05:26:21.30,29.5220,51.4450,18.0000,2.2000,ML,TEH,4,3,23.3509,176.9000,176.9000,primary
617246926,2018-11-12,06:58:34.40,29.5280,51.3910,10.0000,2.7000,ML,TEH,4,4,27.7987,181.0000,181.0000,primary
617246940,2018-11-12,14:58:50.80,29.5470,52.0430,10.0000,2.4000,ML,TEH,3,3,37.8063,155.6000,155.6000,primary
614200848,2018-11-12,19:43:38.49,27.9758,52.9244,14.0000,2.7000,MS,ISC,117,6,56.7094,182.1000,22.1000,primary
617246971,2018-11-13,18:51:40.70,29.5940,52.0620,11.8000,2.3000,ML,TEH,5,5,38.9182,127.0000,127.0000,primary
617246985,2018-11-14,06:14:55.10,29.5970,51.4320,9.0000,2.5000,ML,TEH,6,4,22.2390,176.3000,167.1000,primary
617246998,2018-11-14,13:51:43.90,29.5870,51.4600,12.1000,2.9000,ML,TEH,9,5,20.0151,173.2000,159.8000,primary
617247108,2018-11-17,19:31:35.20,29.6410,51.4660,10.0000,2.7000,ML,TEH,4,4,18.9032,173.5000,173.5000,primary
617247217,2018-11-21,01:38:49.70,29.5120,52.1770,10.0000,2.6000,ML,TEH,7,6,35.5824,84.7000,77.3000,primary
617247228,2018-11-21,12:04:45.50,28.4570,52.0200,18.9000,3.1000,ML,TEH,12,7,75.6126,124.8000,124.8000,primary
617247229,2018-11-21,12:17:52.20,28.8770,51.3500,12.7000,2.9000,ML,TEH,5,4,5.5598,135.9000,135.9000,primary
617247230,2018-11-21,12:27:58.10,28.8720,51.3940,9.7000,2.8000,ML,TEH,5,4,10.0075,141.5000,141.5000,primary
617247254,2018-11-22,01:25:39.90,28.3920,52.5280,7.2000,3.1000,ML,TEH,13,7,51.1497,155.4000,155.4000,primary
617247297,2018-11-23,11:44:48.50,28.4100,52.0470,19.2000,2.7000,ML,TEH,6,5,76.7245,180.8000,180.8000,primary
617247309,2018-11-23,19:38:07.50,29.0690,52.8540,10.0000,2.4000,ML,TEH,5,5,67.8289,191.6000,191.6000,primary
617247312,2018-11-23,21:56:04.50,29.8190,50.6650,9.4000,2.4000,ML,TEH,9,5,98.9635,233.7000,203.7000,primary
617247313,2018-11-23,22:55:35.80,29.7810,50.5490,10.0000,2.5000,ML,TEH,9,4,108.9711,240.0000,209.6000,primary
617247430,2018-11-25,08:54:04.20,29.6300,52.8260,10.0000,2.4000,ML,TEH,5,3,30.0226,306.8000,251.5000,primary
617247444,2018-11-25,16:18:42.70,29.6070,51.3780,5.0000,2.2000,ML,TEH,5,4,27.7987,181.9000,181.9000,primary
614409158,2018-11-26,00:49:47.37,28.7864,51.5388,10.0000,4.4000,MS,ISC,101,4,25.5748,114.8000,31.6000,primary
617247496,2018-11-26,08:36:58.90,29.5980,51.3330,5.0000,3.2000,ML,TEH,16,5,32.2465,186.0000,164.8000,primary
617247498,2018-11-26,08:53:33.10,29.6230,51.4050,6.0000,2.5000,ML,TEH,5,4,24.4629,179.3000,179.3000,primary
617247499,2018-11-26,09:00:47.40,29.6410,51.3810,8.0000,2.9000,ML,TEH,10,5,27.7987,182.0000,164.1000,primary
617247515,2018-11-26,16:52:08.30,29.8840,50.8450,10.0000,2.7000,ML,TEH,8,3,84.5082,279.1000,250.2000,primary
617247612,2018-11-27,03:54:21.50,29.6010,51.4910,7.0000,2.5000,ML,TEH,8,5,16.6792,170.3000,161.9000,primary
617247592,2018-11-27,17:40:03.60,28.6700,52.2450,10.0000,2.6000,ML,TEH,3,3,95.6277,279.2000,279.2000,primary
617247638,2018-11-28,04:49:25,29.4900,52.2630,6.0000,2.7000,ML,TEH,9,6,30.0226,90.5000,90.5000,primary
617247639,2018-11-28,04:52:32.30,29.5040,52.2690,7.4000,2.5000,ML,TEH,6,5,27.7987,161.0000,161.0000,primary
614426366,2018-11-28,05:34:21.79,28.4153,52.0449,15.0000,3.8000,mb,ISC,55,7,76.7245,128.8000,54.2000,primary
617247643,2018-11-28,05:39:53.50,29.8100,52.2220,9.0000,2.4000,ML,TEH,4,4,33.3585,147.7000,147.7000,primary
617247682,2018-11-28,15:16:58.50,28.5350,51.8980,5.0000,2.5000,ML,TEH,5,4,65.6050,160.1000,160.1000,primary
617247774,2018-11-30,16:12:55,29.7790,52.2510,10.0000,2.5000,ML,TEH,5,4,30.0226,145.7000,117.8000,primary
614441549,2018-12-01,16:38:14.32,28.6632,51.9630,15.0000,3.7000,mb,ISC,44,7,68.9409,103.4000,26.5000,primary
615358140,2018-12-02,21:49:38.45,28.9067,51.3790,10.0000,3.2000,ML,ISC,67,5,10.0075,139.3000,78.0000,primary
617247915,2018-12-03,01:06:50.60,29.6850,52.3200,10.0000,2.3000,ML,TEH,4,3,18.9032,158.7000,158.7000,primary
614442654,2018-12-04,03:01:12.49,29.9965,51.2275,10.0000,3.9000,mb,ISC,48,5,60.0453,198.2000,43.5000,primary
617248247,2018-12-06,22:16:10.20,29.9130,51.0190,7.4000,2.9000,ML,TEH,13,6,70.0528,143.9000,143.9000,primary
617248545,2018-12-10,02:46:22.10,29.5320,52.4580,8.3000,2.8000,ML,TEH,4,4,13.3434,198.6000,198.6000,primary
614441873,2018-12-11,22:45:35.63,29.4385,52.0267,25.0000,4.0000,mb,ISC,139,7,40.0302,77.7000,33.5000,primary
617248676,2018-12-11,23:59:37.60,29.4730,52.0710,6.4000,2.6000,ML,TEH,7,6,42.2541,81.3000,73.8000,primary
617248751,2018-12-12,10:08:33.10,29.1410,52.7080,17.8000,2.7000,ML,TEH,7,5,58.9333,174.7000,161.9000,primary
617248767,2018-12-12,20:00:56.60,29.4940,52.2790,6.0000,2.6000,ML,TEH,5,4,27.7987,164.5000,164.5000,primary
617248826,2018-12-13,10:24:16.80,29.5020,51.1850,10.0000,2.5000,ML,TEH,5,4,47.8138,196.4000,196.4000,primary
617248834,2018-12-13,12:29:10.50,29.6460,51.5220,15.7000,2.7000,ML,TEH,7,5,14.4553,168.2000,168.2000,primary
616302379,2018-12-13,17:05:26.47,29.6371,51.3762,10.0000,3.6000,mb,ISC,34,6,27.7987,129.6000,76.0000,primary
617248893,2018-12-14,00:46:56.30,29.6280,51.4040,8.0000,2.5000,ML,TEH,9,5,25.5748,179.5000,169.7000,primary
617248908,2018-12-14,12:17:17.90,29.5130,52.0290,8.0000,2.5000,ML,TEH,6,5,37.8063,87.1000,76.8000,primary
617248913,2018-12-14,17:03:24,28.5360,52.0890,10.0000,2.5000,ML,TEH,3,3,83.3962,276.0000,276.0000,primary
617248993,2018-12-15,22:52:32.70,29.8650,52.0420,10.0000,1.8000,ML,TEH,4,3,45.5899,137.1000,114.4000,primary
617249069,2018-12-16,04:05:57,29.4580,52.0260,12.9000,2.9000,ML,TEH,11,6,38.9182,80.1000,74.4000,primary
617249144,2018-12-17,05:30:21.80,28.3700,51.7510,9.0000,2.6000,ML,TEH,4,4,47.8138,184.7000,184.7000,primary
617249543,2018-12-22,19:33:26.60,29.9100,51.6350,10.0000,1.9000,ML,TEH,4,3,33.3585,177.4000,166.0000,primary
617249601,2018-12-23,09:53:46.20,29.5440,51.5230,6.0000,2.5000,ML,TEH,7,5,15.5673,165.9000,165.9000,primary
617249847,2018-12-26,15:48:59.80,29.6960,51.9840,0.0000,2.7000,ML,TEH,8,5,32.2465,111.0000,109.1000,primary
617249891,2018-12-27,05:10:32,29.4720,51.9500,10.0000,2.9000,ML,TEH,11,6,32.2465,82.1000,75.7000,primary
617250018,2018-12-29,15:20:58.20,29.5190,51.0760,13.9000,3.1000,ML,TEH,21,6,57.8214,154.7000,154.7000,primary
616303427,2018-12-29,18:29:35.16,29.4782,50.9930,10.0000,3.5000,mb,ISC,43,6,66.7170,162.3000,49.0000,primary
617250073,2018-12-30,10:35:07.80,28.6530,52.3210,9.7000,2.9000,ML,TEH,9,7,73.3887,102.9000,102.9000,primary
617250080,2018-12-30,20:00:55.10,28.0590,51.8860,20.0000,2.9000,ML,TEH,7,5,70.0528,231.2000,231.2000,primary
617250156,2018-12-31,12:20:28.20,29.0220,51.7740,8.0000,2.4000,ML,TEH,6,4,50.0377,125.1000,105.2000,primary
617250162,2018-12-31,14:47:26,29.6340,52.1410,5.0000,2.8000,ML,TEH,9,6,35.5824,107.5000,73.8000,primary
614464882,2019-01-01,16:39:17.11,29.3818,51.2668,14.7000,3.6000,MS,ISC,334,6,45.5899,144.0000,35.6000,primary
619909491,2019-01-01,16:43:43.99,29.3400,51.3000,10.0000,,,GSI,19,0,1526.7073,360.0000,345.0000,primary
614465257,2019-01-02,07:57:29.40,29.3607,51.3325,15.1000,3.9000,MS,ISC,677,6,42.2541,139.4000,18.3000,primary
617307697,2019-01-02,08:13:41.50,29.4440,51.3810,12.1000,,,TEH,13,6,33.3585,134.3000,134.3000,primary
617307699,2019-01-02,09:02:59.70,29.4620,51.3050,9.0000,,,TEH,5,3,38.9182,187.0000,187.0000,primary
617307702,2019-01-02,10:14:20.10,29.3240,51.4350,16.5000,,,TEH,8,6,38.9182,169.6000,161.7000,primary
617307706,2019-01-02,11:15:54.60,29.3890,51.3340,8.0000,,,TEH,5,4,40.0302,184.1000,184.1000,primary
616303624,2019-01-02,14:29:40.06,29.3679,51.3603,20.0000,3.5000,mb,ISC,75,7,40.0302,135.7000,69.1000,primary
617307711,2019-01-02,17:26:01.10,29.3570,51.3000,11.2000,,,TEH,23,7,45.5899,142.0000,142.0000,primary
616303634,2019-01-02,17:37:20.91,29.3910,51.3117,10.0000,3.9000,mb,ISC,40,6,42.2541,186.0000,79.0000,primary
617307713,2019-01-02,18:16:32.60,29.4340,51.4180,10.0000,,,TEH,3,3,31.1346,178.0000,178.0000,primary
617307716,2019-01-02,20:54:00.30,29.3660,51.3720,6.0000,,,TEH,5,4,38.9182,178.9000,178.9000,primary
617307719,2019-01-02,23:57:57.80,29.4360,51.3420,10.0000,,,TEH,3,3,36.6944,183.9000,183.9000,primary
617307724,2019-01-03,01:45:34.30,29.3090,51.7990,10.0000,,,TEH,3,2,36.6944,228.3000,146.7000,primary
617335376,2019-01-04,16:05:13.10,29.3820,51.3200,8.3000,,,TEH,15,7,42.2541,139.9000,139.9000,primary
617335379,2019-01-04,17:58:41.80,29.3160,51.5140,5.7000,,,TEH,7,6,35.5824,159.2000,159.2000,primary
617335383,2019-01-05,00:32:37.40,29.3960,51.3380,9.3000,,,TEH,29,7,40.0302,138.1000,138.1000,primary
616644197,2019-01-06,04:48:08.62,28.5356,51.5866,11.9000,3.9000,MS,ISC,601,7,37.8063,138.0000,14.2000,primary
617335410,2019-01-06,05:49:23.50,28.3360,52.5150,9.0000,,,TEH,3,3,54.4855,198.5000,198.5000,primary
617335515,2019-01-09,00:57:21.20,29.7580,51.2640,6.0000,,,TEH,7,5,42.2541,192.6000,192.6000,primary
614609075,2019-01-10,00:34:25.65,29.3260,51.2929,20.0000,3.6000,mb,ISC,78,7,47.8138,143.2000,38.2000,primary
617335574,2019-01-11,07:16:21.20,29.4440,51.2370,5.0000,,,TEH,7,5,45.5899,192.2000,174.1000,primary
617335584,2019-01-11,10:41:31.10,29.3950,51.4780,9.6000,,,TEH,5,4,30.0226,166.6000,166.6000,primary
617335637,2019-01-12,22:00:43.10,29.3220,51.1390,10.0000,,,TEH,5,5,53.3736,199.4000,199.4000,primary
617335642,2019-01-13,02:00:58.50,29.5710,52.2260,10.0000,,,TEH,4,3,28.9107,200.8000,200.8000,primary
617335643,2019-01-13,02:07:42.10,29.4170,51.8970,12.2000,,,TEH,9,7,31.1346,89.9000,89.9000,primary
617335683,2019-01-14,21:06:17.30,28.1270,51.8660,10.0000,,,TEH,5,5,64.4931,169.8000,169.8000,primary
617335698,2019-01-15,12:09:48.60,29.7650,51.0320,10.0000,,,TEH,3,1,147.8894,360.0000,335.9000,primary
617335745,2019-01-18,02:40:15.45,27.4139,52.8712,9.7000,,,ISC,15,4,30.0226,262.5000,226.7000,primary
617335749,2019-01-18,05:29:33.03,28.6533,51.6028,10.0000,3.7000,mb,ISC,20,6,37.8063,128.6000,128.6000,primary
617335782,2019-01-19,05:48:29,27.4340,52.9150,5.0000,,,TEH,7,5,26.6868,189.8000,189.8000,primary
617335796,2019-01-19,14:13:51.90,28.6730,51.4760,24.9000,,,TEH,6,5,27.7987,113.9000,113.9000,primary
617411357,2019-01-21,22:33:58.50,29.5920,51.4060,8.0000,,,TEH,20,6,24.4629,127.8000,127.8000,primary
617411867,2019-01-24,23:37:32.40,28.0190,51.1900,8.4000,,,TEH,6,4,38.9182,292.2000,292.2000,primary
617412032,2019-01-26,01:09:28.40,28.6200,51.5270,15.1000,,,TEH,6,5,35.5824,126.7000,126.7000,primary
617412033,2019-01-26,01:27:26.10,28.5920,51.5500,10.0000,,,TEH,5,5,37.8063,133.5000,133.5000,primary
617412056,2019-01-26,03:48:10.10,28.5880,51.5440,20.2000,,,TEH,6,5,37.8063,133.6000,133.6000,primary
617412088,2019-01-26,08:31:24.90,29.3870,51.9750,10.0000,,,TEH,3,3,38.9182,150.3000,150.3000,primary
617412156,2019-01-26,18:18:39.70,27.7110,51.8740,10.0000,,,TEH,3,3,94.5157,266.9000,266.9000,primary
617412380,2019-01-28,05:16:08.40,28.4710,52.2900,11.7000,,,TEH,7,6,73.3887,118.1000,118.1000,primary
617412812,2019-01-30,19:56:13.41,29.5797,51.4688,10.0000,,,ISC,66,7,18.9032,122.2000,50.3000,primary
614617866,2019-01-30,22:42:23.87,28.6103,51.9305,15.0000,3.8000,mb,ISC,74,7,67.8289,108.6000,25.9000,primary
617412860,2019-01-31,00:22:23.20,29.4920,52.0690,11.6000,,,TEH,6,5,42.2541,84.0000,76.5000,primary
617412863,2019-01-31,00:30:31.80,29.3690,52.1040,4.7000,,,TEH,5,4,50.0377,164.0000,164.0000,primary
617413203,2019-02-02,17:40:18.70,29.4770,52.0760,28.0000,,,TEH,4,4,43.3661,146.4000,146.4000,primary
617413217,2019-02-02,22:58:18.50,29.8380,50.6430,8.8000,,,TEH,11,6,92.2918,176.4000,176.4000,primary
617413364,2019-02-04,17:20:45.70,29.4060,51.3980,5.0000,,,TEH,12,5,34.4704,176.5000,160.8000,primary
617413477,2019-02-06,05:48:45.90,28.3170,52.9360,8.0000,,,TEH,5,4,20.0151,118.7000,104.0000,primary
614619740,2019-02-06,07:41:39.26,29.9346,51.3379,15.0000,3.9000,mb,ISC,55,6,47.8138,123.0000,78.5000,primary
617413572,2019-02-07,08:06:21.80,29.5660,51.9590,12.6000,,,TEH,8,4,28.9107,126.2000,126.2000,primary
617413823,2019-02-09,14:31:20.20,28.9660,52.4260,19.4000,,,TEH,7,5,75.6126,125.4000,125.4000,primary
617413865,2019-02-10,01:14:06.50,29.1740,52.6560,10.0000,,,TEH,5,5,53.3736,144.2000,144.2000,primary
617414382,2019-02-17,18:27:06.40,29.7030,52.1640,5.0000,,,TEH,10,6,34.4704,122.0000,63.3000,primary
617414386,2019-02-17,19:17:53.60,29.7500,52.1670,10.0000,,,TEH,4,3,35.5824,216.8000,112.3000,primary
617414576,2019-02-20,16:11:52,29.3750,51.3170,3.6000,,,TEH,6,5,42.2541,185.5000,169.0000,primary
617414617,2019-02-21,05:39:54.10,29.4030,51.3070,8.0000,,,TEH,27,7,41.1421,140.5000,140.5000,primary
617414699,2019-02-22,09:20:47.30,29.3570,51.3270,9.8000,,,TEH,6,5,43.3661,184.5000,184.5000,primary
617414702,2019-02-22,10:27:35.50,29.3960,51.3650,10.0000,,,TEH,5,4,37.8063,180.3000,180.3000,primary
617414794,2019-02-23,18:41:41.20,29.1350,51.4580,5.0000,,,TEH,4,3,33.3585,172.6000,172.3000,primary
617414806,2019-02-23,21:08:57.20,29.1470,51.5570,5.0000,,,TEH,4,3,40.0302,187.4000,187.4000,primary
617415042,2019-02-26,18:57:19.69,29.8347,52.5237,17.4000,,,ISC,24,4,21.1271,195.6000,132.1000,primary
617415063,2019-02-27,01:48:38.40,29.6710,52.1740,5.0000,,,TEH,5,4,33.3585,116.3000,116.3000,primary
617415209,2019-03-01,07:16:25.88,27.6880,51.6963,10.0000,3.8000,mb,ISC,32,4,86.7321,225.7000,95.5000,primary
615221870,2019-03-01,07:19:07.30,27.9540,51.8400,17.7000,,,TEH,6,4,72.2767,191.4000,191.4000,primary
617415213,2019-03-01,07:20:05.71,27.7162,51.7137,10.0000,3.6000,mb,ISC,12,4,84.5082,222.3000,222.3000,primary
617415215,2019-03-01,07:32:46,27.7210,51.7280,18.0000,,,TEH,4,3,84.5082,270.4000,270.4000,primary
617415216,2019-03-01,07:40:03.30,27.8680,51.7770,11.0000,,,TEH,12,5,74.5006,204.5000,204.5000,primary
617415218,2019-03-01,07:47:03.40,27.8430,51.8040,16.3000,,,TEH,9,5,78.9484,205.1000,205.1000,primary
620351517,2019-03-01,08:00:15.40,27.8600,51.8010,14.6000,,,TEH,5,5,76.7245,203.6000,203.6000,primary
617415226,2019-03-01,10:47:34.90,27.7510,51.8340,10.0000,,,TEH,4,3,87.8440,264.7000,264.7000,primary
617415231,2019-03-01,12:13:28.30,27.9110,51.8750,11.5000,,,TEH,5,5,77.8365,193.7000,193.7000,primary
616306803,2019-03-02,05:56:22.45,27.7814,51.7617,10.0000,3.6000,mb,ISC,27,5,81.1723,213.6000,198.1000,primary
617415280,2019-03-02,05:56:46.82,27.6988,51.7051,10.0000,4.3000,mb,ISC,36,0,852.8656,360.0000,139.4000,primary
617415285,2019-03-02,06:26:17.30,27.8450,51.8710,20.0000,,,TEH,6,4,83.3962,200.4000,200.4000,primary
617415286,2019-03-02,06:48:10.60,27.7500,51.7450,16.9000,,,TEH,5,3,83.3962,267.5000,267.5000,primary
617415473,2019-03-04,21:44:18.90,27.7150,51.8820,17.9000,,,TEH,3,2,94.5157,266.4000,266.4000,primary
615263894,2019-03-04,23:39:49.88,27.8425,51.8588,26.0000,3.7000,mb,ISC,47,5,82.2843,201.5000,101.8000,primary
615282918,2019-03-05,00:17:01.10,27.7074,51.7487,10.0000,4.3000,mb,ISC,75,3,86.7321,220.7000,108.0000,primary
615282919,2019-03-05,00:21:44.86,27.8482,51.8508,26.0000,4.0000,mb,ISC,65,5,81.1723,201.4000,31.6000,primary
617415483,2019-03-05,00:35:35.40,27.9080,51.8270,24.0000,,,TEH,10,5,75.6126,197.1000,197.1000,primary
617415484,2019-03-05,00:37:44.20,28.0050,51.9110,14.0000,,,TEH,5,5,75.6126,181.4000,181.4000,primary
617415486,2019-03-05,01:36:35,27.8640,51.9220,10.0000,,,TEH,4,4,85.6201,195.4000,195.4000,primary
615282927,2019-03-05,03:29:26.83,27.8407,51.8837,26.0000,4.1000,mb,ISC,66,6,84.5082,200.1000,49.9000,primary
617415491,2019-03-05,04:04:23.90,27.8850,51.8300,19.4000,,,TEH,6,4,76.7245,199.2000,199.2000,primary
617415492,2019-03-05,04:05:49.41,27.9960,51.8486,10.0000,3.9000,mb,ISC,12,5,71.1648,186.3000,186.3000,primary
617415494,2019-03-05,05:04:44.30,27.9550,51.8650,10.0000,,,TEH,6,6,74.5006,189.7000,189.7000,primary
617415495,2019-03-05,05:25:38.80,29.8590,51.6730,12.4000,,,TEH,5,4,27.7987,185.7000,165.0000,primary
617415505,2019-03-05,07:53:08.20,27.8100,51.8060,10.0000,,,TEH,3,3,81.1723,260.5000,260.5000,primary
617415538,2019-03-05,16:57:58.20,29.8900,51.5860,10.0000,,,TEH,7,5,31.1346,166.3000,154.1000,primary
617415539,2019-03-05,17:01:37.50,29.8830,51.6050,10.0000,,,TEH,7,5,30.0226,164.4000,149.0000,primary
617415544,2019-03-05,17:33:39.50,29.8770,51.6610,8.0000,,,TEH,5,4,28.9107,182.8000,162.1000,primary
615282978,2019-03-05,20:43:04.43,27.8283,51.8275,26.0000,3.8000,mb,ISC,75,6,81.1723,204.9000,78.9000,primary
617415561,2019-03-05,21:17:02.80,27.8530,51.8240,8.0000,,,TEH,8,5,78.9484,202.8000,202.8000,primary
617415565,2019-03-05,21:43:23.69,27.7916,51.7331,10.0000,3.9000,mb,ISC,13,5,78.9484,214.6000,153.9000,primary
617415568,2019-03-05,22:06:35.10,27.8490,51.8120,10.8000,,,TEH,5,4,78.9484,203.9000,203.9000,primary
617415581,2019-03-06,01:01:06.60,28.0550,51.8670,10.0000,,,TEH,5,4,68.9409,232.2000,232.2000,primary
617415599,2019-03-06,08:08:37.30,27.8990,51.8080,18.9000,,,TEH,13,6,74.5006,199.3000,199.3000,primary
617415600,2019-03-06,08:10:32.30,27.7277,51.6669,10.0000,3.7000,mb,ISC,14,4,81.1723,224.6000,224.6000,primary
617415788,2019-03-07,18:56:54.80,29.3410,52.1070,5.0000,,,TEH,7,6,51.1497,86.4000,86.4000,primary
617415814,2019-03-08,03:00:16.30,27.8370,51.8820,15.0000,,,TEH,6,5,84.5082,200.6000,200.6000,primary
617415835,2019-03-08,08:36:51.70,28.0540,52.6860,18.6000,,,TEH,5,4,58.9333,224.1000,224.1000,primary
617415916,2019-03-09,03:44:16.61,29.8476,51.5751,14.3000,3.8000,MS,ISC,62,6,27.7987,109.5000,64.2000,primary
617415917,2019-03-09,04:00:22,29.8800,51.5470,14.0000,,,TEH,4,3,31.1346,172.5000,172.5000,primary
615314620,2019-03-10,03:08:31.69,27.8130,51.8553,10.0000,3.8000,mb,ISC,57,5,84.5082,204.5000,50.1000,primary
617415986,2019-03-10,03:39:20.40,28.0510,51.9210,8.0000,,,TEH,6,5,73.3887,175.8000,175.8000,primary
617415997,2019-03-10,06:12:54,28.5150,52.9530,6.9000,,,TEH,11,7,10.0075,109.7000,93.7000,primary
617416087,2019-03-10,23:39:24.70,29.8170,51.5370,10.0000,,,TEH,5,4,25.5748,149.6000,132.0000,primary
617416148,2019-03-11,17:31:41.30,28.1600,51.8080,18.0000,,,TEH,13,7,57.8214,168.9000,168.9000,primary
617416381,2019-03-15,02:34:10.40,29.8450,51.6400,4.1000,,,TEH,5,4,25.5748,165.2000,165.2000,primary
617416560,2019-03-17,17:37:03.20,28.5720,51.5330,10.0000,,,TEH,5,5,35.5824,135.4000,135.4000,primary
617416714,2019-03-20,01:10:24.10,28.0270,52.0190,10.0000,,,TEH,5,5,83.3962,173.0000,173.0000,primary
617416801,2019-03-21,05:07:47.40,29.6240,51.3510,10.0000,,,TEH,5,4,30.0226,184.8000,184.8000,primary
617416824,2019-03-21,15:12:18.50,29.6020,51.2580,6.0000,,,TEH,6,4,38.9182,191.7000,191.7000,primary
617416908,2019-03-22,23:18:20.30,28.4740,51.5600,10.0000,,,TEH,4,4,32.2465,157.8000,157.8000,primary
617417023,2019-03-25,05:47:11.80,27.6170,52.7930,6.0000,,,TEH,5,5,47.8138,169.3000,169.3000,primary
617417137,2019-03-27,06:55:24.90,28.6380,52.3710,19.1000,,,TEH,9,5,67.8289,149.6000,149.6000,primary
617417156,2019-03-27,10:04:54.70,28.6350,52.4400,16.0000,,,TEH,12,7,62.2692,102.2000,102.2000,primary
617417157,2019-03-27,10:22:41,28.6260,52.4000,10.0000,,,TEH,5,5,65.6050,151.0000,151.0000,primary
617417169,2019-03-27,14:17:27,28.6380,52.4190,20.5000,,,TEH,7,5,63.3811,149.0000,149.0000,primary
617417198,2019-03-28,02:17:46.60,29.8500,51.9980,10.0000,,,TEH,5,3,42.2541,243.6000,111.9000,primary
617417256,2019-03-28,21:11:11.30,29.7430,51.5960,8.0000,,,TEH,9,6,15.5673,163.0000,163.0000,primary
617417259,2019-03-28,22:26:01.70,29.6770,51.6700,11.6000,,,TEH,8,5,6.6717,161.7000,161.7000,primary
617417297,2019-03-29,07:58:25.70,29.4200,51.2750,9.0000,,,TEH,6,5,43.3661,189.1000,189.1000,primary
617417300,2019-03-29,08:34:45.60,29.2120,52.1850,10.0000,,,TEH,3,2,94.5157,337.8000,220.3000,primary
617417397,2019-03-30,21:35:54.80,29.9890,51.8770,5.0000,,,TEH,6,5,46.7019,140.0000,140.0000,primary
615332482,2019-03-30,22:44:25.31,28.5957,51.5950,16.2000,3.6000,MS,ISC,545,7,42.2541,128.0000,27.3000,primary
617417418,2019-03-31,06:19:44.90,28.6830,51.2700,12.4000,,,TEH,6,4,20.0151,185.4000,185.3000,primary
617417462,2019-03-31,23:09:44.20,27.8580,52.8410,9.0000,,,TEH,6,5,65.6050,139.4000,139.4000,primary
617417562,2019-04-01,05:31:06.80,29.8740,51.6600,9.0000,,,TEH,5,5,28.9107,159.3000,159.3000,primary
617417635,2019-04-02,01:53:07.70,28.3140,52.9130,8.0000,3.0000,ml,TEH,22,6,22.2390,105.3000,104.1000,primary
617417699,2019-04-02,17:57:31.40,28.1520,51.7790,19.7000,,,TEH,16,7,55.5975,171.6000,171.6000,primary
617417731,2019-04-03,06:00:46.80,29.8800,51.6450,10.0000,,,TEH,4,3,87.8440,160.8000,160.8000,primary
617417761,2019-04-03,16:33:16.10,28.9180,52.3430,10.0000,,,TEH,3,3,101.1874,280.6000,280.6000,primary
617417784,2019-04-04,00:33:15.30,28.8460,52.4710,10.0000,,,TEH,3,3,68.9409,168.6000,168.6000,primary
617417832,2019-04-04,21:42:34.10,29.8930,51.5830,1.6000,,,TEH,6,5,32.2465,166.6000,166.6000,primary
617417962,2019-04-06,18:28:14.80,28.5950,51.5510,16.2000,,,TEH,6,5,37.8063,133.1000,133.1000,primary
617418073,2019-04-08,08:19:23.10,29.6100,51.5280,8.0000,,,TEH,6,5,13.3434,166.9000,166.9000,primary
617418108,2019-04-08,18:25:36.10,29.9430,51.7200,18.0000,,,TEH,6,5,36.6944,155.0000,155.0000,primary
617418109,2019-04-08,18:36:54.80,29.5780,50.8200,13.2000,,,TEH,3,2,141.2176,222.7000,222.7000,primary
617418122,2019-04-08,21:27:43.70,29.5300,50.7680,18.0000,,,TEH,6,5,86.7321,226.1000,226.1000,primary
617418128,2019-04-09,00:31:58.50,29.5820,50.7290,15.9000,,,TEH,6,5,90.0679,228.6000,223.2000,primary
617418237,2019-04-10,08:53:36.60,28.1020,52.2790,15.0000,,,TEH,5,5,85.6201,225.4000,225.4000,primary
617418453,2019-04-12,15:11:11.90,29.7730,50.9150,10.0000,,,TEH,12,5,74.5006,217.4000,187.3000,primary
617418564,2019-04-13,20:15:17,29.6280,50.9330,8.2000,,,TEH,8,5,71.1648,215.2000,191.4000,primary
617418595,2019-04-14,06:37:29.60,28.2700,51.8920,10.0000,,,TEH,4,4,62.2692,201.2000,201.2000,primary
617418666,2019-04-15,06:46:27.30,29.1640,51.3390,9.0000,,,TEH,6,4,33.3585,204.7000,179.3000,primary
617418723,2019-04-15,20:18:31.40,29.1210,51.3950,5.0000,,,TEH,6,4,30.0226,186.5000,166.2000,primary
617418942,2019-04-19,00:57:46.98,29.0884,51.3244,17.0000,3.3000,MS,ISC,56,5,25.5748,202.7000,117.8000,primary
617418999,2019-04-19,16:25:22.50,29.8890,50.9460,10.0000,,,TEH,10,5,75.6126,216.7000,189.4000,primary
617419000,2019-04-19,16:28:22.60,29.8840,50.9000,9.7000,,,TEH,9,4,118.9787,219.7000,191.7000,primary
617419001,2019-04-19,16:41:15.80,29.8980,50.9310,10.0000,,,TEH,8,5,77.8365,217.8000,190.0000,primary
617419009,2019-04-19,20:59:09,29.8790,50.8390,10.0000,,,TEH,8,5,84.5082,223.6000,194.7000,primary
617419087,2019-04-21,04:46:28,29.9460,51.0220,11.4000,,,TEH,16,5,72.2767,212.4000,170.0000,primary
615414086,2019-04-21,13:33:05.91,29.3647,51.5570,20.0000,4.1000,mb,ISC,109,6,28.9107,156.4000,61.8000,primary
617419114,2019-04-21,13:35:35.80,29.4320,51.5310,5.0000,,,TEH,7,5,23.3509,161.8000,161.8000,primary
617419137,2019-04-21,20:06:16.70,29.9070,50.9630,6.7000,,,TEH,19,5,75.6126,215.9000,166.6000,primary
617419138,2019-04-21,20:09:29,29.8690,50.9700,8.2000,,,TEH,18,5,72.2767,214.9000,183.4000,primary
617419151,2019-04-21,23:45:35.10,28.6760,51.9620,19.4000,,,TEH,13,7,67.8289,102.2000,102.2000,primary
617419161,2019-04-22,02:26:45.00,28.0675,51.8758,10.0000,3.6000,mb,ISC,11,6,68.9409,225.2000,176.3000,primary
617419337,2019-04-24,10:34:58.60,29.7520,51.6510,8.0000,,,TEH,5,4,15.5673,178.4000,159.2000,primary
617419385,2019-04-25,00:16:35.20,29.9910,50.9640,10.0000,,,TEH,3,2,78.9484,266.3000,266.3000,primary
617419526,2019-04-26,22:06:40.20,28.7020,51.2570,10.0000,,,TEH,3,2,18.9032,192.2000,187.6000,primary
617419760,2019-04-30,00:14:21.60,29.7910,51.3360,8.0000,,,TEH,5,4,37.8063,187.6000,187.6000,primary
617419761,2019-04-30,00:41:42.04,29.7987,50.4712,22.0000,3.6000,mb,ISC,71,5,116.7548,244.5000,111.5000,primary
617419947,2019-05-02,15:39:29.64,29.8969,50.9418,22.0000,3.8000,mb,ISC,95,5,76.7245,217.1000,37.9000,primary
617419964,2019-05-02,23:31:22.10,29.9090,50.7930,10.0000,,,TEH,4,4,90.0679,227.0000,227.0000,primary
617420079,2019-05-04,22:36:28.50,28.6210,51.5440,8.3000,,,TEH,4,4,36.6944,184.6000,184.6000,primary
617420117,2019-05-05,11:04:10.10,29.4170,51.0500,10.0000,,,TEH,5,4,63.3811,259.8000,259.8000,primary
617420171,2019-05-06,07:37:26.90,29.6860,51.7660,10.0000,,,TEH,5,4,13.3434,205.2000,184.8000,primary
617420225,2019-05-06,17:03:50.30,29.7400,52.1640,5.0000,,,TEH,6,5,35.5824,129.0000,102.7000,primary
617420226,2019-05-06,17:09:57.60,29.8240,52.2310,8.0000,,,TEH,8,6,33.3585,151.3000,122.7000,primary
617420236,2019-05-06,19:56:20.20,28.2910,52.2470,13.8000,,,TEH,10,7,81.1723,135.7000,135.7000,primary
617420289,2019-05-07,10:11:52.40,29.7620,50.9250,8.0000,,,TEH,5,4,73.3887,216.7000,216.7000,primary
617420334,2019-05-07,23:10:40,29.7470,52.1620,10.0000,,,TEH,8,5,35.5824,130.0000,103.6000,primary
617420426,2019-05-09,02:52:23.60,28.6700,51.5660,20.0000,,,TEH,6,5,34.4704,123.3000,123.3000,primary
617420429,2019-05-09,03:24:31.60,28.6780,52.3230,5.0000,,,TEH,6,4,74.5006,144.3000,144.3000,primary
617420483,2019-05-09,20:51:52.80,28.7200,51.6020,11.2000,,,TEH,8,5,33.3585,119.8000,119.8000,primary
617420485,2019-05-09,21:02:35.40,28.6920,51.6520,5.0000,,,TEH,5,4,40.0302,188.2000,188.2000,primary
617420503,2019-05-10,02:18:42.50,29.2690,50.2510,10.0000,,,TEH,9,3,111.1950,298.8000,233.7000,primary
617420609,2019-05-12,01:32:54.90,29.5560,51.4790,10.0000,,,TEH,4,3,18.9032,174.6000,174.6000,primary
615622861,2019-05-13,05:41:35.33,29.5225,51.4916,20.0000,3.1000,MS,ISC,148,6,18.9032,125.3000,62.3000,primary
617420775,2019-05-14,03:46:24.10,28.7150,51.3600,15.2000,,,TEH,19,4,40.0302,182.3000,131.8000,primary
617420805,2019-05-14,11:05:10.30,29.4790,52.0830,7.3000,,,TEH,5,4,43.3661,146.7000,146.7000,primary
617420806,2019-05-14,11:10:25.30,29.4910,52.0580,10.0000,,,TEH,4,4,41.1421,143.0000,143.0000,primary
617421009,2019-05-16,12:18:27.10,29.7290,51.9650,8.0000,,,TEH,5,4,32.2465,114.3000,104.4000,primary
617421055,2019-05-17,04:55:53.60,29.5980,51.9810,6.0000,,,TEH,5,4,31.1346,122.8000,122.8000,primary
617421143,2019-05-17,22:02:35.30,29.7560,52.1130,4.5000,,,TEH,4,3,41.1421,142.1000,142.1000,primary
615738497,2019-05-18,07:48:17.50,29.7010,52.0358,10.0000,3.9000,MS,ISC,372,6,37.8063,114.3000,18.5000,primary
617421231,2019-05-18,22:38:18.70,29.7340,52.0690,5.0000,,,TEH,4,3,41.1421,148.0000,148.0000,primary
617421240,2019-05-19,01:29:36.70,28.6830,51.9320,18.2000,,,TEH,9,6,74.5006,104.0000,104.0000,primary
617421241,2019-05-19,01:40:00.40,27.9000,52.9960,8.7000,,,TEH,4,4,64.4931,122.1000,122.1000,primary
617421245,2019-05-19,03:04:44.70,29.7770,52.0850,14.5000,,,TEH,5,4,44.4780,128.8000,102.7000,primary
615738779,2019-05-19,04:19:55.99,29.6616,51.3534,20.0000,4.2000,mb,ISC,220,5,30.0226,131.1000,20.6000,primary
617421250,2019-05-19,04:34:42.50,29.7300,51.3470,10.0000,,,TEH,3,3,33.3585,186.2000,186.2000,primary
617421251,2019-05-19,04:43:15.60,29.7260,51.3390,10.0000,,,TEH,3,3,33.3585,186.7000,186.7000,primary
617421254,2019-05-19,04:44:05.30,29.7030,51.3460,10.0000,,,TEH,3,3,32.2465,186.0000,186.0000,primary
617421255,2019-05-19,04:46:43.50,29.7130,51.3760,10.0000,,,TEH,3,3,30.0226,183.9000,183.9000,primary
617421319,2019-05-20,02:20:17.37,29.7086,51.3459,10.0000,3.6000,mb,ISC,31,5,32.2465,130.3000,78.0000,primary
617421419,2019-05-21,07:28:55.00,28.7011,51.5247,24.0000,3.7000,mb,ISC,65,4,45.5899,152.8000,48.8000,primary
617421434,2019-05-21,10:04:21.30,29.4800,52.0420,10.0000,,,TEH,7,5,40.0302,82.6000,80.1000,primary
617421476,2019-05-21,23:22:38.70,29.6910,52.0750,5.4000,,,TEH,6,5,41.1421,114.7000,90.2000,primary
617421487,2019-05-22,03:09:17.93,29.3945,52.0337,25.0000,,,ISC,24,6,43.3661,90.4000,53.5000,primary
617421541,2019-05-22,13:32:11.60,29.6630,51.5330,10.0000,,,TEH,4,3,13.3434,171.7000,171.7000,primary
617421555,2019-05-22,19:01:50.80,28.9720,52.3620,19.7000,,,TEH,5,3,75.6126,227.0000,227.0000,primary
615750464,2019-05-24,09:25:14.09,29.0236,52.2456,10.0000,2.9000,MS,ISC,163,6,73.3887,94.7000,21.0000,primary
617421863,2019-05-27,15:49:54.50,29.6360,52.0080,5.0000,,,TEH,5,4,33.3585,118.4000,118.4000,primary
617422213,2019-06-02,05:55:52.60,28.2880,52.3510,21.3000,,,TEH,13,6,71.1648,132.2000,132.2000,primary
617422242,2019-06-02,15:56:35.10,28.0690,51.5100,14.9000,,,TEH,8,4,41.1421,207.0000,207.0000,primary
617422424,2019-06-05,09:23:31.30,27.2190,52.6690,16.7000,2.3000,ML,TEH,15,5,51.1497,238.1000,176.1000,primary
617422508,2019-06-06,12:27:59.70,29.7000,51.2620,8.0000,,,TEH,4,3,40.0302,192.2000,192.2000,primary
617422523,2019-06-06,18:29:48.30,28.3100,52.2820,11.8000,,,TEH,7,5,76.7245,132.8000,132.8000,primary
617422529,2019-06-06,19:39:51.10,29.7630,52.0670,5.0000,,,TEH,7,4,42.2541,125.4000,101.0000,primary
617422532,2019-06-06,20:13:44.60,28.2720,52.3780,8.0000,,,TEH,11,6,68.9409,132.6000,132.6000,primary
617422535,2019-06-06,22:05:05.88,28.2273,52.3606,10.0000,3.3000,mb,ISC,39,6,72.2767,137.2000,65.6000,primary
617422544,2019-06-06,23:11:11.60,28.2140,52.2990,19.5000,,,TEH,7,6,78.9484,141.0000,141.0000,primary
617422545,2019-06-06,23:19:18.20,28.2340,52.3640,5.8000,,,TEH,10,6,72.2767,136.5000,136.5000,primary
617422551,2019-06-07,00:38:04.60,29.7030,51.1470,10.3000,,,TEH,11,4,51.1497,200.7000,175.1000,primary
617422555,2019-06-07,02:36:08.60,28.2142,52.4045,15.0000,,,ISC,26,6,68.9409,136.5000,91.3000,primary
617422582,2019-06-07,10:54:50,28.2650,52.3540,16.0000,,,TEH,10,6,71.1648,134.1000,134.1000,primary
617422602,2019-06-07,20:21:05.80,29.7161,51.1919,10.0000,,,ISC,62,4,46.7019,197.5000,124.8000,primary
617422608,2019-06-07,21:29:41.60,29.7330,51.1660,10.0000,,,TEH,4,4,50.0377,199.5000,199.5000,primary
617422612,2019-06-07,21:48:54.70,29.7340,51.1680,10.0000,,,TEH,4,4,50.0377,199.4000,199.4000,primary
617422631,2019-06-08,03:29:30.80,29.2150,51.3280,10.0000,,,TEH,4,2,54.4855,212.2000,183.2000,primary
617422635,2019-06-08,05:25:26.10,29.7020,51.1870,10.0000,,,TEH,8,4,46.7019,197.8000,197.8000,primary
617422636,2019-06-08,05:34:03.90,29.6860,51.1200,5.0000,,,TEH,10,4,53.3736,202.5000,176.8000,primary
617422640,2019-06-08,06:06:03.20,28.3030,52.3690,5.0000,,,TEH,8,5,68.9409,130.2000,130.2000,primary
617422712,2019-06-09,04:04:44.10,29.8550,51.6830,10.0000,,,TEH,5,4,26.6868,162.0000,162.0000,primary
617422747,2019-06-09,13:28:49.30,29.6130,51.1040,5.0000,,,TEH,13,4,54.4855,203.1000,178.2000,primary
617422759,2019-06-09,17:01:40.70,29.7210,51.1770,8.0000,,,TEH,7,4,48.9258,198.6000,176.6000,primary
617422860,2019-06-11,06:30:26.80,29.5620,51.4520,10.0000,,,TEH,5,4,21.1271,176.7000,176.7000,primary
617422942,2019-06-12,01:41:31.20,28.2490,52.3590,11.0000,,,TEH,10,6,72.2767,135.3000,135.3000,primary
617423117,2019-06-14,10:13:08.10,29.4420,52.4380,12.9000,,,TEH,7,5,23.3509,132.7000,107.4000,primary
617423124,2019-06-14,11:49:22.80,28.3410,52.4730,10.0000,,,TEH,6,5,57.8214,123.1000,123.1000,primary
617423150,2019-06-14,20:46:51.90,28.1690,52.3420,7.7000,,,TEH,7,5,76.7245,143.3000,143.3000,primary
617423168,2019-06-15,04:56:20,29.7350,51.0680,8.4000,,,TEH,6,4,58.9333,206.6000,206.6000,primary
617423176,2019-06-15,07:46:46,28.2240,52.3630,16.2000,,,TEH,12,6,72.2767,137.4000,137.4000,primary
617423178,2019-06-15,08:02:08.60,28.0680,52.4430,19.0000,,,TEH,5,4,74.5006,147.6000,147.6000,primary
617423212,2019-06-15,22:13:48.20,29.5410,51.9850,5.0000,,,TEH,9,5,32.2465,90.6000,75.7000,primary
617423295,2019-06-16,14:44:46.38,28.1510,52.3110,15.0000,3.6000,mb,ISC,25,4,105.6352,146.4000,143.1000,primary
617423356,2019-06-17,02:38:33.70,29.7220,51.0790,11.6000,,,TEH,6,4,57.8214,205.7000,205.1000,primary
617423399,2019-06-17,10:45:35.90,29.6330,52.0370,8.0000,,,TEH,7,5,36.6944,104.3000,77.8000,primary
617423525,2019-06-18,19:16:52.80,29.6240,51.8460,8.0000,,,TEH,7,4,17.7912,114.3000,114.3000,primary
617423611,2019-06-19,15:28:42.80,28.3510,52.4550,8.0000,,,TEH,7,5,111.1950,123.0000,123.0000,primary
615967528,2019-06-22,01:34:50.63,29.5380,51.3385,10.0000,3.9000,mb,ISC,98,5,32.2465,135.2000,52.2000,primary
617423877,2019-06-22,06:28:12.90,28.4230,52.6790,9.1000,,,TEH,10,6,36.6944,151.4000,151.4000,primary
617423995,2019-06-23,12:26:40.50,28.2910,52.3350,13.0000,,,TEH,15,6,72.2767,132.6000,132.6000,primary
617424024,2019-06-23,22:18:11.10,28.3050,52.3110,5.0000,,,TEH,7,6,74.5006,132.2000,132.2000,primary
617424033,2019-06-24,00:46:26.10,29.5780,51.9820,5.9000,,,TEH,14,6,31.1346,95.2000,73.3000,primary
617424532,2019-06-28,19:07:36.30,29.3540,51.8640,6.0000,,,TEH,5,4,34.4704,145.3000,145.3000,primary
617424575,2019-06-29,11:09:31.90,28.3250,51.8270,17.8000,,,TEH,12,5,55.5975,191.5000,168.8000,primary
620343402,2019-07-02,00:13:51.09,29.5594,51.5457,19.1000,3.3000,MS,ISC,212,5,12.2314,121.2000,35.0000,primary
617424839,2019-07-03,01:04:10.30,29.5600,51.9950,5.0000,,,TEH,8,5,32.2465,93.1000,71.9000,primary
617425139,2019-07-06,12:27:39.04,28.3413,51.9295,15.0000,3.6000,mb,ISC,24,6,65.6050,140.1000,128.5000,primary
617425645,2019-07-09,18:31:05.88,29.9806,51.8077,8.0000,,,ISC,45,5,43.3661,128.9000,36.7000,primary
617425821,2019-07-11,17:12:29.50,28.9900,51.8870,10.2000,,,TEH,7,4,72.2767,121.0000,121.0000,primary
617425851,2019-07-11,21:32:50.10,29.1560,51.5250,7.3000,,,TEH,13,4,52.2616,178.2000,150.1000,primary
617425852,2019-07-11,21:39:30,29.1140,51.4590,17.7000,,,TEH,5,3,58.9333,186.4000,170.3000,primary
617425856,2019-07-11,21:57:08.60,29.1470,51.4770,5.0000,,,TEH,5,3,54.4855,185.4000,169.3000,primary
617425857,2019-07-11,22:02:40.40,29.1560,51.5680,7.8000,,,TEH,26,4,51.1497,171.3000,116.6000,primary
617425858,2019-07-11,22:07:35.50,29.1650,51.4830,10.0000,,,TEH,10,4,52.2616,185.5000,158.1000,primary
617425859,2019-07-11,22:08:46.90,29.1410,51.4710,13.1000,,,TEH,6,3,55.5975,186.0000,169.7000,primary
617425861,2019-07-11,22:19:25.30,29.1590,51.5880,8.1000,,,TEH,22,4,51.1497,168.1000,121.4000,primary
617425888,2019-07-12,08:05:51.40,29.3400,51.8180,10.0000,,,TEH,3,3,33.3585,205.1000,205.1000,primary
617426062,2019-07-14,15:58:24.90,29.6070,50.9570,10.0000,,,TEH,6,4,67.8289,213.5000,191.2000,primary
617426086,2019-07-14,19:21:29.90,29.5650,51.1560,10.0000,,,TEH,9,4,48.9258,199.0000,180.3000,primary
617426135,2019-07-15,12:56:02.40,27.6380,52.8850,11.1000,,,TEH,6,4,43.3661,229.5000,229.5000,primary
617426162,2019-07-15,23:52:12.20,29.4110,52.0610,19.4000,,,TEH,8,6,44.4780,86.0000,86.0000,primary
617426302,2019-07-17,20:24:53.60,29.7100,51.7870,10.0000,,,TEH,5,4,16.6792,124.2000,124.2000,primary
616315803,2019-07-23,19:41:56.64,28.5458,51.8317,15.0000,3.6000,mb,ISC,44,6,60.0453,115.0000,61.1000,primary
617426906,2019-07-26,08:46:14,29.2140,51.4380,10.3000,,,TEH,5,3,48.9258,173.7000,164.4000,primary
617426908,2019-07-26,09:23:14.50,29.2690,51.2600,10.4000,,,TEH,15,5,54.4855,189.3000,170.3000,primary
617426911,2019-07-26,09:43:09.50,29.2280,51.3190,5.0000,,,TEH,8,4,54.4855,184.1000,166.1000,primary
617426915,2019-07-26,11:38:22.40,29.2340,51.3350,6.3000,,,TEH,13,5,52.2616,182.8000,164.9000,primary
617427034,2019-07-28,02:18:08.70,29.5020,50.9640,17.3000,,,TEH,7,4,68.9409,212.7000,191.9000,primary
617427079,2019-07-28,16:45:55,29.4930,50.9940,10.0000,,,TEH,7,4,65.6050,210.6000,210.1000,primary
617427332,2019-08-01,09:59:32.20,29.5700,50.4930,20.0000,,,TEH,9,5,113.4189,198.0000,198.0000,primary
617427366,2019-08-02,01:19:27.70,28.6450,51.7970,15.6000,,,TEH,7,4,61.1572,140.9000,140.9000,primary
617427370,2019-08-02,02:45:14.20,28.9610,52.2380,8.0000,,,TEH,22,5,80.0604,111.4000,86.9000,primary
617427431,2019-08-02,22:13:20,28.9400,52.2340,10.0000,,,TEH,8,4,82.2843,113.5000,113.5000,primary
617279656,2019-08-05,09:02:30,29.9540,50.6180,10.0000,,,TEH,6,2,107.8591,288.1000,254.5000,primary
617279685,2019-08-06,23:25:39.90,28.0000,52.7590,10.0000,,,TEH,4,4,60.0453,134.4000,134.4000,primary
617279695,2019-08-07,05:38:33.20,29.7850,51.4370,5.0000,,,TEH,4,3,28.9107,179.9000,179.9000,primary
617279701,2019-08-07,11:53:00.10,29.9800,51.7540,10.0000,,,TEH,3,3,42.2541,160.0000,160.0000,primary
617279703,2019-08-07,12:17:35.10,29.9440,52.0540,10.0000,,,TEH,4,3,52.2616,147.4000,118.4000,primary
617279710,2019-08-07,22:15:47.20,29.4420,51.4960,5.0000,,,TEH,6,5,24.4629,172.1000,172.1000,primary
617279733,2019-08-09,04:42:10.90,29.4900,52.0360,10.0000,,,TEH,5,5,38.9182,84.0000,84.0000,primary
617279763,2019-08-10,11:17:43.10,29.2470,51.3620,5.0000,,,TEH,7,6,50.0377,138.9000,138.9000,primary
617279784,2019-08-11,09:16:40.50,28.6350,52.0260,19.0000,,,TEH,5,4,81.1723,148.4000,148.4000,primary
617279820,2019-08-13,10:49:01.20,29.8430,51.7760,5.0000,,,TEH,4,3,27.7987,204.8000,182.4000,primary
617279841,2019-08-14,09:04:09.30,29.6730,51.7540,13.2000,,,TEH,4,3,11.1195,204.4000,184.3000,primary
616301813,2019-08-14,15:10:21.67,29.8067,50.9932,10.0000,3.7000,mb,ISC,46,5,67.8289,150.5000,66.7000,primary
617279848,2019-08-14,18:27:13.75,29.4961,51.2516,20.0000,,,ISC,53,5,42.2541,142.4000,74.6000,primary
617279850,2019-08-14,20:54:29.70,29.8240,51.0780,11.4000,,,TEH,24,4,116.7548,143.8000,143.8000,primary
617279866,2019-08-15,12:55:13.70,28.2090,50.9760,17.2000,,,TEH,14,2,32.2465,324.6000,245.6000,primary
617279869,2019-08-15,14:39:42.30,28.1080,50.6620,10.0000,,,TEH,7,2,65.6050,325.9000,282.9000,primary
617279875,2019-08-15,20:11:20.60,28.1660,50.8890,5.0000,,,TEH,20,1,42.2541,360.0000,226.5000,primary
617279876,2019-08-15,20:17:05.90,28.1710,50.8560,10.0000,,,TEH,7,1,44.4780,360.0000,298.6000,primary
617279899,2019-08-16,16:15:26.90,29.4110,52.4690,12.1000,,,TEH,10,5,25.5748,141.9000,108.7000,primary
616301969,2019-08-16,20:18:31.07,27.8466,50.8560,10.0000,4.0000,mb,ISC,74,1,70.0528,360.0000,108.1000,primary
617280864,2019-08-17,14:35:28.40,28.6050,52.0520,8.2000,,,TEH,13,6,82.2843,109.3000,109.3000,primary
617280890,2019-08-18,21:25:21.60,29.8580,51.6730,12.0000,,,TEH,5,3,127.8742,197.2000,176.5000,primary
617280929,2019-08-19,23:49:55.60,28.6450,52.4630,5.0000,,,TEH,9,5,60.0453,107.1000,101.1000,primary
617281051,2019-08-26,17:04:10,28.6250,52.0400,10.0000,,,TEH,7,4,81.1723,150.0000,150.0000,primary
617281059,2019-08-27,01:29:52,28.6530,51.9410,18.5000,,,TEH,6,5,74.5006,142.4000,108.3000,primary
617281145,2019-08-29,14:56:59.10,29.8590,50.7870,22.9000,,,TEH,14,5,88.9560,163.7000,163.7000,primary
618407012,2019-09-05,03:22:34.10,28.6020,52.0060,18.5000,,,TEH,4,3,77.8365,152.6000,152.6000,primary
618407029,2019-09-05,22:20:16.70,27.6670,52.8170,10.6000,,,TEH,5,5,50.0377,160.6000,160.6000,primary
618407037,2019-09-06,02:49:32.90,29.5570,50.9500,19.3000,,,TEH,5,3,135.6579,213.7000,192.0000,primary
618407039,2019-09-06,04:16:33.50,29.5260,51.1380,19.3000,,,TEH,12,5,52.2616,149.9000,149.9000,primary
618407078,2019-09-07,11:21:36.70,29.7240,51.5500,9.2000,,,TEH,19,4,16.6792,170.9000,152.6000,primary
618407125,2019-09-09,12:28:50.20,28.4030,51.7040,19.5000,,,TEH,6,4,43.3661,178.1000,178.1000,primary
618407220,2019-09-12,22:17:28.30,29.5920,51.4730,5.0000,,,TEH,10,4,101.1874,175.4000,162.3000,primary
618407372,2019-09-18,14:27:47.30,29.4670,51.0930,10.0000,,,TEH,8,4,57.8214,203.2000,180.1000,primary
618407435,2019-09-21,03:11:07.60,29.4690,50.9600,10.3000,,,TEH,6,2,125.6503,213.0000,205.8000,primary
618407438,2019-09-21,03:59:41.10,29.4660,51.1470,6.0000,,,TEH,6,3,52.2616,199.2000,195.6000,primary
618407468,2019-09-22,10:13:26.40,29.4500,51.1900,5.1000,,,TEH,5,4,48.9258,195.8000,195.8000,primary
618407473,2019-09-22,19:04:17.65,29.4582,51.1466,10.0000,,,ISC,29,5,52.2616,151.2000,77.0000,primary
618407474,2019-09-22,20:13:09,29.4510,51.1430,5.4000,,,TEH,6,4,53.3736,199.3000,199.3000,primary
618407475,2019-09-22,20:30:34.20,29.5220,51.0520,13.4000,,,TEH,4,4,60.0453,206.4000,206.4000,primary
618407521,2019-09-24,03:52:31.40,29.8460,51.9870,16.7000,,,TEH,24,5,41.1421,161.9000,73.8000,primary
618407546,2019-09-24,23:46:41.10,29.3840,51.4010,10.0000,,,TEH,8,4,35.5824,133.9000,133.9000,primary
618407559,2019-09-25,05:40:08.10,29.5240,50.9380,7.5000,,,TEH,4,3,71.1648,214.6000,214.6000,primary
618407572,2019-09-25,14:33:13.40,29.9520,51.4450,10.0000,,,TEH,7,3,43.3661,180.9000,161.0000,primary
618407594,2019-09-26,10:32:10.10,29.9840,52.0830,8.0000,,,TEH,5,4,56.7094,154.7000,124.3000,primary
618407596,2019-09-26,10:43:55.40,29.9600,52.1010,10.0000,,,TEH,4,3,53.3736,154.1000,124.0000,primary
618407599,2019-09-26,12:36:14.30,28.1560,52.7020,11.1000,,,TEH,13,7,48.9258,126.4000,126.4000,primary
618407601,2019-09-26,14:23:50.60,28.1370,52.6160,28.0000,,,TEH,6,5,102.2994,132.6000,132.6000,primary
618407745,2019-10-02,08:35:14.60,29.9090,51.8880,11.6000,,,TEH,6,4,38.9182,133.2000,131.3000,primary
618407835,2019-10-05,11:49:58.90,29.7000,50.6980,10.0000,,,TEH,6,2,157.8969,230.8000,199.8000,primary
618407846,2019-10-05,20:16:47,29.7150,50.7920,10.0000,,,TEH,5,3,156.7849,225.0000,194.6000,primary
618407871,2019-10-06,10:49:36.80,29.7070,50.7730,8.8000,,,TEH,6,4,86.7321,226.2000,220.1000,primary
618407891,2019-10-07,02:22:25.50,29.7090,50.8280,12.1000,,,TEH,11,5,81.1723,166.8000,166.8000,primary
618407892,2019-10-07,03:46:41.60,29.5920,51.9970,5.0000,,,TEH,5,4,32.2465,124.4000,124.4000,primary
618407950,2019-10-09,03:11:04.10,29.9050,50.6330,10.0000,,,TEH,7,2,104.5233,288.9000,256.7000,primary
618407954,2019-10-09,04:59:29,29.6980,50.7730,10.0000,,,TEH,4,3,86.7321,226.2000,226.2000,primary
618407973,2019-10-09,15:31:56.70,29.6020,50.6930,10.9000,,,TEH,6,4,93.4038,230.9000,205.2000,primary
618408035,2019-10-11,22:23:18.60,28.5440,51.5480,18.6000,2.4000,ML,TEH,11,2,34.4704,197.2000,126.3000,primary
618408064,2019-10-12,13:59:36.70,29.3690,51.8450,5.0000,,,TEH,5,4,32.2465,142.4000,142.4000,primary
618408079,2019-10-12,20:53:26.20,28.9300,51.3640,10.0000,,,TEH,6,3,63.3811,191.7000,176.2000,primary
618408080,2019-10-12,21:18:38.40,29.1310,51.3980,5.0000,,,TEH,5,3,58.9333,196.6000,176.1000,primary
618408101,2019-10-13,04:34:57.30,28.9000,51.4250,17.9000,,,TEH,5,3,62.2692,181.0000,168.7000,primary
618408117,2019-10-13,16:48:30.20,28.7930,51.5860,23.5000,,,TEH,8,4,57.8214,150.8000,135.6000,primary
618408157,2019-10-15,09:28:27.30,29.5370,51.3960,8.0000,,,TEH,4,3,26.6868,180.7000,180.7000,primary
618408181,2019-10-15,21:36:47.60,29.7580,51.4820,5.0000,,,TEH,6,4,23.3509,176.3000,167.0000,primary
617282370,2019-10-16,01:26:17.35,28.7648,51.6771,10.0000,,,ISC,41,5,60.0453,136.5000,123.5000,primary
616652175,2019-10-18,03:00:12.98,29.0289,51.4162,17.0000,3.4000,MS,ISC,230,4,68.9409,188.5000,33.3000,primary
618408257,2019-10-18,03:20:32.30,28.9510,51.7860,10.0000,,,TEH,3,1,83.3962,360.0000,208.3000,primary
616743851,2019-10-18,05:09:57.14,29.0329,51.4779,17.0000,3.9000,mb,ISC,88,4,66.7170,179.5000,33.0000,primary
618408261,2019-10-18,06:32:06.60,29.1380,51.0520,3.3000,,,TEH,4,2,78.9484,241.6000,207.4000,primary
618408264,2019-10-18,06:58:11.20,29.0150,51.8710,5.0000,,,TEH,4,2,68.9409,236.7000,210.8000,primary
618408279,2019-10-18,21:48:04.60,29.6750,51.5650,8.7000,,,TEH,6,4,11.1195,169.4000,169.4000,primary
618408291,2019-10-19,02:37:32.80,29.8010,51.6330,5.0000,,,TEH,4,3,21.1271,174.0000,165.4000,primary
618408463,2019-10-24,16:31:36.50,28.5650,51.4400,22.2000,,,TEH,8,4,28.9107,152.3000,144.9000,primary
618408487,2019-10-25,16:31:57.10,29.6020,52.0050,10.0000,,,TEH,8,5,33.3585,99.0000,76.5000,primary
618408521,2019-10-26,20:40:09.70,29.8520,52.6120,8.0000,,,TEH,17,5,25.5748,184.7000,57.2000,primary
618408618,2019-10-30,20:49:47.70,29.7410,51.4090,5.0000,,,TEH,4,3,28.9107,181.6000,181.6000,primary
617282826,2019-11-01,04:06:30.70,29.4050,52.0520,6.7000,,,TEH,8,5,44.4780,87.4000,87.4000,primary
617282865,2019-11-02,16:07:19.40,29.9580,52.0430,5.0000,,,TEH,6,4,53.3736,147.8000,115.7000,primary
617282943,2019-11-05,02:10:08.90,29.0640,52.2570,3.1000,,,TEH,5,4,68.9409,108.9000,108.9000,primary
617282948,2019-11-05,04:22:04.30,29.4530,51.3100,13.3000,,,TEH,6,4,38.9182,186.6000,186.6000,primary
617282962,2019-11-05,10:03:53.80,29.4530,51.4130,13.3000,,,TEH,7,3,30.0226,178.6000,160.0000,primary
617283481,2019-11-09,23:05:24.80,29.9880,51.2950,10.0000,,,TEH,10,5,54.4855,123.3000,123.3000,primary
617283540,2019-11-10,10:59:14.30,29.7340,51.5770,10.0000,,,TEH,3,3,15.5673,169.0000,169.0000,primary
617119645,2019-11-13,11:28:39.39,29.6623,51.9791,10.0000,3.1000,MS,ISC,107,5,31.1346,113.7000,34.9000,primary
617119687,2019-11-14,00:23:27.79,27.8293,52.7095,15.0000,4.0000,mb,ISC,16,4,70.0528,152.6000,123.3000,primary
617283817,2019-11-14,02:27:33.50,29.7950,50.9760,8.4000,,,TEH,8,2,146.7774,213.6000,183.8000,primary
617283844,2019-11-14,13:59:23.80,29.6780,51.7300,5.0000,,,TEH,5,4,10.0075,132.5000,132.5000,primary
617283845,2019-11-14,14:04:58.40,29.7390,51.5730,8.4000,,,TEH,6,4,16.6792,169.3000,169.3000,primary
617283847,2019-11-14,14:12:24.30,29.7190,51.7470,10.0000,,,TEH,5,4,14.4553,139.1000,139.1000,primary
617283848,2019-11-14,14:34:11.10,29.6930,51.7530,13.9000,,,TEH,8,4,12.2314,129.2000,117.7000,primary
617283992,2019-11-17,21:05:23,29.2620,51.2910,10.0000,,,TEH,3,3,100.0755,186.7000,186.7000,primary
617120673,2019-11-23,00:42:05.43,28.6499,52.0273,15.0000,3.7000,mb,ISC,74,6,81.1723,105.1000,48.2000,primary
617284246,2019-11-24,03:02:43.10,29.5880,52.1900,9.0000,,,TEH,4,4,32.2465,134.8000,134.8000,primary
617284302,2019-11-25,10:33:15.90,29.7140,50.7390,20.1000,,,TEH,9,5,90.0679,173.4000,173.4000,primary
617120840,2019-11-25,12:30:50.84,29.6854,50.6381,10.0000,3.9000,mb,ISC,46,5,98.9635,182.6000,106.3000,primary
617284312,2019-11-25,12:32:00.20,29.7210,50.6960,8.0000,,,TEH,7,4,94.5157,231.1000,199.6000,primary
617284487,2019-11-29,22:50:37.90,28.3600,51.6370,13.5000,,,TEH,6,5,36.6944,185.8000,185.8000,primary
618408816,2019-12-01,13:55:04,28.9350,52.2430,6.0000,,,TEH,6,4,82.2843,114.0000,114.0000,primary
618408840,2019-12-02,05:17:05.20,29.3470,51.4340,9.6000,,,TEH,6,4,36.6944,175.8000,175.8000,primary
618408892,2019-12-03,09:17:54.20,28.7450,52.6240,26.9000,,,TEH,6,4,96.7396,147.0000,147.0000,primary
617105691,2019-12-03,14:43:08.16,28.7684,51.6904,17.0000,4.0000,mb,ISC,106,5,61.1572,135.1000,62.7000,primary
621406604,2019-12-03,17:43:10.30,29.2570,51.4390,15.7000,,,TEH,5,4,44.4780,174.3000,174.3000,primary
618408908,2019-12-03,20:44:29.70,28.5790,51.7930,20.0000,,,TEH,4,3,57.8214,150.4000,150.4000,primary
618408921,2019-12-04,03:16:57.80,28.6740,51.7950,19.0000,,,TEH,8,5,62.2692,136.8000,136.8000,primary
618408922,2019-12-04,03:26:46.40,28.6850,51.8080,28.0000,,,TEH,6,4,64.4931,135.9000,135.9000,primary
621385843,2019-12-04,21:36:34.99,28.3151,51.7762,10.0000,3.7000,mb,ISC,30,0,500.3775,360.0000,113.0000,primary
617437451,2019-12-04,21:37:06.17,28.2516,51.6301,16.8000,3.4000,MS,ISC,242,4,37.8063,165.4000,22.0000,primary
618408971,2019-12-05,00:13:27.60,28.2200,51.5770,10.2000,,,TEH,6,6,34.4704,175.4000,175.4000,primary
618408987,2019-12-05,10:42:57.50,27.5200,52.6310,10.0000,,,TEH,5,5,56.7094,194.4000,194.4000,primary
618408998,2019-12-05,17:45:13.70,29.7760,51.6160,5.1000,,,TEH,6,4,18.9032,166.4000,166.4000,primary
618409000,2019-12-05,20:01:46.50,29.5130,51.2990,5.0000,,,TEH,8,4,36.6944,187.9000,172.1000,primary
618409085,2019-12-08,22:19:48.60,28.1980,51.5960,10.9000,,,TEH,4,4,37.8063,189.1000,189.1000,primary
618409313,2019-12-14,13:01:24.80,28.6300,52.5230,10.0000,,,TEH,4,4,53.3736,145.7000,145.7000,primary
618409429,2019-12-18,06:43:15,28.5650,52.1740,10.0000,,,TEH,4,3,92.2918,155.7000,144.2000,primary
618409488,2019-12-20,01:09:34.90,29.4610,52.5980,7.4000,,,TEH,7,6,22.2390,160.1000,142.3000,primary
618409494,2019-12-20,04:41:37.90,28.6040,51.0630,10.0000,,,TEH,10,4,33.3585,243.3000,210.6000,primary
617438859,2019-12-22,16:14:53.25,28.2069,51.5644,16.0000,3.5000,mb,ISC,11,6,34.4704,179.1000,179.1000,primary
618409578,2019-12-22,18:27:16.10,28.7580,52.8150,6.0000,,,TEH,3,3,37.8063,250.0000,250.0000,primary
618409583,2019-12-22,23:33:43.70,29.7270,51.5120,6.0000,,,TEH,5,3,18.9032,173.8000,173.8000,primary
618409639,2019-12-24,06:29:27.10,28.6240,52.3460,10.0000,,,TEH,7,7,70.0528,104.7000,104.7000,primary
618409707,2019-12-27,00:19:31.30,27.7410,52.4050,10.0000,,,TEH,4,3,86.7321,181.2000,181.2000,primary
617003525,2019-12-27,01:53:12.90,28.8756,51.3516,20.8000,4.0000,MS,ISC,985,4,57.8214,191.3000,8.3000,primary
618409710,2019-12-27,04:16:22.10,28.9280,51.2950,5.0000,,,TEH,4,3,62.2692,202.0000,183.9000,primary
618409772,2019-12-29,21:17:39.60,28.2940,52.4110,10.0000,,,TEH,4,4,65.6050,157.7000,157.7000,primary
621395650,2020-01-07,16:49:19.20,29.8140,50.4410,9.0000,2.7000,ML,TEH,6,3,120.0906,246.2000,215.3000,primary
621395723,2020-01-08,00:56:06.30,29.8060,50.5300,10.0000,2.5000,ML,TEH,11,4,111.1950,241.3000,210.2000,primary
621395725,2020-01-08,02:09:28.40,29.8280,50.5760,10.0000,2.5000,ML,TEH,4,3,107.8591,239.0000,239.0000,primary
621395726,2020-01-08,02:15:48.50,29.1680,51.3060,8.1000,3.1000,ML,TEH,9,3,60.0453,212.0000,169.7000,primary
617126399,2020-01-08,02:20:02.37,29.1653,51.2968,16.6000,4.3000,MS,ISC,661,4,61.1572,213.2000,20.8000,primary
621395727,2020-01-08,02:29:59,29.2670,51.2710,9.5000,2.8000,ML,TEH,8,4,53.3736,188.4000,172.3000,primary
617126406,2020-01-08,03:19:14.34,29.1566,51.3063,17.0000,3.5000,MS,ISC,211,4,61.1572,211.3000,34.3000,primary
621395729,2020-01-08,03:46:45.20,29.1980,51.2520,8.6000,3.1000,ML,TEH,12,4,61.1572,221.3000,173.9000,primary
621395730,2020-01-08,07:48:17.30,29.2050,51.2660,5.0000,2.9000,ML,TEH,8,3,58.9333,220.0000,172.8000,primary
621395731,2020-01-08,08:36:48.20,29.2140,51.2700,7.1000,3.2000,ML,TEH,10,4,57.8214,220.0000,169.7000,primary
620732740,2020-01-08,18:12:21.93,29.6997,50.3388,10.0000,3.2000,ML,ISC,28,3,128.9862,250.8000,163.8000,primary
621395801,2020-01-09,14:41:54,29.2770,51.2540,8.0000,2.9000,ML,TEH,8,4,54.4855,189.8000,173.5000,primary
621395914,2020-01-11,01:39:34.90,29.1980,51.1140,10.0000,2.8000,ML,TEH,5,3,70.0528,237.8000,201.6000,primary
621416190,2020-01-12,03:01:47.35,28.8353,51.2781,17.0000,4.5000,MS,ISC,155,4,52.2616,201.4000,33.0000,primary
621395973,2020-01-12,08:28:31,29.2250,51.2640,10.0000,2.8000,ML,TEH,9,3,57.8214,221.6000,145.2000,primary
620732749,2020-01-17,18:20:54.85,28.1572,52.6791,15.0000,3.4000,ML,ISC,39,7,50.0377,127.6000,57.8000,primary
621391555,2020-01-17,20:57:28.70,28.1930,52.6450,12.0000,2.9000,ML,TEH,5,5,50.0377,133.0000,133.0000,primary
621391556,2020-01-17,21:06:09.70,28.0400,52.6070,10.0000,2.9000,ML,TEH,4,4,81.1723,162.5000,162.5000,primary
621391581,2020-01-18,10:13:57.80,28.4800,52.0790,12.3000,2.9000,ML,TEH,4,3,81.1723,171.0000,171.0000,primary
621391601,2020-01-19,11:28:38.40,28.9200,52.6000,14.0000,2.6000,ML,TEH,6,5,65.6050,144.5000,144.5000,primary
621391627,2020-01-20,08:48:56.90,29.2340,50.0400,19.0000,2.9000,ML,TEH,7,2,153.4491,306.0000,216.5000,primary
621391630,2020-01-20,17:45:49.60,29.0030,51.1380,21.4000,3.3000,ML,TEH,8,1,72.2767,360.0000,155.4000,primary
621391656,2020-01-21,09:04:01.70,29.1970,51.2560,7.4000,3.3000,ML,TEH,16,4,61.1572,220.7000,144.5000,primary
621391705,2020-01-23,04:19:39.50,28.1980,52.6900,10.0000,2.9000,ML,TEH,5,5,46.7019,124.0000,124.0000,primary
617208455,2020-01-27,13:28:28.51,29.5855,52.1103,15.2000,4.9000,MS,ISC,849,6,38.9182,98.2000,14.4000,primary
621391783,2020-01-27,13:42:11.80,29.5250,52.1590,5.0000,2.9000,ML,TEH,5,3,36.6944,147.7000,145.2000,primary
621391784,2020-01-27,13:55:38.50,29.6750,52.1610,5.0000,2.9000,ML,TEH,7,4,34.4704,194.1000,71.6000,primary
621391785,2020-01-27,13:59:08.80,29.6310,52.1610,5.0000,2.6000,ML,TEH,5,4,34.4704,124.3000,124.3000,primary
621391786,2020-01-27,14:25:50.90,29.6160,52.1050,5.0000,3.3000,ML,TEH,13,6,40.0302,103.4000,67.0000,primary
621391787,2020-01-27,14:33:05.60,29.5810,52.1590,5.0000,3.5000,ML,TEH,12,6,34.4704,97.7000,68.6000,primary
621391788,2020-01-27,15:03:59.80,29.6600,52.1740,10.0000,2.7000,ML,TEH,4,3,33.3585,127.6000,127.6000,primary
621391790,2020-01-27,15:15:03.80,29.6340,52.1740,10.0000,2.6000,ML,TEH,3,3,33.3585,127.5000,127.5000,primary
621391791,2020-01-27,15:41:09.80,29.6240,52.1830,5.0000,2.9000,ML,TEH,5,4,32.2465,126.6000,126.6000,primary
621391792,2020-01-27,15:53:57.40,29.6370,52.1540,5.0000,2.8000,ML,TEH,7,4,34.4704,122.9000,122.9000,primary
621391793,2020-01-27,16:03:34.20,29.6650,52.1340,5.0000,2.9000,ML,TEH,6,5,36.6944,113.0000,88.3000,primary
621391795,2020-01-27,16:26:59.50,29.6230,52.1770,5.1000,2.5000,ML,TEH,5,4,32.2465,126.5000,126.5000,primary
621391796,2020-01-27,16:32:01.50,29.5820,52.1350,5.0000,3.0000,ML,TEH,9,5,37.8063,97.8000,68.6000,primary
621391797,2020-01-27,16:37:52.50,29.6330,52.1230,5.0000,3.2000,ML,TEH,6,5,37.8063,106.8000,82.6000,primary
621391799,2020-01-27,16:57:35,29.5770,52.1170,5.0000,3.5000,ML,TEH,10,6,38.9182,96.8000,73.5000,primary
621391800,2020-01-27,17:08:56.20,29.6130,52.1260,5.0000,2.7000,ML,TEH,8,4,37.8063,125.7000,125.7000,primary
621391801,2020-01-27,17:30:10.80,29.6320,52.1940,9.3000,2.9000,ML,TEH,6,4,31.1346,126.3000,126.3000,primary
621391802,2020-01-27,19:46:01.10,29.6910,52.1500,10.0000,2.8000,ML,TEH,3,3,35.5824,199.0000,199.0000,primary
621391803,2020-01-27,19:59:04,29.8760,52.0510,6.0000,2.6000,ML,TEH,6,3,47.8138,139.2000,112.3000,primary
621391804,2020-01-27,20:21:41.50,29.6520,52.1150,6.0000,3.0000,ML,TEH,10,6,38.9182,110.0000,83.0000,primary
621391805,2020-01-27,20:52:23.80,29.6040,52.1370,19.5000,2.8000,ML,TEH,5,5,36.6944,101.8000,101.8000,primary
621391806,2020-01-27,22:05:37.40,29.6510,52.1570,5.0000,2.9000,ML,TEH,6,5,34.4704,111.3000,86.5000,primary
621391807,2020-01-27,22:10:24.30,29.5840,52.1330,5.0000,3.0000,ML,TEH,11,6,37.8063,98.1000,61.7000,primary
621391808,2020-01-27,23:04:07.90,29.6520,52.1500,5.0000,2.7000,ML,TEH,6,5,35.5824,111.3000,86.6000,primary
621391809,2020-01-27,23:12:07.20,29.6510,52.1530,6.0000,2.6000,ML,TEH,5,5,34.4704,111.2000,111.2000,primary
621391810,2020-01-27,23:14:58.70,29.6360,52.1450,5.5000,2.8000,ML,TEH,5,5,35.5824,108.0000,108.0000,primary
621391811,2020-01-27,23:19:18.70,29.6340,52.1480,5.0000,2.9000,ML,TEH,6,5,35.5824,107.7000,83.3000,primary
621391831,2020-01-28,01:04:17.90,29.6620,52.1480,10.0000,2.8000,ML,TEH,4,4,35.5824,117.7000,117.7000,primary
621391832,2020-01-28,02:59:59.30,29.6720,52.1260,20.6000,2.5000,ML,TEH,5,3,45.5899,229.4000,204.6000,primary
621391835,2020-01-28,04:36:06.60,29.6880,52.1460,8.5000,2.5000,ML,TEH,5,4,35.5824,118.0000,112.5000,primary
621391836,2020-01-28,04:40:42.60,29.7210,52.1320,10.0000,2.8000,ML,TEH,5,4,37.8063,123.2000,106.3000,primary
617491667,2020-01-28,04:52:02.27,29.6549,52.1314,10.0000,3.8000,mb,ISC,20,6,36.6944,111.1000,58.3000,primary
621391837,2020-01-28,05:23:24.10,29.6500,52.1310,6.3000,2.5000,ML,TEH,6,5,36.6944,110.2000,85.6000,primary
621391838,2020-01-28,06:51:32.80,29.5940,52.1150,5.0000,2.8000,ML,TEH,6,5,38.9182,99.8000,76.2000,primary
621391839,2020-01-28,07:26:05.20,29.6610,52.1540,8.0000,2.7000,ML,TEH,5,4,34.4704,118.0000,118.0000,primary
621391845,2020-01-28,11:33:13.30,29.6310,52.1330,5.0000,3.3000,ML,TEH,9,6,36.6944,106.7000,82.4000,primary
621391846,2020-01-28,12:55:50.90,29.6300,52.1470,6.0000,2.8000,ML,TEH,9,5,35.5824,106.9000,73.1000,primary
617209885,2020-01-28,15:24:34.89,29.5557,52.1568,16.4000,4.4000,MS,ISC,509,6,35.5824,93.0000,32.5000,primary
621391847,2020-01-28,15:48:23.10,29.6350,52.2220,10.0000,2.8000,ML,TEH,4,3,27.7987,234.6000,149.8000,primary
621391848,2020-01-28,16:22:23.30,29.5530,52.1540,6.0000,2.5000,ML,TEH,5,4,36.6944,139.6000,139.6000,primary
621391849,2020-01-28,16:50:34.70,29.5850,52.2250,10.0000,2.5000,ML,TEH,3,3,28.9107,137.8000,137.8000,primary
619055436,2020-01-28,17:15:26.69,29.6322,52.1692,10.0000,3.3000,ML,ISC,47,6,33.3585,107.9000,43.9000,primary
621391850,2020-01-28,21:06:35.30,29.5780,52.1370,5.0000,2.5000,ML,TEH,4,3,36.6944,164.0000,133.7000,primary
621391851,2020-01-28,21:16:36.80,29.5400,52.1550,5.0000,2.5000,ML,TEH,4,3,36.6944,152.2000,142.1000,primary
621391867,2020-01-29,01:16:19.80,29.6030,52.1330,5.0000,2.6000,ML,TEH,6,5,36.6944,101.5000,77.7000,primary
621391869,2020-01-29,04:44:30.30,29.5900,52.1650,8.0000,2.6000,ML,TEH,5,4,34.4704,132.9000,132.9000,primary
621391870,2020-01-29,05:05:53.50,29.6700,52.1470,10.0000,2.9000,ML,TEH,3,3,35.5824,192.5000,192.5000,primary
621391873,2020-01-29,08:43:58.30,29.6780,52.0920,5.0000,2.7000,ML,TEH,4,3,41.1421,132.8000,132.8000,primary
621391874,2020-01-29,10:12:08.70,29.6590,52.0990,5.0000,2.5000,ML,TEH,4,3,40.0302,132.3000,132.3000,primary
621391876,2020-01-29,13:07:36.30,29.5870,52.1300,5.0000,2.9000,ML,TEH,4,4,37.8063,131.6000,131.6000,primary
621391877,2020-01-29,19:04:42.30,29.6970,52.1240,10.0000,2.6000,ML,TEH,4,4,37.8063,118.3000,118.3000,primary
621391878,2020-01-29,19:25:35.70,29.6310,52.1570,10.0000,2.7000,ML,TEH,5,4,34.4704,124.2000,124.2000,primary
621391879,2020-01-29,19:32:54.90,29.6810,52.1340,10.0000,2.7000,ML,TEH,4,4,36.6944,116.1000,116.1000,primary
621391882,2020-01-29,19:33:40.80,29.6230,52.1040,5.0000,2.9000,ML,TEH,5,5,40.0302,104.5000,104.5000,primary
621391883,2020-01-29,19:44:25.90,29.6490,52.1440,10.0000,2.6000,ML,TEH,5,4,35.5824,120.1000,120.1000,primary
621391884,2020-01-29,21:07:37.80,29.5410,52.1510,5.0000,3.2000,ML,TEH,14,6,36.6944,90.5000,65.9000,primary
621391885,2020-01-29,22:16:48.40,29.6630,52.1180,5.0000,2.6000,ML,TEH,5,4,37.8063,116.9000,116.9000,primary
621391886,2020-01-29,23:17:30.80,29.6700,52.1560,5.0000,2.9000,ML,TEH,5,5,34.4704,115.0000,115.0000,primary
621391900,2020-01-30,01:15:01.50,29.6540,52.1220,8.0000,3.2000,ML,TEH,10,6,37.8063,110.5000,72.1000,primary
621391902,2020-01-30,03:51:09,29.6940,52.1220,10.0000,2.6000,ML,TEH,5,4,37.8063,117.7000,111.2000,primary
621391903,2020-01-30,09:16:19.80,29.6330,52.1860,11.2000,2.6000,ML,TEH,4,4,31.1346,124.7000,124.7000,primary
621391906,2020-01-30,12:45:11,29.6020,52.1210,5.0000,3.5000,ML,TEH,11,6,37.8063,101.2000,77.5000,primary
621391908,2020-01-30,14:14:59.60,29.6500,52.1560,5.0000,2.5000,ML,TEH,5,4,34.4704,120.3000,120.3000,primary
621391923,2020-01-31,04:09:19.50,29.6700,52.0960,5.0000,2.7000,ML,TEH,7,5,40.0302,112.3000,87.8000,primary
621391925,2020-01-31,05:24:28.20,29.5930,52.1190,5.0000,3.3000,ML,TEH,14,6,38.9182,99.6000,68.0000,primary
621391927,2020-01-31,06:39:40.80,29.6210,52.1310,5.0000,2.5000,ML,TEH,5,4,36.6944,125.2000,125.2000,primary
621391928,2020-01-31,08:44:34.60,29.6340,52.1640,10.0000,2.5000,ML,TEH,4,4,33.3585,123.8000,123.8000,primary
621391949,2020-02-01,08:25:47.40,29.6570,52.1150,8.0000,3.5000,ML,TEH,12,6,38.9182,110.8000,71.4000,primary
621391951,2020-02-01,11:26:22.90,29.6990,52.1570,10.0000,2.9000,ML,TEH,5,4,35.5824,120.7000,119.4000,primary
621391952,2020-02-01,13:24:55.50,29.6230,52.1800,10.0000,2.6000,ML,TEH,5,4,32.2465,126.7000,126.7000,primary
621391953,2020-02-01,17:44:24.30,29.6560,52.0990,5.0000,2.8000,ML,TEH,5,4,40.0302,117.8000,117.8000,primary
617532521,2020-02-02,23:00:26.58,29.8606,51.4273,15.0000,3.4000,mb,ISC,17,3,107.8591,181.4000,75.6000,primary
621391980,2020-02-03,10:50:11.10,29.6160,52.1510,6.0000,2.9000,ML,TEH,5,4,35.5824,127.0000,127.0000,primary
617526624,2020-02-03,20:32:37.62,29.6326,52.0674,25.0000,3.2000,MS,ISC,75,5,38.9182,105.1000,36.2000,primary
621392024,2020-02-06,00:09:35.40,28.2890,52.4390,10.0000,2.8000,ML,TEH,5,5,111.1950,128.7000,128.7000,primary
621392028,2020-02-06,12:30:44,29.6530,52.1140,5.0000,2.6000,ML,TEH,5,4,38.9182,118.7000,118.7000,primary
621392029,2020-02-06,14:16:45.90,29.5830,52.1590,5.0000,2.5000,ML,TEH,5,4,34.4704,133.9000,133.9000,primary
621392071,2020-02-08,21:55:03.40,29.6180,52.1780,10.0000,2.8000,ML,TEH,4,4,32.2465,127.7000,127.7000,primary
621392101,2020-02-09,14:27:45,29.0120,51.2910,5.0000,2.5000,ML,TEH,4,3,72.2767,205.9000,196.0000,primary
620732765,2020-02-13,03:43:54.02,28.8287,52.8888,16.0000,3.2000,ML,ISC,41,8,42.2541,139.9000,54.0000,primary
621392158,2020-02-13,07:51:49.70,29.6140,52.1280,4.9000,2.5000,ML,TEH,5,4,37.8063,126.4000,126.4000,primary
621392159,2020-02-13,08:13:50.40,29.6180,52.1410,5.0000,2.9000,ML,TEH,5,4,36.6944,126.2000,126.2000,primary
621392172,2020-02-14,18:17:53.70,29.6730,52.1560,10.0000,2.8000,ML,TEH,5,4,34.4704,115.6000,115.6000,primary
621392174,2020-02-14,21:07:11.50,28.9040,52.9370,5.0000,2.5000,ML,TEH,6,6,48.9258,151.7000,151.7000,primary
621392193,2020-02-15,00:35:51.20,29.4920,52.5600,8.5000,2.8000,ML,TEH,7,6,16.6792,152.8000,152.8000,primary
621392236,2020-02-17,10:07:03.60,29.6970,52.1620,8.0000,2.6000,ML,TEH,6,5,34.4704,120.6000,95.0000,primary
621392246,2020-02-18,02:19:47.60,29.7590,50.7830,9.0000,2.6000,ML,TEH,6,2,159.0088,225.9000,163.0000,primary
621392247,2020-02-18,02:35:46.40,29.7630,50.8030,10.0000,2.5000,ML,TEH,7,2,157.8969,224.7000,161.9000,primary
621392348,2020-02-23,07:42:44.90,28.8620,52.8800,13.7000,2.6000,ML,TEH,7,6,78.9484,142.3000,89.6000,primary
621392384,2020-02-25,04:23:42.30,28.0490,52.9930,8.0000,3.0000,ML,TEH,9,6,47.8138,114.1000,114.1000,primary
619055460,2020-02-26,22:11:16.62,29.1487,51.4393,17.0000,3.6000,ML,ISC,54,4,55.5975,191.3000,98.6000,primary
621392419,2020-02-27,17:06:10.70,28.2410,52.7190,9.2000,2.9000,ML,TEH,9,6,87.8440,119.5000,119.5000,primary
621392437,2020-02-28,08:29:16,29.5930,52.1960,10.0000,2.8000,ML,TEH,4,4,31.1346,134.1000,134.1000,primary
617742250,2020-02-28,20:45:54.48,28.1020,52.6817,15.0000,3.6000,mb,ISC,38,6,80.0604,131.5000,64.6000,primary
621392459,2020-02-29,17:27:38,29.6510,52.1090,5.0000,2.9000,ML,TEH,5,4,38.9182,119.7000,119.7000,primary
617781566,2020-03-02,14:31:06.76,29.5874,51.8152,10.0000,3.7000,mb,ISC,55,5,15.5673,92.4000,37.0000,primary
621929380,2020-03-03,04:04:59.40,29.9100,52.0600,10.0000,2.9000,ML,TEH,4,4,51.1497,144.1000,144.1000,primary
621930400,2020-03-05,22:45:18.80,29.6210,50.9370,8.4000,2.5000,ML,TEH,6,4,70.0528,214.9000,187.7000,primary
621930994,2020-03-06,15:56:40.50,29.6510,52.0360,10.0000,2.8000,ML,TEH,6,3,36.6944,158.4000,120.7000,primary
617799058,2020-03-06,16:04:16.39,29.5556,52.1661,10.0000,3.4000,mb,ISC,63,6,34.4704,92.9000,44.9000,primary
620732793,2020-03-06,16:27:47.95,29.5585,52.2498,10.0000,3.2000,ML,ISC,39,5,26.6868,122.4000,93.9000,primary
621930995,2020-03-06,16:56:24.70,29.6180,52.1870,10.0000,2.7000,ML,TEH,3,3,31.1346,184.4000,184.4000,primary
621932628,2020-03-09,16:15:33.90,28.4800,51.8490,10.0000,2.9000,ML,TEH,3,3,58.9333,230.9000,230.9000,primary
617671074,2020-03-11,10:24:06.89,29.5742,52.1856,10.0000,3.5000,MS,ISC,198,6,32.2465,96.2000,17.7000,primary
621933548,2020-03-11,13:34:15,29.6360,52.0990,10.0000,2.7000,ML,TEH,3,3,40.0302,132.1000,132.1000,primary
621935471,2020-03-13,01:23:35.70,28.2220,52.3060,10.0000,2.8000,ML,TEH,4,4,103.4113,203.3000,203.3000,primary
621936788,2020-03-15,03:09:16.20,29.6380,52.1850,10.0000,2.5000,ML,TEH,4,4,32.2465,123.5000,123.5000,primary
619055477,2020-03-15,03:39:45.30,27.2314,52.5329,10.0000,3.6000,ML,ISC,21,4,87.8440,256.2000,186.3000,primary
621937399,2020-03-16,07:44:38.90,29.6580,52.1530,10.0000,2.6000,ML,TEH,5,4,34.4704,118.5000,118.5000,primary
621937400,2020-03-16,08:54:32.50,29.6750,52.1110,5.0000,2.9000,ML,TEH,5,4,38.9182,114.6000,114.6000,primary
621937402,2020-03-16,09:56:14.70,28.5130,51.9430,28.0000,2.9000,ML,TEH,7,4,68.9409,164.3000,164.3000,primary
621938668,2020-03-18,16:32:27.30,28.7300,52.3740,5.0000,2.7000,ML,TEH,6,3,71.1648,254.6000,230.5000,primary
621939161,2020-03-19,19:42:14,29.6730,52.1270,5.0000,2.8000,ML,TEH,10,5,37.8063,115.9000,115.9000,primary
621939164,2020-03-19,22:18:54.30,28.5260,52.5460,11.4000,2.9000,ML,TEH,13,5,48.9258,169.7000,169.7000,primary
617826316,2020-03-20,09:16:09.55,28.4576,51.9275,15.0000,3.6000,mb,ISC,63,6,108.9711,213.4000,48.7000,primary
621940870,2020-03-22,12:20:28.70,29.5520,52.1810,8.0000,2.5000,ML,TEH,4,3,33.3585,205.1000,205.1000,primary
621941372,2020-03-23,00:06:57.30,28.8670,52.6730,10.0000,2.5000,ML,TEH,6,6,56.7094,124.4000,124.4000,primary
621941376,2020-03-23,23:56:19.60,29.5990,52.1340,6.0000,2.9000,ML,TEH,5,4,36.6944,129.6000,129.6000,primary
621943457,2020-03-27,13:52:49.90,29.1610,52.0230,21.9000,2.5000,ML,TEH,8,3,61.1572,178.7000,175.7000,primary
617856541,2020-03-27,15:48:53.42,29.3755,51.3416,20.0000,3.5000,mb,ISC,68,4,41.1421,183.4000,36.4000,primary
621943955,2020-03-28,22:44:38.40,29.0660,51.2700,8.4000,2.5000,ML,TEH,5,3,71.1648,211.3000,187.4000,primary
621945748,2020-03-31,05:18:08.50,29.9550,52.1720,8.0000,2.5000,ML,TEH,6,4,47.8138,161.7000,102.1000,primary
621945750,2020-03-31,07:49:33.20,29.8440,51.5660,10.0000,2.8000,ML,TEH,4,4,26.6868,170.8000,170.8000,primary
621946649,2020-04-02,03:25:58.90,29.3480,52.0930,18.7000,2.7000,ML,TEH,5,4,51.1497,165.5000,165.5000,primary
621947309,2020-04-03,08:23:53,27.3670,52.5040,10.0000,2.9000,ML,TEH,3,3,65.6050,219.8000,219.8000,primary
619055491,2020-04-04,01:06:58.80,29.4356,51.5431,15.1000,3.1000,ML,ISC,21,4,22.2390,168.4000,126.3000,primary
621948956,2020-04-04,01:08:39.90,29.3950,51.4060,11.3000,2.8000,ML,TEH,5,4,34.4704,178.6000,178.6000,primary
621949513,2020-04-05,20:27:59.70,29.5530,51.0300,4.4000,2.8000,ML,TEH,4,4,61.1572,208.1000,208.1000,primary
621950114,2020-04-06,00:10:44.10,28.7400,52.0060,10.0000,2.8000,ML,TEH,6,6,84.5082,100.6000,100.6000,primary
621951894,2020-04-09,22:42:55.80,28.9170,52.3850,10.0000,2.6000,ML,TEH,5,5,81.1723,114.1000,114.1000,primary
621953943,2020-04-12,00:09:12.50,29.8900,52.1410,8.0000,2.9000,ML,TEH,3,3,45.5899,250.7000,250.7000,primary
621953947,2020-04-12,19:07:43.60,29.8430,51.0560,7.8000,2.7000,ML,TEH,11,4,63.3811,208.6000,147.5000,primary
621953948,2020-04-12,22:09:47.40,27.9050,51.7610,16.0000,3.1000,ML,TEH,8,6,71.1648,202.0000,202.0000,primary
621956310,2020-04-16,22:01:14.50,29.7760,51.1510,10.0000,2.9000,ML,TEH,9,4,52.2616,201.0000,174.4000,primary
618214320,2020-04-18,03:14:57.17,28.8357,52.3253,12.0000,3.6000,mb,ISC,28,7,81.1723,94.9000,90.2000,primary
621957696,2020-04-19,06:26:48.90,29.9750,51.4720,10.0000,2.5000,ML,TEH,6,2,106.7472,283.3000,159.6000,primary
621958113,2020-04-20,17:44:05.30,29.6410,52.1400,6.0000,2.9000,ML,TEH,10,4,36.6944,195.5000,164.6000,primary
620732818,2020-04-21,05:23:12.88,28.9614,52.5943,12.0000,2.9000,ML,ISC,34,4,75.6126,123.4000,93.9000,primary
621958751,2020-04-21,14:16:53.90,29.7940,51.0400,10.0000,2.5000,ML,TEH,8,3,143.4416,209.1000,183.8000,primary
621958752,2020-04-21,18:05:42,27.7910,52.3680,20.1000,2.5000,ML,TEH,4,3,93.4038,200.2000,200.2000,primary
618236067,2020-04-26,12:42:02.32,29.0772,52.6272,12.0000,3.4000,mb,ISC,27,5,63.3811,134.1000,82.3000,primary
622000310,2020-04-28,00:15:57.10,27.8140,52.8380,5.0000,2.7000,ML,TEH,9,5,50.0377,143.4000,143.4000,primary
622000311,2020-04-28,01:50:28.60,29.8490,51.5130,9.0000,3.1000,ML,TEH,13,3,98.9635,174.8000,125.3000,primary
618241771,2020-04-28,04:49:13.80,29.7295,50.5468,10.0000,3.7000,mb,ISC,70,3,166.7925,239.9000,40.9000,primary
618241820,2020-04-28,17:55:39.48,28.1036,51.9190,26.0000,3.6000,mb,ISC,12,5,71.1648,183.7000,152.6000,primary
622003774,2020-05-03,06:10:04.50,28.6450,52.5040,20.0000,2.8000,ML,TEH,8,6,55.5975,111.1000,111.1000,primary
622003888,2020-05-06,04:08:18.60,29.6150,52.1820,6.3000,2.6000,ML,TEH,4,4,32.2465,128.5000,128.5000,primary
622003889,2020-05-06,06:55:43,29.6280,52.1220,5.0000,3.2000,ML,TEH,12,6,37.8063,105.9000,66.7000,primary
622003989,2020-05-08,10:17:25.50,29.1890,52.8520,14.4000,2.7000,ML,TEH,4,3,60.0453,273.0000,270.6000,primary
622004257,2020-05-13,00:34:58.30,29.0510,52.1370,10.0000,2.5000,ML,TEH,7,4,74.5006,103.0000,103.0000,primary
622004307,2020-05-14,17:42:54.20,28.7630,52.7530,5.4000,2.9000,ML,TEH,7,6,42.2541,122.7000,122.7000,primary
622004308,2020-05-14,21:42:48.70,29.6840,52.0040,8.0000,2.9000,ML,TEH,6,4,34.4704,157.6000,157.6000,primary
618366018,2020-05-16,03:10:36.00,29.5804,52.1163,25.0000,3.9000,mb,ISC,33,6,38.9182,97.4000,42.8000,primary
622004370,2020-05-16,04:14:39.30,29.7040,52.1860,10.0000,2.7000,ML,TEH,3,3,32.2465,203.3000,203.3000,primary
622004514,2020-05-19,01:43:24,29.2370,51.4040,18.0000,2.7000,ML,TEH,5,3,48.9258,202.6000,162.5000,primary
622004516,2020-05-19,03:40:52.30,28.4090,51.5460,15.2000,2.9000,ML,TEH,6,5,28.9107,143.7000,143.7000,primary
622004815,2020-05-26,05:15:16.40,28.4120,52.9630,12.0000,2.8000,ML,TEH,8,6,11.1195,98.0000,98.0000,primary
622004865,2020-05-27,12:23:17.90,29.0570,51.1940,8.0000,2.9000,ML,TEH,7,4,76.7245,221.1000,194.8000,primary
622004866,2020-05-27,12:40:15,29.0380,51.1210,19.9000,2.8000,ML,TEH,6,4,75.6126,229.7000,201.9000,primary
622004868,2020-05-27,18:38:41.90,29.9950,51.4930,10.0000,2.9000,ML,TEH,10,3,45.5899,284.2000,155.4000,primary
622004915,2020-05-29,02:26:13.90,29.2590,51.3350,7.8000,3.0000,ML,TEH,11,5,50.0377,183.0000,139.9000,primary
622004918,2020-05-29,09:23:04.60,29.9890,51.6460,10.0000,2.7000,ML,TEH,6,2,42.2541,346.0000,170.0000,primary
622004920,2020-05-29,12:32:54.10,28.6580,52.2980,10.0000,2.6000,ML,TEH,4,4,106.7472,118.4000,118.4000,primary
622004927,2020-05-29,22:46:22.50,29.9030,52.3610,10.0000,2.5000,ML,TEH,3,2,32.2465,268.3000,268.3000,primary
622004960,2020-05-30,07:57:09,29.6270,51.5760,10.0000,2.5000,ML,TEH,4,3,8.8956,168.1000,168.1000,primary
622004962,2020-05-30,11:16:57.10,29.6180,51.8160,9.4000,2.7000,ML,TEH,5,3,14.4553,209.3000,193.9000,primary
622005037,2020-06-01,10:08:57.10,29.7130,52.1410,10.0000,2.7000,ML,TEH,3,3,36.6944,205.7000,205.7000,primary
618544092,2020-06-01,23:52:15.98,28.5201,52.0597,15.0000,3.5000,mb,ISC,30,7,80.0604,117.6000,117.6000,primary
622005075,2020-06-02,04:48:29.70,29.5400,52.0310,11.1000,3.0000,ML,TEH,12,6,36.6944,90.7000,72.7000,primary
622005077,2020-06-02,05:20:54.90,29.5110,52.0310,8.0000,2.5000,ML,TEH,5,4,37.8063,138.1000,138.1000,primary
622005083,2020-06-02,23:59:53.10,29.9860,51.8520,8.0000,2.5000,ML,TEH,6,4,45.5899,143.6000,141.3000,primary
622005418,2020-06-09,01:19:18.80,28.7950,52.9950,18.2000,2.6000,ML,TEH,5,3,35.5824,198.6000,144.1000,primary
622005470,2020-06-10,03:26:57.40,29.7560,52.2050,10.0000,2.9000,ML,TEH,4,4,32.2465,219.6000,219.6000,primary
622005610,2020-06-13,00:50:50.10,29.2490,51.2030,10.0000,2.9000,ML,TEH,4,4,60.0453,231.0000,231.0000,primary
618648174,2020-06-17,12:27:23.86,28.5626,52.1807,15.0000,3.2000,MS,ISC,34,6,85.6201,123.7000,76.4000,primary
622005893,2020-06-19,02:37:30.60,28.4610,52.1440,10.0000,2.9000,ML,TEH,6,6,87.8440,134.5000,134.5000,primary
622005905,2020-06-19,17:23:29.70,29.2390,51.3040,10.0000,2.8000,ML,TEH,4,4,54.4855,185.5000,185.5000,primary
622005936,2020-06-20,06:05:02.20,28.3690,52.7100,10.0000,2.5000,ML,TEH,4,4,34.4704,125.9000,125.9000,primary
622005995,2020-06-21,15:48:06.40,28.5620,52.1940,9.2000,2.7000,ML,TEH,6,5,83.3962,117.9000,112.0000,primary
622006131,2020-06-23,19:10:10.90,28.4560,52.5280,5.0000,2.6000,ML,TEH,8,7,51.1497,112.5000,112.5000,primary
622006349,2020-06-28,00:24:48.60,29.4600,51.5920,17.3000,2.6000,ML,TEH,9,4,17.7912,165.0000,154.6000,primary
622006350,2020-06-28,00:34:47.60,29.0190,51.2300,9.4000,3.0000,ML,TEH,14,4,73.3887,214.7000,155.5000,primary
622006399,2020-06-29,18:33:37.80,28.6230,51.6860,8.7000,2.6000,ML,TEH,5,4,51.1497,138.8000,138.8000,primary
622006434,2020-06-30,19:03:29.20,29.7420,51.5820,11.3000,2.9000,ML,TEH,7,4,16.6792,168.7000,157.1000,primary
618650443,2020-07-02,00:29:18.38,27.7886,52.9199,14.0000,3.6000,MS,ISC,218,5,41.1421,137.7000,27.9000,primary
622006557,2020-07-03,05:21:56.94,28.4893,52.0476,15.0000,2.8000,ML,ISC,9,3,77.8365,169.3000,125.2000,primary
622006719,2020-07-07,03:44:52.50,29.6010,52.1730,10.0000,2.8000,ML,TEH,4,4,33.3585,131.1000,131.1000,primary
622006920,2020-07-12,09:25:38,28.0910,52.3990,15.0000,2.9000,ML,TEH,6,5,76.7245,147.7000,147.7000,primary
618699444,2020-07-13,05:18:04.65,29.2097,51.3610,17.0000,3.8000,mb,ISC,87,4,53.3736,207.1000,34.3000,primary
622007154,2020-07-18,17:00:08.30,28.5280,52.1770,11.3000,3.3000,ML,TEH,11,7,85.6201,115.4000,115.4000,primary
622007270,2020-07-21,12:26:17.80,29.1190,51.2860,5.0000,3.1000,ML,TEH,9,3,65.6050,211.9000,144.6000,primary
622007275,2020-07-21,15:49:06,29.1440,51.1810,10.0000,2.6000,ML,TEH,4,3,70.0528,226.9000,195.9000,primary
622007299,2020-07-22,22:38:36.10,29.5840,52.1820,8.0000,2.9000,ML,TEH,4,4,32.2465,135.2000,135.2000,primary
622007329,2020-07-23,23:48:32.70,28.6130,52.6280,10.0000,2.5000,ML,TEH,6,6,43.3661,137.2000,137.2000,primary
622007364,2020-07-24,03:07:32.50,29.2170,51.3460,10.0000,2.6000,ML,TEH,5,4,53.3736,209.8000,181.7000,primary
622007403,2020-07-25,11:44:24.30,29.2720,51.2960,10.0000,2.8000,ML,TEH,4,4,52.2616,186.4000,186.4000,primary
622007404,2020-07-25,14:53:32.60,28.9940,51.1920,10.0000,2.6000,ML,TEH,4,2,70.0528,246.0000,195.2000,primary
622007405,2020-07-25,15:37:23.40,28.6170,52.5860,10.0000,2.7000,ML,TEH,4,2,132.3220,297.1000,226.1000,primary
622007537,2020-07-28,10:23:26.10,28.0180,52.6670,10.0000,2.9000,ML,TEH,5,4,75.6126,139.1000,139.1000,primary
622007598,2020-07-30,18:09:30.30,28.0450,52.8570,10.0000,2.6000,ML,TEH,5,3,62.2692,255.3000,167.7000,primary
622007712,2020-08-01,21:04:16.60,29.6650,50.7830,10.0000,2.8000,ML,TEH,11,4,85.6201,225.4000,165.5000,primary
618707818,2020-08-03,11:37:10.33,27.6300,52.4943,14.4000,3.4000,MS,ISC,294,3,73.3887,291.7000,21.6000,primary
622007811,2020-08-04,19:21:19.70,28.0530,52.0250,10.2000,2.9000,ML,TEH,7,5,82.2843,169.9000,169.9000,primary
622008024,2020-08-09,01:31:28.30,29.6520,51.9120,10.0000,2.7000,ML,TEH,4,4,24.4629,113.1000,113.1000,primary
618744923,2020-08-10,06:40:33.94,28.9751,50.2224,35.0000,3.7000,mb,ISC,22,2,122.3145,299.3000,134.5000,primary
618715112,2020-08-11,06:31:48.54,28.6736,51.9607,17.2000,3.7000,MS,ISC,337,6,76.7245,102.5000,18.0000,primary
622008144,2020-08-12,02:11:36.10,29.6490,52.2060,8.0000,2.8000,ML,TEH,5,4,30.0226,121.6000,121.6000,primary
622008146,2020-08-12,03:12:10.60,29.6180,50.6360,10.0000,2.7000,ML,TEH,3,3,151.2252,234.4000,234.4000,primary
622008149,2020-08-12,08:11:22.80,28.2000,51.2540,11.5000,3.4000,ML,TEH,10,2,17.7912,347.7000,217.8000,primary
622008175,2020-08-13,08:37:47.70,28.6660,51.3530,10.0000,2.8000,ML,TEH,5,3,34.4704,180.8000,169.9000,primary
619061810,2020-08-14,13:41:10.50,28.6180,52.0170,7.8000,3.2000,ML,TEH,18,6,78.9484,108.1000,106.6000,primary
622008301,2020-08-16,19:43:10.60,28.6860,51.8810,10.0000,2.6000,ML,TEH,3,3,70.0528,209.6000,209.6000,primary
620732886,2020-08-18,10:30:57.67,29.9420,50.7015,22.0000,3.4000,ML,ISC,36,2,177.9120,297.7000,88.4000,primary
622008528,2020-08-19,06:31:46.80,29.2190,51.2200,10.0000,2.8000,ML,TEH,8,3,61.1572,226.8000,148.5000,primary
618741937,2020-08-19,22:13:49.97,28.7163,51.5018,10.0000,3.3000,MS,ISC,220,3,45.5899,167.5000,31.4000,primary
622008531,2020-08-19,22:51:25.70,28.6990,51.4890,19.4000,2.5000,ML,TEH,4,3,43.3661,167.6000,167.6000,primary
622008532,2020-08-19,22:53:52,28.7430,51.3860,15.6000,2.8000,ML,TEH,7,3,44.4780,179.2000,157.6000,primary
622008580,2020-08-20,08:23:45.80,29.2230,51.3570,8.2000,2.9000,ML,TEH,8,4,52.2616,180.8000,165.9000,primary
622008582,2020-08-20,16:16:12,29.7280,52.3070,10.0000,2.7000,ML,TEH,4,4,22.2390,141.2000,141.2000,primary
622008632,2020-08-21,13:28:33.10,29.5780,52.4210,10.0000,2.7000,ML,TEH,4,4,11.1195,168.7000,168.7000,primary
622008724,2020-08-23,23:58:37.80,28.6210,51.4110,10.0000,2.9000,ML,TEH,4,3,32.2465,165.2000,165.2000,primary
619040500,2020-08-26,00:01:08.07,29.4325,50.6388,25.0000,3.3000,ML,ISC,45,3,101.1874,285.6000,106.5000,primary
622008984,2020-08-29,06:21:27.10,29.4750,51.4970,10.0000,2.8000,ML,TEH,3,3,22.2390,215.6000,215.6000,primary
622008987,2020-08-29,16:55:40.90,29.2210,51.3480,10.0000,2.7000,ML,TEH,3,3,53.3736,181.5000,181.5000,primary
622009100,2020-09-01,00:13:56.70,29.2360,51.3160,10.0000,2.8000,ML,TEH,12,4,53.3736,184.4000,141.4000,primary
622009173,2020-09-03,14:23:20.20,28.6590,51.9920,11.0000,3.2000,ML,TEH,11,5,78.9484,114.5000,114.5000,primary
620732898,2020-09-06,10:21:56.29,29.4576,52.0436,10.0000,3.6000,ML,ISC,45,5,41.1421,87.5000,40.5000,primary
619396910,2020-09-17,04:29:05.89,28.6029,52.0413,15.0000,4.2000,mb,ISC,65,6,81.1723,109.6000,53.8000,primary
621925616,2020-09-19,10:18:27.10,27.4020,52.4630,18.6000,3.3000,ML,TEH,8,4,70.0528,216.7000,216.7000,primary
621925721,2020-09-24,05:37:44.90,29.5710,51.4210,10.0000,2.9000,ML,TEH,10,3,23.3509,252.0000,159.7000,primary
621925723,2020-09-24,06:59:24.30,29.5760,51.4040,8.0000,3.3000,ML,TEH,18,3,25.5748,254.7000,133.3000,primary
619261651,2020-09-24,13:15:16.09,29.4907,51.3541,13.9000,3.5000,MS,ISC,318,3,32.2465,241.3000,35.6000,primary
621925725,2020-09-24,13:22:07.40,29.5900,51.4270,10.0000,2.8000,ML,TEH,9,3,23.3509,256.7000,131.9000,primary
621925730,2020-09-25,01:27:26.40,29.4280,52.0640,10.0000,2.7000,ML,TEH,3,3,44.4780,152.5000,152.5000,primary
621925731,2020-09-25,01:29:51.20,29.4260,52.0730,10.0000,2.5000,ML,TEH,3,3,44.4780,153.5000,153.5000,primary
621925732,2020-09-25,03:48:09.40,28.4560,52.4540,10.0000,2.8000,ML,TEH,6,6,110.0830,114.9000,114.9000,primary
621925756,2020-09-27,22:35:12.60,28.8050,51.1730,9.4000,2.9000,ML,TEH,10,3,50.0377,217.8000,182.7000,primary
619394840,2020-09-27,23:23:38.30,28.8546,51.3435,17.0000,3.3000,MS,ISC,250,3,55.5975,191.6000,32.8000,primary
621925760,2020-09-28,08:07:32.30,28.4810,52.3500,8.0000,2.9000,ML,TEH,8,6,107.8591,115.8000,115.8000,primary
619475913,2020-09-28,08:11:48.33,28.8331,51.3096,17.0000,2.8000,MS,ISC,91,3,52.2616,196.2000,40.6000,primary
621925775,2020-09-29,10:11:39.70,29.7630,50.6420,28.0000,3.0000,ML,TEH,11,3,100.0755,295.1000,170.0000,primary
621925797,2020-10-02,04:20:53,28.5450,52.8490,6.0000,3.2000,ML,TEH,13,6,71.1648,108.4000,96.2000,primary
621925801,2020-10-02,17:54:59.70,28.4010,52.6100,8.0000,2.8000,ML,TEH,6,6,95.6277,113.5000,113.5000,primary
621925806,2020-10-03,04:17:37.30,28.5820,52.9360,22.4000,2.9000,ML,TEH,8,6,63.3811,116.8000,91.3000,primary
621927121,2020-10-04,08:11:36.90,27.9810,52.7070,10.0000,2.7000,ML,TEH,4,3,70.0528,196.0000,139.4000,primary
621927123,2020-10-04,16:55:47.70,29.3970,51.9450,10.0000,2.7000,ML,TEH,5,3,36.6944,146.8000,146.8000,primary
621927126,2020-10-04,20:59:53.30,28.4660,52.5260,10.0000,2.7000,ML,TEH,5,5,103.4113,111.9000,111.9000,primary
621927138,2020-10-06,20:44:04.50,29.7360,52.3510,5.0000,2.5000,ML,TEH,5,4,18.9032,150.8000,122.9000,primary
621927155,2020-10-07,15:34:10.20,28.3050,52.7170,8.9000,2.8000,ML,TEH,7,5,93.4038,149.6000,115.4000,primary
621927167,2020-10-10,02:59:08.90,29.2920,51.4540,10.0000,2.7000,ML,TEH,4,3,41.1421,173.5000,173.5000,primary
621927173,2020-10-11,19:41:55.30,29.2640,51.2890,10.0000,2.7000,ML,TEH,10,4,53.3736,186.9000,168.3000,primary
621927191,2020-10-15,02:03:06,29.7580,51.2270,10.0000,2.7000,ML,TEH,4,4,45.5899,195.3000,195.3000,primary
621927217,2020-10-21,19:19:21.20,28.1500,51.9630,19.4000,2.9000,ML,TEH,6,3,73.3887,271.1000,254.1000,primary
621927221,2020-10-22,21:10:29.20,29.1530,51.4290,5.0000,2.7000,ML,TEH,4,3,55.5975,193.2000,173.6000,primary
621927224,2020-10-23,06:10:16.70,27.9980,52.3750,10.0000,2.9000,ML,TEH,6,4,106.7472,157.6000,157.6000,primary
619519611,2020-10-25,09:44:23.51,27.2959,52.9512,17.2000,3.8000,mb,ISC,58,3,22.2390,307.5000,45.1000,primary
621927247,2020-10-26,22:40:38.50,29.7320,52.2740,8.0000,2.6000,ML,TEH,7,4,25.5748,138.0000,100.0000,primary
621927251,2020-10-27,03:16:34.30,28.4830,52.7770,10.0000,2.8000,ML,TEH,3,3,106.7472,162.3000,162.3000,primary
621927258,2020-10-27,21:01:15.40,28.1670,52.6840,18.4000,2.8000,ML,TEH,6,6,84.5082,126.5000,126.5000,primary
621927273,2020-10-30,06:53:10.60,28.9350,52.0880,17.9000,2.7000,ML,TEH,5,3,85.6201,204.4000,204.4000,primary
619543293,2020-11-02,01:38:38.92,28.8192,51.3394,17.0000,3.6000,mb,ISC,69,3,51.1497,190.9000,32.6000,primary
621927290,2020-11-02,23:46:06.90,28.6210,52.7010,10.0000,2.6000,ML,TEH,4,4,86.7321,140.7000,140.7000,primary
619517473,2020-11-03,00:11:38.98,29.1166,51.2734,10.0000,3.4000,MS,ISC,249,3,66.7170,213.5000,34.4000,primary
621927301,2020-11-04,18:37:40.80,29.4180,50.3960,10.0000,2.9000,ML,TEH,3,2,124.5384,295.7000,248.9000,primary
621927318,2020-11-08,06:30:54.10,29.3520,52.1450,9.0000,2.5000,ML,TEH,4,4,47.8138,170.5000,170.5000,primary
621927319,2020-11-08,12:31:58.70,29.6430,52.3110,5.0000,2.9000,ML,TEH,6,4,20.0151,125.8000,125.8000,primary
621927325,2020-11-09,04:15:43.80,28.6530,51.5830,19.0000,2.7000,ML,TEH,5,3,45.5899,185.2000,181.3000,primary
621927346,2020-11-12,01:12:10.50,29.4770,52.0370,14.7000,2.7000,ML,TEH,17,5,38.9182,86.4000,86.4000,primary
621927362,2020-11-17,06:58:06.90,28.9650,51.2800,8.0000,2.7000,ML,TEH,5,3,66.7170,205.5000,185.8000,primary
621927367,2020-11-18,09:44:56.70,29.5670,52.1970,10.0000,2.9000,ML,TEH,8,4,31.1346,139.8000,139.8000,primary
621927394,2020-11-24,09:55:41.40,28.0300,51.5060,20.0000,2.9000,ML,TEH,4,2,44.4780,321.9000,298.2000,primary
621927407,2020-11-26,12:48:13.40,29.2400,51.4310,5.0000,2.9000,ML,TEH,11,4,46.7019,174.7000,157.9000,primary
621927450,2020-12-06,10:38:00.30,28.5980,52.0240,28.0000,2.8000,ML,TEH,4,4,78.9484,157.4000,157.4000,primary
619615550,2020-12-07,11:31:34.01,28.5832,52.0301,15.0000,4.0000,mb,ISC,81,6,78.9484,111.5000,64.3000,primary
621927465,2020-12-09,18:53:19.20,28.6890,52.1000,26.3000,2.9000,ML,TEH,9,6,90.0679,101.7000,101.7000,primary
621927466,2020-12-09,18:59:31.80,28.5790,51.9130,11.7000,2.9000,ML,TEH,6,5,67.8289,122.5000,122.5000,primary
621927471,2020-12-11,04:05:52.20,29.5060,52.0730,10.0000,2.8000,ML,TEH,9,3,41.1421,143.8000,141.7000,primary
619625739,2020-12-13,00:33:57.55,29.4985,51.4211,20.0000,3.4000,mb,ISC,28,3,26.6868,234.4000,56.6000,primary
621927490,2020-12-15,02:15:04.30,28.7010,52.6440,28.0000,2.8000,ML,TEH,6,6,93.4038,110.0000,110.0000,primary
621927497,2020-12-15,23:03:54.80,29.2800,52.8440,10.0000,2.7000,ML,TEH,4,4,51.1497,178.6000,178.6000,primary
621927498,2020-12-15,23:15:47.20,28.7660,52.3740,10.0000,2.6000,ML,TEH,5,5,97.8516,104.3000,104.3000,primary
621927499,2020-12-15,23:17:38.60,28.7580,52.3300,10.0000,2.9000,ML,TEH,5,5,100.0755,105.2000,105.2000,primary
621927512,2020-12-18,09:48:16.60,28.6920,52.5130,10.0000,2.9000,ML,TEH,5,4,105.6352,146.3000,146.3000,primary
621927537,2020-12-24,03:32:11.20,29.0800,52.7510,11.5000,2.7000,ML,TEH,6,4,66.7170,181.5000,126.7000,primary
621927546,2020-12-26,12:52:44.70,29.7610,52.0570,7.7000,2.5000,ML,TEH,5,4,41.1421,124.3000,100.3000,primary
621927552,2020-12-27,18:57:14.60,29.7830,51.5910,10.0000,2.9000,ML,TEH,9,3,20.0151,268.1000,122.4000,primary
621927563,2020-12-30,22:47:22.40,28.6570,52.3520,20.9000,2.9000,ML,TEH,10,6,110.0830,102.2000,102.2000,primary
625050397,2021-01-04,12:58:54.10,28.8810,51.2260,9.2000,3.3000,ML,TEH,18,3,57.8214,210.8000,152.6000,primary
625050926,2021-01-05,13:20:04.30,29.7970,50.7730,17.7000,3.1000,ML,TEH,17,3,88.9560,292.1000,162.6000,primary
625050927,2021-01-05,13:28:26.50,29.8020,50.8000,10.0000,2.8000,ML,TEH,6,3,153.4491,225.2000,193.1000,primary
625052415,2021-01-08,16:11:57.50,28.8690,51.3840,8.3000,2.9000,ML,TEH,8,3,57.8214,185.9000,140.4000,primary
625052416,2021-01-08,19:10:03.50,29.7940,52.8000,6.6000,2.8000,ML,TEH,7,3,32.2465,279.3000,179.8000,primary
625052995,2021-01-09,22:05:10.30,29.3620,51.1170,10.0000,2.7000,ML,TEH,4,4,60.0453,201.2000,201.2000,primary
625053562,2021-01-10,03:35:42.40,29.5380,52.0880,27.0000,2.7000,ML,TEH,7,5,42.2541,90.5000,90.5000,primary
625053565,2021-01-10,11:21:43.50,29.7880,51.3250,7.9000,2.5000,ML,TEH,5,4,37.8063,188.4000,188.4000,primary
625053569,2021-01-10,23:39:28.10,29.9540,51.8560,7.0000,2.5000,ML,TEH,5,4,42.2541,141.4000,141.4000,primary
625055387,2021-01-13,14:56:30.90,29.7230,51.3650,5.0000,2.6000,ML,TEH,6,4,31.1346,184.8000,184.8000,primary
625056019,2021-01-14,17:38:04.40,29.6900,51.6810,15.0000,2.9000,ML,TEH,7,2,8.8956,356.4000,148.1000,primary
620733038,2021-01-15,20:06:55.87,28.2520,51.3474,10.0000,3.3000,ML,ISC,49,3,14.4553,289.0000,95.6000,primary
625057297,2021-01-16,10:39:13.60,29.5150,52.0920,16.4000,2.7000,ML,TEH,6,4,43.3661,141.7000,141.7000,primary
621741392,2021-01-18,22:40:55.58,27.5798,52.5140,14.0000,2.9000,ML,ISC,30,3,70.0528,193.1000,77.0000,primary
625058896,2021-01-19,16:55:07.70,28.5630,51.6590,15.0000,2.7000,ML,TEH,5,3,44.4780,205.9000,205.9000,primary
625060138,2021-01-21,10:52:31.90,29.3140,51.2560,6.0000,2.9000,ML,TEH,9,3,51.1497,230.0000,144.7000,primary
625062054,2021-01-24,18:23:40.30,29.5930,52.0920,7.2000,2.7000,ML,TEH,5,4,41.1421,128.6000,128.6000,primary
625062055,2021-01-24,22:34:57.30,29.7680,52.1060,6.0000,2.6000,ML,TEH,5,4,42.2541,129.0000,102.8000,primary
619833267,2021-01-29,06:44:08.06,28.6829,51.4840,10.0000,3.9000,mb,ISC,57,3,42.2541,168.7000,31.3000,primary
619839450,2021-02-03,08:37:48.28,28.3805,52.2164,10.0000,3.8000,mb,ISC,52,5,134.5459,197.8000,38.1000,primary
621741410,2021-02-03,21:29:36.34,28.4388,52.2507,16.0000,3.1000,mb,ISC,31,4,97.8516,178.9000,71.1000,primary
625214543,2021-02-03,23:07:05.50,29.7020,51.5800,10.0000,2.6000,ML,TEH,11,4,12.2314,168.6000,151.0000,primary
625215593,2021-02-11,23:15:20.90,28.7900,52.9010,10.0000,2.5000,ML,TEH,4,4,73.3887,168.0000,168.0000,primary
625215781,2021-02-13,00:23:32.90,28.0680,52.7660,10.0000,2.8000,ML,TEH,6,4,90.0679,128.9000,128.9000,primary
621741432,2021-02-14,00:21:05.58,27.9444,52.8276,14.0000,3.2000,ML,ISC,41,4,74.5006,133.6000,92.0000,primary
625216189,2021-02-18,06:24:11.60,29.6470,51.3600,6.0000,2.7000,ML,TEH,4,4,30.0226,184.5000,184.5000,primary
625216191,2021-02-18,11:10:21.60,29.6490,52.1230,8.0000,2.6000,ML,TEH,5,4,37.8063,119.6000,119.6000,primary
625216273,2021-02-19,23:06:04.40,27.9200,52.6770,23.7000,2.8000,ML,TEH,6,5,68.9409,146.6000,146.6000,primary
625216274,2021-02-19,23:10:59,27.9980,52.7390,22.2000,2.9000,ML,TEH,6,5,67.8289,135.9000,135.9000,primary
625216362,2021-02-21,11:22:56.40,29.2350,51.2900,5.0000,3.2000,ML,TEH,14,4,55.5975,186.6000,142.2000,primary
621741462,2021-03-02,20:46:47.39,28.4983,51.9018,15.0000,2.9000,ML,ISC,30,5,64.4931,132.3000,92.7000,primary
621741465,2021-03-03,12:10:03.66,28.4517,51.9578,10.0000,2.9000,ML,ISC,23,4,68.9409,137.9000,91.3000,primary
625419047,2021-03-05,19:33:10.10,28.9180,51.2880,8.0000,2.5000,ML,TEH,5,3,61.1572,202.7000,184.6000,primary
621741468,2021-03-05,19:49:12.56,28.9047,51.3927,17.0000,2.9000,ML,ISC,26,3,61.1572,186.2000,89.0000,primary
625419048,2021-03-05,22:19:31.70,29.7620,51.9880,5.0000,2.5000,ML,TEH,6,4,35.5824,119.9000,102.3000,primary
625419061,2021-03-06,18:57:35.10,28.7640,51.2240,8.0000,2.8000,ML,TEH,6,3,44.4780,208.9000,192.6000,primary
625419081,2021-03-08,14:11:40.40,28.7080,51.7010,17.3000,2.9000,ML,TEH,5,3,57.8214,191.3000,129.2000,primary
625419126,2021-03-11,11:13:54,29.8160,50.8580,5.1000,3.0000,ML,TEH,10,4,81.1723,221.7000,193.7000,primary
625419128,2021-03-11,12:35:33.20,28.3140,51.4380,19.1000,2.8000,ML,TEH,4,3,17.7912,252.0000,252.0000,primary
625419214,2021-03-17,03:47:24,28.8690,51.3170,19.0000,2.8000,ML,TEH,7,3,56.7094,196.4000,167.4000,primary
625419286,2021-03-21,23:18:05.90,29.7110,51.2480,8.0000,2.5000,ML,TEH,6,4,41.1421,193.4000,180.8000,primary
625419341,2021-03-25,00:08:50.50,28.7870,51.3680,6.0000,2.9000,ML,TEH,5,2,95.6277,328.0000,267.3000,primary
625419357,2021-03-26,01:19:41.20,28.6670,53.0000,10.0000,2.5000,ML,TEH,3,3,58.9333,201.7000,201.7000,primary
625419444,2021-03-31,08:33:39.90,29.6020,51.0050,10.0000,2.9000,ML,TEH,3,3,63.3811,210.1000,210.1000,primary
625419458,2021-04-01,03:15:45.30,29.5850,52.0280,5.6000,2.8000,ML,TEH,11,4,35.5824,126.8000,126.8000,primary
625419527,2021-04-06,22:52:25.10,29.1700,50.9590,10.0000,2.9000,ML,TEH,3,3,84.5082,252.4000,252.4000,primary
620733202,2021-04-08,22:15:23.05,28.4232,52.0966,15.0000,2.9000,ML,ISC,44,5,82.2843,139.5000,76.8000,primary
625419564,2021-04-08,23:28:06.40,29.6390,52.3950,10.0000,2.6000,ML,TEH,6,4,11.1195,129.9000,129.9000,primary
620341543,2021-04-09,20:46:17.60,29.2630,52.0979,10.0000,3.9000,mb,ISC,95,5,57.8214,99.7000,89.9000,primary
625419609,2021-04-10,13:09:07.90,29.0670,51.1240,1.6000,2.7000,ML,TEH,6,3,78.9484,230.4000,201.4000,primary
620341824,2021-04-13,13:10:35.41,28.6310,51.6493,24.0000,3.3000,MS,ISC,35,4,47.8138,128.5000,44.4000,primary
621741501,2021-04-13,17:22:20.50,27.7646,52.9877,10.0000,2.9000,ML,ISC,26,5,33.3585,132.1000,67.7000,primary
625419730,2021-04-16,01:38:11.60,27.7250,52.4090,10.0000,2.6000,ML,TEH,3,3,88.9560,206.3000,206.3000,primary
625419757,2021-04-17,01:57:49.30,28.8640,52.2570,26.8000,2.8000,ML,TEH,8,5,90.0679,97.9000,97.9000,primary
625419759,2021-04-17,18:18:31.40,27.8820,51.9730,10.0000,2.9000,ML,TEH,8,5,87.8440,190.6000,190.6000,primary
620342051,2021-04-18,06:41:50.38,29.7231,50.6653,14.8000,5.7000,MS,ISC,1831,4,96.7396,233.0000,9.4000,primary
621741508,2021-04-18,06:52:24.04,29.8076,50.6160,10.0000,4.0000,mb,ISC,54,3,162.3447,236.4000,134.5000,primary
620346587,2021-04-18,06:55:58.80,29.7864,50.6119,24.1000,4.5000,mb,ISC,161,4,103.4113,236.6000,42.0000,primary
620346588,2021-04-18,07:03:10.49,29.7445,50.4329,25.0000,4.0000,mb,ISC,85,3,120.0906,246.1000,77.2000,primary
620342007,2021-04-18,07:10:28.02,29.7494,50.5375,15.2000,4.4000,mb,ISC,272,4,110.0830,240.5000,50.8000,primary
625419779,2021-04-18,07:17:09.30,29.8250,50.7170,10.0000,2.6000,ML,TEH,4,2,155.6730,230.6000,201.2000,primary
625419780,2021-04-18,07:25:22.30,29.7370,50.6400,7.0000,2.6000,ML,TEH,4,2,163.4566,234.6000,205.9000,primary
625419781,2021-04-18,07:28:25.70,29.7570,50.7090,10.0000,2.9000,ML,TEH,6,3,162.3447,230.5000,202.3000,primary
620346591,2021-04-18,07:30:06.74,29.7549,50.5302,10.0000,3.7000,mb,ISC,40,3,170.1283,240.9000,118.4000,primary
620346592,2021-04-18,07:47:02.01,29.6916,50.4170,25.0000,3.7000,mb,ISC,49,2,169.0164,246.7000,123.0000,primary
625419782,2021-04-18,07:51:46.30,29.7550,50.6830,10.0000,2.9000,ML,TEH,7,3,164.5686,232.1000,199.9000,primary
620346594,2021-04-18,07:59:37.22,29.6573,50.4623,25.0000,4.0000,MS,ISC,145,4,115.6428,244.3000,47.0000,primary
625419783,2021-04-18,08:08:57.10,29.7060,50.6880,10.0000,2.8000,ML,TEH,4,2,159.0088,231.5000,213.2000,primary
620346596,2021-04-18,08:17:55.77,29.8543,50.7110,22.0000,3.6000,mb,ISC,70,4,95.6277,231.3000,105.7000,primary
625419784,2021-04-18,08:28:43.60,29.7760,50.6560,10.0000,2.8000,ML,TEH,3,2,163.4566,233.8000,233.8000,primary
620342010,2021-04-18,08:50:40,29.8407,50.5168,22.0000,4.3000,mb,ISC,197,4,113.4189,242.3000,49.6000,primary
625419785,2021-04-18,09:01:38.80,29.8190,50.6850,10.0000,2.8000,ML,TEH,5,2,157.8969,232.5000,198.9000,primary
621741509,2021-04-18,09:11:09.29,29.7755,50.6665,10.0000,3.3000,ML,ISC,50,4,97.8516,233.2000,134.6000,primary
620346602,2021-04-18,09:38:56.60,29.8102,50.6895,22.0000,3.8000,mb,ISC,78,4,96.7396,232.1000,91.2000,primary
625419786,2021-04-18,09:57:24.90,29.8390,50.2860,10.0000,2.5000,ML,TEH,4,3,135.6579,254.0000,252.3000,primary
620346603,2021-04-18,10:29:00.58,29.8744,50.5761,22.0000,3.5000,mb,ISC,92,3,159.0088,239.4000,92.5000,primary
625419787,2021-04-18,10:46:37.60,29.7380,50.6830,9.4000,2.9000,ML,TEH,5,3,162.3447,232.0000,203.8000,primary
625419788,2021-04-18,10:54:44.50,29.7380,50.6520,10.0000,2.6000,ML,TEH,3,2,163.4566,233.9000,233.9000,primary
620346604,2021-04-18,11:19:14.03,29.7663,50.6406,10.0000,3.5000,mb,ISC,70,4,100.0755,234.7000,106.8000,primary
625419789,2021-04-18,11:24:51.10,29.7440,50.6550,10.0000,2.9000,ML,TEH,6,2,164.5686,233.7000,201.4000,primary
625419790,2021-04-18,11:58:25.50,29.7860,50.6250,14.4000,3.3000,ML,TEH,15,4,102.2994,235.8000,202.4000,primary
625419791,2021-04-18,12:01:59.50,29.8330,50.5900,8.0000,3.2000,ML,TEH,19,4,106.7472,238.2000,188.5000,primary
621741511,2021-04-18,12:25:58.76,29.9581,51.0251,10.0000,3.2000,mb,OMAN,10,0,454.7875,360.0000,317.6000,primary
625419792,2021-04-18,12:30:26.70,29.7420,50.6500,10.0000,2.7000,ML,TEH,4,4,98.9635,234.0000,234.0000,primary
625419793,2021-04-18,12:31:36.30,29.6900,50.6130,10.0000,2.8000,ML,TEH,5,4,102.2994,235.9000,235.9000,primary
625419794,2021-04-18,12:39:07.50,29.7600,50.6580,8.0000,2.9000,ML,TEH,6,4,98.9635,233.6000,225.1000,primary
625419795,2021-04-18,12:55:39.60,29.8550,50.6330,8.1000,2.8000,ML,TEH,7,4,103.4113,235.9000,201.1000,primary
625419796,2021-04-18,13:02:04.70,29.8410,50.5780,10.0000,2.9000,ML,TEH,5,4,107.8591,238.9000,238.9000,primary
625419797,2021-04-18,13:10:29,29.7900,50.6170,10.0000,2.9000,ML,TEH,8,4,103.4113,236.3000,206.4000,primary
625419798,2021-04-18,13:59:36.30,29.8730,50.5820,8.0000,2.7000,ML,TEH,4,3,107.8591,239.1000,239.1000,primary
625419799,2021-04-18,14:11:43.50,29.7020,50.5770,9.3000,3.2000,ML,TEH,13,4,105.6352,238.0000,206.0000,primary
625419800,2021-04-18,14:20:48.10,29.7340,50.6370,9.3000,3.5000,ML,TEH,12,4,100.0755,234.7000,202.5000,primary
625419801,2021-04-18,14:32:36.80,29.8430,50.5310,8.0000,2.8000,ML,TEH,5,4,112.3070,241.6000,241.6000,primary
625419804,2021-04-18,14:33:30.90,29.7650,50.6560,8.0000,3.1000,ML,TEH,6,4,98.9635,233.8000,233.8000,primary
621741512,2021-04-18,14:50:16.14,29.6521,50.5861,25.0000,3.3000,ML,ISC,41,3,156.7849,237.3000,186.7000,primary
621741513,2021-04-18,15:02:53.72,29.8309,50.7725,10.0000,2.9000,ML,ISC,28,4,88.9560,227.3000,182.5000,primary
620346621,2021-04-18,16:20:40.60,29.7657,50.4763,10.0000,4.0000,mb,ISC,89,4,115.6428,243.9000,117.4000,primary
625419805,2021-04-18,17:08:19.10,29.7660,50.6620,10.0000,2.8000,ML,TEH,7,3,164.5686,233.5000,200.8000,primary
625419807,2021-04-18,17:55:34.20,29.8100,50.6440,10.0000,2.9000,ML,TEH,4,3,161.2327,234.9000,234.9000,primary
625419808,2021-04-18,19:03:36.80,29.7820,50.6270,10.0000,2.6000,ML,TEH,6,4,102.2994,235.7000,206.3000,primary
625419809,2021-04-18,19:17:20.80,29.7890,50.5780,8.0000,2.9000,ML,TEH,6,4,106.7472,238.5000,204.7000,primary
625419810,2021-04-18,19:46:36.80,29.7880,50.5920,14.5000,2.7000,ML,TEH,5,4,105.6352,237.6000,237.6000,primary
625419811,2021-04-18,20:34:18,29.8240,50.4450,10.0000,2.8000,ML,TEH,6,3,120.0906,246.0000,213.8000,primary
625419812,2021-04-18,21:30:13.90,29.8110,50.5140,10.0000,2.6000,ML,TEH,6,4,113.4189,242.2000,210.8000,primary
620342038,2021-04-18,21:50:21.05,29.7406,50.4852,25.0000,3.2000,MS,ISC,219,4,114.5309,243.4000,52.8000,primary
620342040,2021-04-18,22:17:47.82,29.7022,50.6172,25.0000,4.0000,MS,ISC,489,4,101.1874,235.7000,42.1000,primary
620346634,2021-04-18,22:30:14.20,29.7570,50.7120,14.8000,3.4000,ML,TEH,24,4,93.4038,230.4000,198.3000,primary
625830521,2021-04-18,22:30:38.53,29.4219,50.1710,0.0000,3.6000,mb,IDC,7,0,2941.1077,360.0000,293.5000,primary
625419813,2021-04-18,22:34:44.30,29.6370,50.6240,8.0000,2.9000,ML,TEH,7,4,100.0755,235.0000,208.1000,primary
620342042,2021-04-18,22:41:46.43,29.6324,50.5662,25.0000,4.2000,mb,ISC,138,4,105.6352,238.4000,63.5000,primary
620342041,2021-04-18,22:43:50.99,29.7241,50.5168,14.8000,3.4000,MS,ISC,308,4,111.1950,241.5000,45.2000,primary
625419814,2021-04-18,22:59:50.40,29.7500,50.6770,7.4000,3.3000,ML,TEH,24,4,96.7396,232.4000,200.2000,primary
625419815,2021-04-18,23:11:13.50,29.7260,50.7190,10.0000,2.7000,ML,TEH,6,3,160.1208,229.7000,198.4000,primary
625419816,2021-04-18,23:17:31,29.7900,50.6330,10.0000,2.6000,ML,TEH,5,2,163.4566,235.4000,205.6000,primary
625419817,2021-04-18,23:25:22.90,29.7490,50.6890,9.0000,2.6000,ML,TEH,8,2,164.5686,298.2000,266.1000,primary
625419818,2021-04-18,23:32:30.20,29.7520,50.6920,10.0000,2.8000,ML,TEH,4,3,163.4566,231.5000,231.5000,primary
620346636,2021-04-18,23:43:14.53,29.7024,50.5286,10.0000,3.8000,mb,ISC,103,4,110.0830,240.8000,70.5000,primary
621741514,2021-04-18,23:52:34.24,29.7315,50.5526,10.0000,2.9000,ML,ISC,39,4,107.8591,239.6000,182.0000,primary
625419819,2021-04-18,23:56:54.30,29.7550,50.6670,10.0000,2.9000,ML,TEH,7,3,164.5686,233.1000,200.7000,primary
625419832,2021-04-19,00:11:12.50,29.7360,50.7360,10.0000,2.8000,ML,TEH,4,2,160.1208,291.7000,201.1000,primary
620346668,2021-04-19,00:50:32.46,29.7450,50.5987,25.0000,3.1000,MS,ISC,117,4,104.5233,237.0000,70.3000,primary
625419833,2021-04-19,01:13:05,29.7650,50.6040,10.0000,2.8000,ML,TEH,4,3,166.7925,236.8000,207.3000,primary
625419834,2021-04-19,01:32:10.90,29.7650,50.6460,10.0000,2.8000,ML,TEH,5,3,164.5686,234.4000,205.3000,primary
625419835,2021-04-19,01:36:38.60,29.8120,50.9370,10.0000,2.8000,ML,TEH,8,2,146.7774,216.4000,185.8000,primary
620346670,2021-04-19,01:48:26.16,29.7063,50.4713,25.0000,3.7000,MS,ISC,128,4,115.6428,244.0000,89.5000,primary
625419837,2021-04-19,01:58:42.30,29.7370,50.6990,10.0000,2.8000,ML,TEH,5,2,162.3447,231.0000,203.1000,primary
620346671,2021-04-19,02:46:03.80,29.7408,50.5199,10.0000,4.0000,mb,ISC,144,4,111.1950,241.4000,66.9000,primary
625419838,2021-04-19,02:52:25.80,29.7280,50.6950,17.5000,2.8000,ML,TEH,9,4,94.5157,231.2000,199.5000,primary
625419839,2021-04-19,03:22:03.70,29.7610,50.5000,10.0000,2.5000,ML,TEH,6,3,113.4189,242.6000,209.0000,primary
625419840,2021-04-19,03:44:27.20,29.7630,50.4590,10.0000,2.9000,ML,TEH,10,3,117.8667,244.9000,211.0000,primary
621741515,2021-04-19,04:09:19.11,29.7277,50.6685,10.0000,3.4000,ML,ISC,49,4,96.7396,232.8000,146.5000,primary
625419841,2021-04-19,04:22:19.20,29.7640,50.6800,8.2000,3.1000,ML,TEH,16,4,96.7396,232.3000,199.8000,primary
625419842,2021-04-19,05:55:03.20,29.7580,50.6760,7.5000,3.0000,ML,TEH,13,4,96.7396,232.5000,200.1000,primary
625419843,2021-04-19,06:08:03.20,29.7920,50.6070,7.6000,2.7000,ML,TEH,5,4,104.5233,236.8000,236.8000,primary
620346674,2021-04-19,06:10:38.35,29.7111,50.7369,10.0000,3.8000,mb,ISC,84,4,90.0679,228.5000,133.0000,primary
625419844,2021-04-19,06:14:13.60,29.7220,50.6930,10.0000,2.6000,ML,TEH,5,4,94.5157,231.3000,231.3000,primary
625419845,2021-04-19,06:25:58.10,29.7490,50.5920,10.0000,2.7000,ML,TEH,5,3,104.5233,237.4000,228.0000,primary
621741516,2021-04-19,06:27:57.46,29.6814,50.7471,10.0000,3.1000,ML,ISC,31,4,88.9560,227.7000,181.3000,primary
625419846,2021-04-19,06:46:26.40,29.8210,50.3040,8.1000,2.6000,ML,TEH,5,3,133.4340,253.1000,251.7000,primary
620346678,2021-04-19,07:02:21.51,29.7386,50.7339,10.0000,3.5000,mb,ISC,50,4,91.1799,228.9000,145.7000,primary
625419847,2021-04-19,07:09:49.10,29.7510,50.6250,10.0000,2.9000,ML,TEH,10,4,101.1874,235.6000,202.9000,primary
625419849,2021-04-19,08:06:19.50,29.7650,50.7390,11.9000,3.2000,ML,TEH,18,4,91.1799,228.7000,196.8000,primary
620346687,2021-04-19,10:40:18.73,29.7506,50.6302,10.0000,3.5000,mb,ISC,75,4,101.1874,235.2000,92.2000,primary
625419850,2021-04-19,10:45:11.40,29.7560,50.5770,10.0000,2.7000,ML,TEH,6,3,105.6352,238.3000,205.2000,primary
620346688,2021-04-19,10:49:59.40,29.4501,50.4449,25.0000,3.6000,mb,ISC,43,2,118.9787,294.6000,128.3000,primary
625419851,2021-04-19,11:20:21,29.7290,50.5180,10.0000,2.5000,ML,TEH,4,2,111.1950,299.4000,269.7000,primary
620346693,2021-04-19,11:42:51.12,29.7257,50.5960,10.0000,3.7000,mb,ISC,61,4,104.5233,237.0000,147.8000,primary
625419852,2021-04-19,11:54:51.70,29.7700,50.5990,10.0000,2.5000,ML,TEH,4,2,166.7925,237.2000,207.5000,primary
625419853,2021-04-19,11:59:41.20,29.7370,50.6080,13.0000,2.9000,ML,TEH,10,4,103.4113,236.4000,203.9000,primary
625419854,2021-04-19,12:25:30.10,29.7570,50.5510,10.0000,2.6000,ML,TEH,7,4,108.9711,239.7000,206.5000,primary
625419855,2021-04-19,12:51:18.10,29.7490,50.5800,10.0000,2.9000,ML,TEH,7,4,105.6352,238.1000,205.2000,primary
625419856,2021-04-19,13:07:00.10,29.7670,50.5500,10.0000,2.7000,ML,TEH,8,4,108.9711,239.9000,206.4000,primary
625419857,2021-04-19,13:25:54.50,29.7850,50.4970,10.0000,2.6000,ML,TEH,4,3,114.5309,242.9000,242.9000,primary
620346701,2021-04-19,13:56:04.20,29.7237,50.6302,10.0000,3.6000,mb,ISC,65,3,162.3447,235.1000,150.5000,primary
625419858,2021-04-19,16:08:23.50,29.7350,50.6830,10.6000,2.6000,ML,TEH,7,3,162.3447,231.9000,200.1000,primary
625419859,2021-04-19,16:12:22,29.7630,50.5460,10.2000,2.9000,ML,TEH,8,4,108.9711,240.1000,206.7000,primary
625419860,2021-04-19,16:26:56.10,29.7930,50.5570,14.0000,2.9000,ML,TEH,10,4,108.9711,239.7000,205.7000,primary
625419861,2021-04-19,17:43:16,29.8010,50.6080,5.0000,2.6000,ML,TEH,6,3,104.5233,236.9000,207.1000,primary
620346711,2021-04-19,18:02:53.14,29.7792,50.5860,10.0000,3.6000,mb,ISC,113,4,105.6352,238.0000,92.7000,primary
625419862,2021-04-19,18:09:55.40,29.8260,50.4540,8.5000,2.5000,ML,TEH,6,3,118.9787,245.6000,210.3000,primary
625419863,2021-04-19,19:35:12.80,29.7670,50.5400,10.0000,2.6000,ML,TEH,6,4,110.0830,240.4000,230.1000,primary
625419864,2021-04-19,20:19:47.30,29.7470,50.2100,10.0000,2.6000,ML,TEH,6,3,141.2176,257.1000,226.9000,primary
620345403,2021-04-19,21:32:49.12,29.7656,50.6336,10.0000,3.1000,MS,ISC,268,4,101.1874,235.1000,62.7000,primary
625419865,2021-04-19,22:17:52.90,29.7070,50.7470,10.1000,2.7000,ML,TEH,11,4,88.9560,227.9000,197.1000,primary
620346721,2021-04-19,22:30:43.37,29.7619,50.6241,10.0000,3.5000,mb,ISC,72,3,166.7925,235.6000,81.6000,primary
625419866,2021-04-19,22:58:21.10,29.7840,50.4980,10.0000,2.7000,ML,TEH,10,4,114.5309,242.9000,208.7000,primary
625419867,2021-04-19,23:32:11.80,29.9550,52.0330,5.0000,2.5000,ML,TEH,6,4,52.2616,146.5000,117.6000,primary
620346726,2021-04-19,23:47:26.30,29.8420,50.5770,5.0000,2.9000,ML,TEH,5,4,107.8591,239.0000,239.0000,primary
625419868,2021-04-19,23:48:12.87,29.7196,50.5212,10.0000,3.5000,mb,ISC,33,4,111.1950,241.3000,133.9000,primary
625419889,2021-04-20,00:28:49.40,29.7500,50.5140,16.8000,2.6000,ML,TEH,5,4,112.3070,241.8000,241.8000,primary
625419890,2021-04-20,03:32:38.20,29.7580,50.9230,10.0000,2.8000,ML,TEH,6,4,73.3887,216.8000,187.0000,primary
625419891,2021-04-20,03:47:34,29.7790,50.8460,10.0000,2.6000,ML,TEH,5,3,154.5610,222.1000,190.9000,primary
625419892,2021-04-20,03:53:07.80,29.7150,50.5540,10.0000,2.5000,ML,TEH,4,2,164.5686,239.4000,207.0000,primary
625419893,2021-04-20,03:57:15.40,29.7210,50.4790,12.9000,2.9000,ML,TEH,6,4,114.5309,243.6000,210.6000,primary
625419894,2021-04-20,04:29:26,29.7460,50.6120,10.6000,2.7000,ML,TEH,5,3,165.6805,236.2000,203.6000,primary
625419895,2021-04-20,05:18:37.90,29.7530,50.6140,8.0000,2.7000,ML,TEH,5,3,102.2994,236.2000,203.4000,primary
625419896,2021-04-20,05:44:56.10,29.7110,50.5890,7.6000,3.1000,ML,TEH,14,3,163.4566,237.4000,205.3000,primary
620350215,2021-04-20,08:36:37.21,29.6526,50.6350,25.0000,3.3000,MS,ISC,112,3,100.0755,298.9000,42.0000,primary
625419898,2021-04-20,08:46:03.30,29.7750,50.7420,16.3000,2.7000,ML,TEH,9,3,91.1799,289.4000,257.3000,primary
625419899,2021-04-20,09:12:38.20,29.7360,50.5480,9.0000,2.9000,ML,TEH,6,3,108.9711,298.3000,268.7000,primary
625419900,2021-04-20,09:59:18.50,29.9480,51.0170,28.0000,2.9000,ML,TEH,7,3,72.2767,264.4000,235.7000,primary
625419902,2021-04-20,11:16:16.50,29.7510,50.6140,14.3000,2.8000,ML,TEH,8,3,102.2994,295.5000,231.6000,primary
625419905,2021-04-20,15:02:08.50,29.7350,50.7900,10.0000,2.9000,ML,TEH,4,3,85.6201,225.3000,225.3000,primary
621741518,2021-04-20,16:58:17.39,29.8056,50.6518,22.0000,3.5000,ML,ISC,60,4,100.0755,234.4000,134.7000,primary
625419906,2021-04-20,17:14:03.50,29.8080,50.7250,10.0000,2.6000,ML,TEH,6,3,156.7849,229.9000,196.9000,primary
625419907,2021-04-20,17:18:38.20,29.7560,50.5230,10.0000,2.6000,ML,TEH,6,4,111.1950,241.3000,211.9000,primary
625419908,2021-04-20,17:30:04.70,29.8100,50.6480,10.0000,2.6000,ML,TEH,7,4,100.0755,234.6000,200.9000,primary
625419909,2021-04-20,17:38:38.50,29.7620,50.5440,10.0000,2.5000,ML,TEH,6,3,170.1283,240.2000,206.8000,primary
620350251,2021-04-20,17:55:27.84,29.6424,50.5229,10.0000,3.7000,MS,ISC,195,4,110.0830,240.9000,42.2000,primary
625419910,2021-04-20,19:49:01.70,29.6950,50.8320,10.0000,2.8000,ML,TEH,6,3,153.4491,222.4000,192.7000,primary
625419911,2021-04-20,20:08:36.30,29.7560,50.5380,9.2000,2.9000,ML,TEH,8,3,170.1283,240.6000,207.2000,primary
625419912,2021-04-20,20:21:37.60,29.7990,50.6280,10.0000,2.5000,ML,TEH,5,3,163.4566,235.7000,206.0000,primary
625419913,2021-04-20,21:16:19.50,29.7190,50.6140,10.0000,2.6000,ML,TEH,5,3,163.4566,236.0000,203.9000,primary
625419914,2021-04-20,21:27:55.20,29.9590,50.6720,7.3000,2.5000,ML,TEH,6,3,145.6654,235.1000,198.0000,primary
620350273,2021-04-20,21:32:12.86,29.7280,50.6253,10.0000,3.5000,mb,ISC,79,4,101.1874,235.4000,106.8000,primary
625419915,2021-04-20,21:51:06.80,29.7290,50.6100,10.0000,2.8000,ML,TEH,7,4,102.2994,236.2000,203.9000,primary
625419925,2021-04-21,01:15:48.30,29.9620,50.7490,10.0000,2.8000,ML,TEH,7,3,96.7396,230.5000,194.0000,primary
621741522,2021-04-21,01:26:07.90,29.8276,50.6897,22.0000,3.4000,ML,ISC,57,4,96.7396,232.3000,141.0000,primary
620351904,2021-04-21,02:40:15.31,29.7142,50.6984,25.0000,3.6000,mb,ISC,72,4,93.4038,230.9000,127.8000,primary
625419926,2021-04-21,03:02:07.20,29.7150,50.6300,11.0000,2.8000,ML,TEH,8,4,100.0755,235.0000,203.1000,primary
625419927,2021-04-21,05:05:03.40,29.9010,50.5370,20.8000,2.6000,ML,TEH,6,4,113.4189,241.9000,205.3000,primary
625419928,2021-04-21,06:19:24.30,29.7510,50.5250,10.0000,2.9000,ML,TEH,9,4,111.1950,241.2000,207.9000,primary
621741523,2021-04-21,08:00:25.47,29.6459,50.7493,25.0000,2.9000,ML,ISC,32,3,88.9560,295.9000,179.2000,primary
625419929,2021-04-21,11:58:30.20,29.8060,50.4260,8.3000,2.8000,ML,TEH,7,2,121.2026,300.0000,265.0000,primary
625419930,2021-04-21,14:51:14.10,29.7590,50.7040,10.0000,2.9000,ML,TEH,3,2,162.3447,230.8000,230.8000,primary
625419931,2021-04-21,15:11:02.80,29.6880,50.5010,9.4000,2.8000,ML,TEH,6,4,112.3070,242.3000,214.0000,primary
625419932,2021-04-21,15:32:37.10,29.7530,50.7830,9.5000,2.8000,ML,TEH,5,4,86.7321,225.9000,225.9000,primary
625419933,2021-04-21,15:53:52.50,29.7540,50.6510,10.0000,2.9000,ML,TEH,6,3,98.9635,294.0000,265.4000,primary
621741524,2021-04-21,16:14:14.97,29.7204,50.6509,10.0000,3.3000,ML,ISC,52,3,161.2327,233.8000,148.2000,primary
625419934,2021-04-21,17:01:53.10,29.7900,50.6590,18.0000,2.7000,ML,TEH,6,4,98.9635,233.7000,204.5000,primary
620351974,2021-04-21,18:01:16.00,29.7149,50.6496,10.0000,3.8000,mb,ISC,85,4,98.9635,233.9000,92.1000,primary
625419935,2021-04-21,18:11:13.20,29.7470,50.6260,10.0000,2.7000,ML,TEH,9,4,101.1874,235.4000,202.9000,primary
625419936,2021-04-21,19:51:27.50,29.7380,50.7410,10.0000,2.7000,ML,TEH,4,2,160.1208,228.4000,200.8000,primary
620351318,2021-04-21,21:39:17.49,29.7624,50.4811,10.0000,3.8000,mb,ISC,85,4,115.6428,243.6000,105.8000,primary
625419937,2021-04-21,22:37:09.30,29.7390,50.7860,10.0000,2.7000,ML,TEH,4,3,159.0088,225.6000,225.6000,primary
620351993,2021-04-21,23:00:24.83,29.8347,50.4294,10.0000,3.5000,mb,ISC,74,3,121.2026,247.0000,94.5000,primary
625419938,2021-04-21,23:29:01.80,29.8850,50.6030,10.0000,2.9000,ML,TEH,8,4,106.7472,238.0000,202.2000,primary
625419939,2021-04-21,23:49:35,29.8170,50.5760,10.0000,2.9000,ML,TEH,8,4,107.8591,238.8000,204.4000,primary
625419955,2021-04-22,01:10:13.50,29.7660,50.5050,10.0000,2.6000,ML,TEH,6,4,113.4189,242.4000,212.7000,primary
625419956,2021-04-22,03:19:49.20,29.7570,50.5460,10.0000,2.5000,ML,TEH,5,3,108.9711,240.1000,206.8000,primary
625419958,2021-04-22,10:26:48.90,29.8010,50.6650,25.9000,2.6000,ML,TEH,7,3,98.9635,291.4000,258.0000,primary
625419959,2021-04-22,11:05:23,29.8460,50.8030,8.3000,2.9000,ML,TEH,8,3,86.7321,283.2000,250.1000,primary
625419962,2021-04-22,21:49:59.50,29.7710,50.4890,13.2000,2.6000,ML,TEH,7,4,114.5309,243.3000,209.4000,primary
621741529,2021-04-22,21:53:48.23,29.7744,50.6942,10.0000,2.9000,ML,ISC,35,4,95.6277,231.5000,177.2000,primary
620351336,2021-04-23,02:11:19.78,29.7153,50.4457,10.0000,3.8000,mb,ISC,86,3,117.8667,245.4000,94.9000,primary
625419976,2021-04-23,05:23:04.70,29.7320,50.6690,10.0000,2.8000,ML,TEH,8,4,96.7396,232.8000,200.8000,primary
625419977,2021-04-23,14:50:04,29.7270,50.6040,8.0000,2.6000,ML,TEH,5,3,103.4113,236.6000,208.2000,primary
625419978,2021-04-23,15:04:06,29.4280,52.1720,6.6000,2.7000,ML,TEH,5,4,41.1421,162.9000,162.9000,primary
625419980,2021-04-23,17:51:54,29.7330,50.6280,10.0000,2.6000,ML,TEH,5,3,163.4566,235.2000,202.9000,primary
625419982,2021-04-23,22:43:22,29.7610,50.6040,10.0000,2.8000,ML,TEH,7,4,103.4113,236.8000,203.8000,primary
625419983,2021-04-23,23:45:42,29.7310,50.6360,10.0000,2.5000,ML,TEH,7,4,100.0755,234.7000,202.6000,primary
621741530,2021-04-23,23:55:04.58,29.7901,50.5667,22.0000,2.9000,ML,ISC,36,4,107.8591,239.2000,181.6000,primary
625420003,2021-04-24,01:11:28,29.8450,50.6480,10.0000,2.9000,ML,TEH,8,4,101.1874,235.0000,200.5000,primary
625420004,2021-04-24,02:05:57.60,29.6980,50.6670,6.0000,2.5000,ML,TEH,4,2,159.0088,232.7000,201.5000,primary
625420005,2021-04-24,02:08:48.70,29.7610,50.6280,10.0000,2.8000,ML,TEH,6,3,166.7925,235.4000,202.5000,primary
625420007,2021-04-24,07:31:51.30,29.7750,50.6430,7.9000,3.1000,ML,TEH,14,3,100.0755,293.4000,260.4000,primary
625420008,2021-04-24,08:05:41,29.8380,50.7610,24.8000,2.5000,ML,TEH,6,3,90.0679,285.6000,256.2000,primary
625420010,2021-04-24,08:40:41.80,29.9720,50.8910,26.1000,2.8000,ML,TEH,10,3,84.5082,272.3000,237.3000,primary
625420011,2021-04-24,12:19:47,29.7880,50.7540,10.0000,2.7000,ML,TEH,7,3,90.0679,288.4000,259.9000,primary
620354332,2021-04-24,20:55:56.89,29.8094,50.6331,10.0000,3.6000,mb,ISC,39,4,102.2994,235.5000,128.6000,primary
625420016,2021-04-24,22:26:37.90,29.7210,50.5580,10.0000,2.7000,ML,TEH,3,2,165.6805,239.2000,239.2000,primary
625420017,2021-04-24,23:13:21.30,29.8360,50.7130,10.0000,2.8000,ML,TEH,7,3,154.5610,231.0000,197.2000,primary
625420033,2021-04-25,03:34:31.50,29.7560,50.5700,10.0000,2.5000,ML,TEH,5,3,106.7472,238.7000,220.9000,primary
625420034,2021-04-25,06:10:05.50,29.8570,50.8650,10.0000,2.7000,ML,TEH,10,4,81.1723,221.7000,189.1000,primary
625420035,2021-04-25,06:45:19.60,29.8540,50.6300,7.5000,2.8000,ML,TEH,12,4,103.4113,236.1000,201.2000,primary
625420037,2021-04-25,07:04:53,29.9370,50.6490,13.7000,2.8000,ML,TEH,10,3,104.5233,287.2000,250.5000,primary
625420039,2021-04-25,18:40:08.10,29.7850,50.4770,12.0000,2.8000,ML,TEH,9,4,115.6428,244.0000,209.8000,primary
625420041,2021-04-25,21:00:21.70,29.7630,50.6660,10.0000,2.5000,ML,TEH,9,4,97.8516,233.2000,200.6000,primary
625420051,2021-04-26,03:21:15.60,29.7730,50.5470,11.1000,2.9000,ML,TEH,8,3,108.9711,298.0000,206.5000,primary
625420052,2021-04-26,06:59:27.40,27.4990,52.5080,10.0000,2.8000,ML,TEH,4,4,66.7170,203.2000,203.2000,primary
625420053,2021-04-26,15:32:09.90,29.7560,50.6760,8.4000,3.0000,ML,TEH,12,4,96.7396,232.6000,200.2000,primary
625420054,2021-04-26,15:44:24.80,29.7460,50.5110,10.0000,2.8000,ML,TEH,6,3,170.1283,241.9000,208.6000,primary
625420056,2021-04-26,16:31:31.10,29.7130,50.6990,10.0000,2.8000,ML,TEH,7,3,159.0088,230.9000,199.6000,primary
625420085,2021-04-27,04:00:09,29.7510,50.5680,16.5000,2.7000,ML,TEH,5,3,106.7472,238.8000,229.0000,primary
620360820,2021-04-27,09:49:31.15,29.7572,50.4282,10.0000,3.9000,mb,ISC,63,3,120.0906,246.5000,118.9000,primary
625420090,2021-04-27,20:24:42.10,29.4800,52.3590,12.0000,2.5000,ML,TEH,4,4,23.3509,181.3000,181.3000,primary
620360867,2021-04-27,21:58:01.52,29.7712,50.6337,10.0000,3.5000,mb,ISC,70,4,101.1874,235.1000,103.6000,primary
625420110,2021-04-28,00:01:49.70,29.7740,50.6970,10.0000,2.8000,ML,TEH,5,3,161.2327,231.4000,202.8000,primary
625420111,2021-04-28,01:47:45.50,29.7950,50.7720,10.0000,2.6000,ML,TEH,3,2,155.6730,227.0000,227.0000,primary
620364203,2021-04-28,07:20:07.62,29.8061,50.5486,10.0000,3.5000,mb,ISC,41,3,166.7925,240.3000,160.5000,primary
625420114,2021-04-28,14:40:27.10,29.7740,50.5020,10.0000,2.8000,ML,TEH,5,4,113.4189,242.6000,242.6000,primary
620351474,2021-04-28,19:05:53.30,29.7520,50.7410,10.0000,2.8000,ML,TEH,9,4,90.0679,228.5000,196.8000,primary
625420115,2021-04-28,19:06:56.48,29.7074,50.4713,25.0000,3.6000,mb,ISC,43,4,115.6428,244.0000,132.8000,primary
625420117,2021-04-28,19:39:20.30,29.7590,50.5250,19.5000,2.6000,ML,TEH,12,4,111.1950,241.3000,207.8000,primary
625420118,2021-04-28,23:56:15.70,29.8590,50.4870,12.1000,2.5000,ML,TEH,8,4,116.7548,244.1000,212.5000,primary
625420147,2021-04-29,04:37:37.30,29.7660,50.6950,8.0000,2.8000,ML,TEH,11,4,94.5157,231.4000,199.0000,primary
625420149,2021-04-29,15:26:22,29.1850,52.2970,19.2000,2.5000,ML,TEH,5,3,54.4855,205.7000,205.7000,primary
625420150,2021-04-29,18:59:10.80,29.7140,50.6390,7.0000,2.9000,ML,TEH,6,3,161.2327,234.4000,202.6000,primary
625420153,2021-04-29,23:07:02.40,29.5660,52.1560,6.0000,2.6000,ML,TEH,5,4,35.5824,137.1000,137.1000,primary
625420167,2021-04-30,01:11:53.20,29.7130,51.3640,5.6000,2.8000,ML,TEH,13,4,31.1346,184.7000,162.8000,primary
625420168,2021-04-30,13:08:37.30,29.7310,50.5960,8.3000,2.7000,ML,TEH,4,2,164.5686,237.1000,208.1000,primary
625420169,2021-04-30,14:35:44.50,28.6130,52.0140,28.0000,2.9000,ML,TEH,4,4,78.9484,155.5000,155.5000,primary
620376353,2021-05-01,19:11:51.35,29.7173,50.6044,10.0000,3.5000,mb,ISC,55,4,103.4113,236.5000,92.8000,primary
621741540,2021-05-01,21:28:10.04,29.7188,50.7284,25.0000,3.2000,ML,ISC,40,4,91.1799,229.0000,176.1000,primary
621741541,2021-05-01,23:02:52.80,29.6570,50.7443,25.0000,2.9000,ML,ISC,34,4,88.9560,227.7000,175.6000,primary
625420195,2021-05-02,21:28:52.60,29.7640,50.7110,10.0000,2.9000,ML,TEH,8,4,93.4038,230.4000,198.2000,primary
620376419,2021-05-02,21:33:20.16,29.6717,50.5522,25.0000,3.7000,mb,ISC,55,4,107.8591,239.4000,101.1000,primary
625420212,2021-05-03,00:48:34.40,29.7480,50.7370,9.2000,2.6000,ML,TEH,8,3,91.1799,228.8000,197.1000,primary
625420217,2021-05-03,15:29:24.50,29.7250,50.7520,10.0000,2.7000,ML,TEH,3,2,159.0088,227.7000,227.7000,primary
625420218,2021-05-03,17:55:15.40,29.8160,50.7060,9.3000,2.9000,ML,TEH,8,4,95.6277,231.3000,201.8000,primary
625420219,2021-05-03,18:29:58.90,29.7980,50.4270,18.7000,2.8000,ML,TEH,7,3,121.2026,246.7000,215.0000,primary
625420220,2021-05-03,18:41:31.50,29.8100,50.5550,10.0000,2.8000,ML,TEH,6,4,108.9711,239.9000,209.6000,primary
625420234,2021-05-04,08:11:28.70,29.7100,50.6220,10.0000,2.5000,ML,TEH,4,2,161.2327,235.5000,207.2000,primary
625420235,2021-05-04,18:53:23.30,29.7320,50.5840,10.0000,2.8000,ML,TEH,6,3,105.6352,237.8000,205.2000,primary
625420236,2021-05-04,21:11:11.20,29.7450,50.4830,19.0000,2.8000,ML,TEH,9,3,114.5309,300.0000,266.6000,primary
625420251,2021-05-05,15:15:24.40,29.7700,50.6390,6.8000,2.8000,ML,TEH,9,4,100.0755,234.8000,201.8000,primary
625420257,2021-05-05,23:33:33,29.7440,50.6930,7.7000,2.6000,ML,TEH,6,4,94.5157,231.4000,199.5000,primary
625420277,2021-05-06,01:21:23.70,29.7590,50.6840,10.0000,2.7000,ML,TEH,14,4,95.6277,232.1000,199.7000,primary
625420278,2021-05-06,11:43:01.50,29.7760,50.5880,10.0000,2.9000,ML,TEH,5,4,105.6352,237.8000,237.8000,primary
625420279,2021-05-06,16:53:20.10,29.7230,50.7150,10.0000,2.8000,ML,TEH,4,3,160.1208,229.9000,229.9000,primary
625420280,2021-05-06,19:42:28.10,29.7720,50.6680,10.0000,2.7000,ML,TEH,3,2,163.4566,233.1000,233.1000,primary
620356704,2021-05-07,12:44:50.43,29.6953,50.5477,25.0000,4.4000,mb,ISC,222,4,107.8591,239.6000,55.8000,primary
625420295,2021-05-07,13:05:59.90,29.7450,50.5840,10.0000,2.7000,ML,TEH,5,4,105.6352,237.8000,237.8000,primary
625420302,2021-05-08,01:56:29.50,29.8010,50.2520,13.5000,2.6000,ML,TEH,7,3,137.8818,255.5000,222.5000,primary
625420303,2021-05-08,06:49:37.50,29.7500,50.4520,6.9000,2.7000,ML,TEH,6,3,117.8667,245.2000,245.2000,primary
625420305,2021-05-08,13:12:46.30,29.6880,50.5930,10.0000,2.5000,ML,TEH,5,3,103.4113,237.0000,205.4000,primary
625420306,2021-05-08,20:40:25.70,29.7370,50.5940,8.0000,2.5000,ML,TEH,6,4,104.5233,237.2000,204.6000,primary
620357284,2021-05-08,21:46:43.42,29.7738,50.6584,22.0000,4.1000,mb,ISC,138,4,98.9635,233.7000,49.6000,primary
625420307,2021-05-08,23:18:38.40,29.7450,50.6240,10.0000,2.8000,ML,TEH,9,4,101.1874,235.6000,203.0000,primary
625420316,2021-05-09,00:19:48.30,29.7230,50.6250,8.1000,3.2000,ML,TEH,15,4,101.1874,235.4000,172.5000,primary
625420317,2021-05-09,00:41:15.20,29.7400,50.6120,10.0000,2.6000,ML,TEH,5,3,102.2994,236.2000,216.9000,primary
620437767,2021-05-09,09:21:07.18,29.7022,50.5999,10.0000,3.8000,mb,ISC,72,4,103.4113,236.7000,79.9000,primary
621741550,2021-05-10,01:23:34.65,29.7902,50.7388,10.0000,2.8000,ML,ISC,24,3,72.2767,176.2000,143.6000,primary
625420334,2021-05-10,05:35:31.20,29.7080,50.6320,8.0000,2.7000,ML,TEH,6,5,58.9333,180.7000,180.7000,primary
625420336,2021-05-10,09:14:11.30,29.7530,50.6430,11.5000,2.5000,ML,TEH,8,5,63.3811,182.9000,150.3000,primary
625420337,2021-05-10,09:31:18.10,29.7430,50.6160,17.0000,2.7000,ML,TEH,7,4,61.1572,185.0000,152.5000,primary
625420340,2021-05-10,20:54:35.70,29.7400,50.5510,12.0000,2.5000,ML,TEH,8,4,58.9333,192.0000,159.0000,primary
625420357,2021-05-11,04:44:34.30,29.7840,50.5820,8.0000,2.8000,ML,TEH,6,4,64.4931,191.3000,171.2000,primary
620442301,2021-05-12,03:34:04.58,29.7507,50.5731,22.0000,3.6000,mb,ISC,60,5,60.0453,190.1000,56.0000,primary
620442360,2021-05-12,16:11:42.29,29.7491,50.6098,25.0000,4.1000,mb,ISC,112,5,62.2692,186.1000,65.8000,primary
620363942,2021-05-12,16:26:16.11,29.7368,50.6637,11.9000,4.5000,mb,ISC,320,5,63.3811,179.6000,28.1000,primary
625420377,2021-05-12,16:54:34.60,29.7600,50.5680,6.9000,2.9000,ML,TEH,5,4,61.1572,191.4000,191.4000,primary
625420378,2021-05-12,17:46:52.90,29.7410,50.8650,10.0000,2.7000,ML,TEH,4,2,156.7849,220.5000,215.6000,primary
625420379,2021-05-12,21:35:17.30,29.7220,50.6660,10.0000,2.6000,ML,TEH,6,5,62.2692,178.2000,178.2000,primary
620442379,2021-05-12,23:00:52.97,29.8364,50.6936,10.0000,3.6000,mb,ISC,70,5,74.5006,183.6000,100.0000,primary
625420413,2021-05-13,00:48:53.20,29.7420,50.7460,10.0000,2.7000,ML,TEH,3,2,161.2327,228.2000,228.2000,primary
625420414,2021-05-13,05:38:32.20,29.7700,50.4410,14.3000,2.5000,ML,TEH,7,4,58.9333,206.3000,194.6000,primary
625420415,2021-05-13,13:05:55.50,29.7380,50.5820,11.0000,2.9000,ML,TEH,9,5,60.0453,188.3000,155.6000,primary
625420416,2021-05-13,13:15:12.20,29.7420,50.5310,10.2000,2.6000,ML,TEH,7,5,57.8214,194.3000,165.2000,primary
625420430,2021-05-14,22:41:37,29.7410,50.6720,10.0000,2.5000,ML,TEH,5,4,96.7396,232.7000,232.7000,primary
625420450,2021-05-15,05:40:12.10,29.7440,50.5690,10.0000,2.8000,ML,TEH,7,4,60.0453,190.2000,170.6000,primary
625420467,2021-05-16,06:34:35.30,29.8780,50.6280,10.0000,2.9000,ML,TEH,6,4,104.5233,236.5000,201.1000,primary
621741559,2021-05-16,15:24:34.75,28.2997,52.2589,16.0000,3.3000,MS,ISC,66,5,97.8516,134.5000,60.3000,primary
620377066,2021-05-16,17:32:49.15,27.7988,52.1473,14.7000,3.5000,MS,ISC,422,3,106.7472,189.2000,40.3000,primary
620445247,2021-05-17,05:40:01.80,29.7382,50.6447,10.0000,4.1000,mb,ISC,109,5,62.2692,181.7000,46.8000,primary
625420488,2021-05-17,18:51:20.70,29.7340,50.5790,10.0000,2.6000,ML,TEH,7,3,105.6352,238.0000,205.4000,primary
625420490,2021-05-17,20:50:51.10,28.6600,52.1980,7.0000,2.5000,ML,TEH,5,3,97.8516,234.8000,234.8000,primary
625420562,2021-05-20,03:32:42.80,29.7110,50.6450,10.0000,2.7000,ML,TEH,5,3,161.2327,234.1000,202.4000,primary
620489199,2021-05-20,06:21:21.67,27.8194,52.2016,10.0000,3.9000,mb,ISC,56,3,108.9711,184.3000,80.2000,primary
620435997,2021-05-21,11:52:17.22,29.7592,50.5121,10.3000,4.2000,MS,ISC,680,5,58.9333,197.5000,26.6000,primary
620505212,2021-05-21,23:09:16.31,29.6704,50.6343,25.0000,3.6000,mb,ISC,52,4,55.5975,177.5000,92.1000,primary
625420599,2021-05-22,06:06:50.50,29.7350,50.4840,11.5000,2.7000,ML,TEH,8,3,55.5975,199.5000,166.2000,primary
625420600,2021-05-22,06:09:23.20,29.7910,50.5470,16.1000,2.9000,ML,TEH,5,5,63.3811,195.5000,195.5000,primary
621741566,2021-05-22,13:48:40.26,29.6529,50.7672,10.0000,3.3000,mb,OMAN,18,0,421.4290,360.0000,302.0000,primary
625420604,2021-05-22,18:39:43.50,29.7840,50.4100,9.4000,2.7000,ML,TEH,6,4,60.0453,210.5000,210.5000,primary
625420621,2021-05-23,08:08:46.20,29.7300,50.5560,10.0000,2.7000,ML,TEH,4,3,57.8214,190.7000,190.7000,primary
620488968,2021-05-23,09:38:50.06,29.7899,50.5509,22.0000,4.2000,MS,ISC,107,5,63.3811,195.0000,47.4000,primary
625420622,2021-05-23,10:36:23.90,29.8230,50.6630,8.4000,2.8000,ML,TEH,7,4,71.1648,185.6000,155.7000,primary
625420641,2021-05-24,15:57:23.90,27.2620,52.2320,16.0000,2.8000,ML,TEH,5,2,92.2918,237.6000,237.6000,primary
625420661,2021-05-25,03:02:05.10,28.9430,52.2790,23.1000,2.9000,ML,TEH,8,3,81.1723,210.6000,210.6000,primary
625420662,2021-05-25,14:21:06.90,29.0380,52.3530,8.8000,2.7000,ML,TEH,7,2,68.9409,300.6000,274.4000,primary
620507383,2021-05-25,16:22:16.25,29.3494,52.0349,10.0000,4.1000,mb,ISC,131,4,46.7019,211.9000,32.1000,primary
625420682,2021-05-26,16:52:11.70,29.7150,50.6550,12.0000,2.7000,ML,TEH,11,4,61.1572,178.8000,147.1000,primary
625420697,2021-05-27,13:30:41.60,29.7270,50.6850,10.0000,2.9000,ML,TEH,4,2,161.2327,231.8000,203.9000,primary
625420717,2021-05-28,19:04:29.60,27.4680,52.1650,15.8000,2.9000,ML,TEH,5,2,100.0755,312.2000,254.2000,primary
620510570,2021-05-28,19:38:54.22,29.7001,50.6415,10.0000,3.6000,mb,ISC,65,3,98.9635,296.7000,70.1000,primary
620445306,2021-05-28,20:35:50.88,29.7431,50.5674,15.8000,4.3000,MS,ISC,701,3,106.7472,297.3000,17.0000,primary
621741577,2021-05-28,22:12:10.98,29.8537,50.6037,10.0000,2.9000,ML,ISC,31,3,105.6352,291.9000,180.4000,primary
625420739,2021-05-29,00:31:40.70,29.8360,50.7090,7.4000,2.7000,ML,TEH,11,3,95.6277,288.1000,254.3000,primary
620488989,2021-05-29,00:55:02.46,29.7999,50.5746,10.0000,4.0000,mb,ISC,120,3,106.7472,295.0000,43.6000,primary
625420740,2021-05-29,01:19:29.70,29.9040,50.6630,10.3000,2.7000,ML,TEH,8,3,102.2994,287.7000,251.9000,primary
620510595,2021-05-29,01:21:11.13,29.7620,50.6447,10.0000,3.4000,mb,ISC,61,3,100.0755,293.8000,79.3000,primary
620488990,2021-05-29,01:48:16.29,29.6711,50.5259,25.0000,4.6000,MS,ISC,113,3,110.0830,301.3000,43.4000,primary
625420741,2021-05-29,01:57:26.60,29.9970,50.4680,11.1000,2.5000,ML,TEH,4,2,123.4265,293.6000,258.8000,primary
625420742,2021-05-29,02:00:27.20,29.6940,50.6820,10.0000,2.7000,ML,TEH,4,2,170.1283,299.4000,272.1000,primary
620488991,2021-05-29,02:11:06.07,29.6779,50.5336,10.0000,3.9000,mb,ISC,91,3,108.9711,300.8000,56.3000,primary
620445324,2021-05-29,02:12:55.07,29.5982,50.5768,21.8000,3.9000,MS,ISC,442,3,104.5233,302.9000,39.7000,primary
620488992,2021-05-29,02:17:18.53,29.7105,50.5329,14.1000,4.4000,mb,ISC,138,3,110.0830,299.6000,40.4000,primary
625420743,2021-05-29,02:29:10.80,29.8430,50.8050,19.7000,2.7000,ML,TEH,12,3,86.7321,283.2000,250.3000,primary
625420744,2021-05-29,02:38:27.80,29.1810,50.4690,10.0000,2.6000,ML,TEH,5,1,125.6503,360.0000,288.0000,primary
625420745,2021-05-29,02:57:47.20,29.7990,50.6500,23.7000,2.7000,ML,TEH,11,3,100.0755,292.1000,258.6000,primary
625420746,2021-05-29,03:28:23.60,29.9630,50.7630,9.0000,2.8000,ML,TEH,7,2,95.6277,280.5000,244.1000,primary
625420747,2021-05-29,03:59:22.60,29.8740,50.7330,13.7000,2.9000,ML,TEH,10,3,94.5157,285.5000,251.0000,primary
621741578,2021-05-29,04:05:33.06,29.7065,50.6752,10.0000,3.5000,ML,ISC,49,3,95.6277,295.2000,106.9000,primary
625420748,2021-05-29,05:26:02.30,29.7680,50.6460,26.4000,2.9000,ML,TEH,10,3,100.0755,293.5000,260.7000,primary
625420749,2021-05-29,06:17:13.30,29.8470,50.6940,16.2000,2.7000,ML,TEH,12,3,96.7396,288.3000,254.1000,primary
621741579,2021-05-29,09:10:12.93,29.7452,50.7455,10.0000,3.1000,ML,ISC,31,3,90.0679,290.7000,146.0000,primary
625420752,2021-05-29,10:32:16.60,29.8530,50.6310,7.4000,3.1000,ML,TEH,16,2,157.8969,298.6000,232.3000,primary
620510622,2021-05-29,12:09:51.50,29.7328,50.6524,10.0000,3.8000,mb,ISC,57,3,98.9635,294.8000,42.9000,primary
625420753,2021-05-29,16:00:23.80,29.7290,50.6510,9.3000,3.1000,ML,TEH,15,3,98.9635,295.1000,263.1000,primary
620445567,2021-05-29,23:02:52.16,29.7187,50.5809,25.0000,4.1000,mb,ISC,173,2,105.6352,297.9000,40.3000,primary
625420757,2021-05-29,23:15:22.30,29.9550,50.6750,10.0000,2.8000,ML,TEH,9,2,102.2994,285.4000,248.4000,primary
625420797,2021-05-31,16:15:58.40,29.7110,50.5380,16.6000,2.7000,ML,TEH,6,2,108.9711,299.5000,270.3000,primary
625420799,2021-05-31,19:38:37.40,29.7400,50.6290,10.0000,2.8000,ML,TEH,8,4,62.2692,183.4000,151.0000,primary
620513261,2021-06-01,00:22:10.79,29.8844,50.6810,10.0000,3.7000,mb,ISC,38,4,77.8365,187.8000,99.7000,primary
625420822,2021-06-01,23:38:42.10,29.9390,50.7410,8.2000,2.9000,ML,TEH,10,3,95.6277,282.5000,246.5000,primary
625420876,2021-06-03,22:00:38.50,29.7040,50.5620,10.0000,2.7000,ML,TEH,8,4,55.5975,188.2000,156.1000,primary
621741609,2021-06-04,02:12:06.66,29.8470,50.6745,10.0000,2.8000,ML,ISC,31,4,74.5006,186.1000,151.7000,primary
625420900,2021-06-04,02:58:57.60,27.2750,52.3930,13.1000,2.8000,ML,TEH,5,2,76.7245,315.8000,265.0000,primary
625420901,2021-06-04,03:08:00.60,29.8890,50.7790,10.1000,2.8000,ML,TEH,9,3,91.1799,282.5000,248.1000,primary
621741610,2021-06-04,05:04:46.35,29.6862,50.6520,25.0000,2.7000,ML,ISC,41,4,57.8214,176.9000,145.8000,primary
625420934,2021-06-05,12:16:42.50,29.3940,52.8940,6.0000,2.9000,ML,TEH,8,3,45.5899,199.0000,136.0000,primary
625420935,2021-06-05,17:21:23.10,29.9760,51.9920,8.0000,2.9000,ML,TEH,4,3,51.1497,144.6000,123.1000,primary
625420958,2021-06-06,17:57:57.80,29.9140,50.6500,21.6000,2.9000,ML,TEH,7,3,103.4113,287.9000,251.7000,primary
625420971,2021-06-07,03:00:34.70,29.8090,50.5640,10.0000,2.6000,ML,TEH,8,3,107.8591,295.1000,264.8000,primary
625420973,2021-06-07,18:30:03.70,29.7700,50.5700,7.5000,2.9000,ML,TEH,9,4,62.2692,191.7000,158.3000,primary
625421022,2021-06-09,09:46:00.10,29.7460,50.6590,10.0000,2.9000,ML,TEH,4,4,63.3811,180.7000,180.7000,primary
620534773,2021-06-09,12:20:32.32,29.7797,52.1621,8.0000,3.8000,mb,ISC,32,4,37.8063,135.9000,82.5000,primary
621741651,2021-06-10,08:22:20.21,29.6208,52.1978,10.0000,2.9000,ML,ISC,22,3,31.1346,183.6000,72.7000,primary
625421045,2021-06-10,08:24:31.50,29.5260,52.1970,8.3000,2.6000,ML,TEH,4,3,33.3585,213.4000,213.4000,primary
625421075,2021-06-11,01:18:35.90,29.7270,50.5840,10.0000,2.6000,ML,TEH,6,3,58.9333,187.3000,154.9000,primary
620554820,2021-06-12,02:16:10.80,29.2853,51.3820,20.0000,3.8000,mb,ISC,115,4,45.5899,198.5000,65.5000,primary
625421096,2021-06-12,21:59:57.90,28.6390,51.4570,22.9000,2.7000,ML,TEH,7,2,110.0830,327.9000,318.6000,primary
620554873,2021-06-13,02:27:25.86,29.7542,50.5772,22.0000,4.0000,mb,ISC,93,4,61.1572,190.0000,43.3000,primary
625421134,2021-06-14,03:50:35.10,29.8460,50.6340,9.1000,3.0000,ML,TEH,9,2,102.2994,291.0000,256.3000,primary
625421135,2021-06-14,04:23:06.50,29.8520,50.6170,10.0000,2.7000,ML,TEH,8,3,72.2767,191.9000,157.0000,primary
625421139,2021-06-14,13:03:57.10,29.8080,50.6840,7.7000,3.4000,ML,TEH,17,4,71.1648,182.6000,149.2000,primary
621741683,2021-06-14,23:04:35.77,29.6057,50.6514,25.0000,3.3000,ML,ISC,44,4,51.1497,169.8000,109.0000,primary
625421181,2021-06-16,19:48:13.30,29.8210,50.7140,18.3000,2.8000,ML,TEH,5,2,94.5157,288.5000,255.1000,primary
625421183,2021-06-16,21:30:58.20,28.1540,51.6130,21.6000,2.8000,ML,TEH,8,4,161.2327,241.5000,230.5000,primary
625421245,2021-06-19,00:40:59.60,29.5090,52.1420,8.7000,2.9000,ML,TEH,11,4,38.9182,155.8000,155.8000,primary
625421246,2021-06-19,02:50:38.50,29.6980,50.5700,25.4000,2.9000,ML,TEH,10,4,55.5975,186.9000,154.9000,primary
620676454,2021-06-20,00:03:25.32,27.9814,52.1125,26.0000,4.0000,mb,ISC,99,4,125.6503,222.2000,30.1000,primary
625421263,2021-06-20,03:41:50.60,29.8960,50.6010,10.0000,2.6000,ML,TEH,5,3,76.7245,195.9000,159.9000,primary
625421325,2021-06-23,14:38:23.80,29.7300,50.5730,10.0000,2.8000,ML,TEH,8,4,58.9333,188.8000,156.2000,primary
625421482,2021-06-30,15:44:42.70,29.7730,50.5130,10.0000,2.8000,ML,TEH,6,4,61.1572,198.2000,187.4000,primary
625421483,2021-06-30,20:18:14.80,29.3470,52.0520,9.7000,2.5000,ML,TEH,5,3,47.8138,254.3000,254.3000,primary
625421668,2021-07-08,09:37:21.60,29.5350,51.7440,6.0000,2.7000,ML,TEH,8,4,11.1195,176.9000,176.9000,primary
620928236,2021-07-09,07:13:03.81,29.7719,50.5305,10.0000,3.6000,mb,ISC,64,4,61.1572,196.2000,84.8000,primary
625421697,2021-07-09,19:54:01.40,29.5000,52.1250,5.0000,2.9000,ML,TEH,10,3,41.1421,215.5000,178.9000,primary
621741908,2021-07-13,00:01:24.64,29.7087,50.7420,10.0000,2.7000,ML,ISC,42,4,65.6050,169.8000,138.9000,primary
620805836,2021-07-13,11:11:51.60,29.8508,50.8787,8.6000,4.1000,MS,ISC,719,2,80.0604,348.9000,17.4000,primary
625421787,2021-07-13,11:37:48,29.8550,50.9140,13.4000,3.4000,ML,TEH,21,4,76.7245,165.5000,112.5000,primary
625421788,2021-07-13,11:41:32.10,29.9300,50.9320,10.0000,2.9000,ML,TEH,10,4,78.9484,169.0000,135.6000,primary
625421791,2021-07-13,16:51:49.60,29.9190,51.0510,10.0000,2.8000,ML,TEH,5,2,102.2994,201.2000,193.4000,primary
625421814,2021-07-14,10:43:03.80,29.7850,51.7600,10.0000,2.5000,ML,TEH,3,2,74.5006,251.2000,251.2000,primary
625421815,2021-07-14,16:08:13.10,29.5370,51.4420,12.0000,2.8000,ML,TEH,7,4,23.3509,171.0000,171.0000,primary
625421842,2021-07-15,02:52:53.50,29.7210,50.6640,10.0000,2.8000,ML,TEH,7,3,62.2692,178.4000,150.3000,primary
625421867,2021-07-16,03:10:34.70,29.6620,50.6730,10.0000,2.7000,ML,TEH,8,4,56.7094,172.6000,142.1000,primary
620833378,2021-07-18,14:34:20.18,29.6598,51.1549,19.0000,5.0000,MS,ISC,1301,3,48.9258,279.7000,19.4000,primary
620928821,2021-07-18,14:50:34.24,29.5582,50.9568,24.0000,3.6000,mb,ISC,24,2,151.2252,294.6000,175.0000,primary
625421898,2021-07-18,14:53:16.10,29.7780,51.3280,9.8000,2.9000,ML,TEH,7,3,36.6944,251.1000,230.8000,primary
620833380,2021-07-18,14:54:28.86,29.5970,51.0385,10.0000,4.3000,mb,ISC,127,3,60.0453,290.5000,79.3000,primary
625421899,2021-07-18,14:57:52.10,29.7620,51.2470,10.0000,2.9000,ML,TEH,6,4,43.3661,135.0000,135.0000,primary
620833383,2021-07-18,15:08:42.06,29.6620,51.1013,10.0000,4.3000,mb,ISC,164,3,54.4855,281.8000,37.5000,primary
625421900,2021-07-18,15:16:42.20,29.7920,51.2080,8.0000,2.7000,ML,TEH,9,4,47.8138,139.5000,121.5000,primary
620928824,2021-07-18,15:20:02.37,29.6906,51.1271,24.0000,3.4000,mb,ISC,37,3,52.2616,277.6000,77.9000,primary
620928826,2021-07-18,15:26:59.73,29.6846,51.1247,10.0000,4.3000,mb,ISC,141,3,52.2616,278.3000,40.5000,primary
625421901,2021-07-18,15:31:31,29.7920,51.1540,5.0000,2.9000,ML,TEH,5,3,53.3736,265.3000,265.3000,primary
625421902,2021-07-18,15:46:45.10,29.6630,51.0370,7.0000,2.9000,ML,TEH,6,3,61.1572,284.5000,269.7000,primary
625421903,2021-07-18,15:48:53.50,29.7760,51.1790,5.0000,2.9000,ML,TEH,4,3,50.0377,265.1000,265.1000,primary
625421904,2021-07-18,16:02:44.10,29.6590,51.1230,9.0000,3.3000,ML,TEH,17,3,52.2616,281.2000,219.1000,primary
625421905,2021-07-18,16:09:07.90,29.9120,51.3750,8.2000,2.5000,ML,TEH,4,3,43.3661,229.7000,229.7000,primary
625421906,2021-07-18,16:28:39.20,29.7630,51.2020,5.0000,2.8000,ML,TEH,5,3,47.8138,264.7000,264.7000,primary
625421907,2021-07-18,16:30:12.70,29.7280,51.1340,10.0000,2.9000,ML,TEH,7,3,52.2616,217.0000,132.9000,primary
625421908,2021-07-18,16:32:20.50,29.7460,51.2130,8.0000,2.8000,ML,TEH,8,4,45.5899,136.3000,129.5000,primary
625421909,2021-07-18,16:36:42.30,29.7550,51.2130,10.0000,2.6000,ML,TEH,6,3,46.7019,264.8000,239.6000,primary
625421912,2021-07-18,16:37:16.40,29.8090,51.1870,8.6000,2.8000,ML,TEH,8,4,51.1497,142.0000,119.0000,primary
625421913,2021-07-18,16:50:29.20,29.7680,51.1040,8.0000,2.6000,ML,TEH,8,4,56.7094,145.1000,126.1000,primary
625421915,2021-07-18,17:25:33.80,29.7760,51.2110,10.0000,2.7000,ML,TEH,8,4,46.7019,138.3000,124.2000,primary
625421916,2021-07-18,17:29:22,29.7660,51.1830,12.4000,2.8000,ML,TEH,12,4,48.9258,139.5000,126.3000,primary
620833393,2021-07-18,17:32:32.90,29.6260,51.1429,10.0000,3.3000,MS,ISC,185,2,50.0377,357.4000,37.2000,primary
625421917,2021-07-18,19:49:52.40,29.6980,50.9940,10.1000,2.6000,ML,TEH,6,3,65.6050,283.3000,255.6000,primary
625421918,2021-07-18,20:09:28.10,29.7630,51.1800,10.0000,2.5000,ML,TEH,8,4,50.0377,139.5000,126.9000,primary
620928843,2021-07-18,20:43:43.34,29.7346,51.2173,10.0000,3.9000,mb,ISC,76,3,45.5899,266.9000,79.8000,primary
625421919,2021-07-18,20:46:25.10,29.6840,51.2170,10.0000,2.6000,ML,TEH,8,4,43.3661,141.4000,141.4000,primary
620833404,2021-07-18,21:31:19.87,27.9280,52.0480,10.8000,4.3000,mb,ISC,201,4,127.8742,228.4000,24.9000,primary
625421920,2021-07-18,21:44:58.90,29.7130,51.2180,10.0000,2.5000,ML,TEH,7,4,44.4780,135.7000,135.7000,primary
625421921,2021-07-18,21:49:38.30,29.8020,51.2010,10.0000,2.6000,ML,TEH,6,3,48.9258,260.5000,234.3000,primary
620928851,2021-07-19,00:12:10.35,29.9027,51.2172,22.0000,3.4000,mb,ISC,17,3,53.3736,231.9000,104.2000,primary
625421937,2021-07-19,03:36:03.80,29.7970,51.0900,10.0000,2.5000,ML,TEH,4,4,58.9333,148.0000,148.0000,primary
625421939,2021-07-19,08:49:54.30,29.7510,51.2120,10.1000,2.9000,ML,TEH,9,4,45.5899,136.7000,128.6000,primary
625421941,2021-07-19,20:32:31.60,29.6450,51.2120,10.0000,2.6000,ML,TEH,6,4,43.3661,149.2000,149.2000,primary
620961570,2021-07-20,03:12:53.15,29.7114,51.2181,10.0000,4.1000,mb,ISC,129,4,44.4780,136.0000,31.6000,primary
625421967,2021-07-20,03:32:49.10,29.7260,51.1960,10.7000,2.8000,ML,TEH,7,4,46.7019,136.1000,133.4000,primary
625421968,2021-07-20,09:06:56.70,29.7290,50.6470,10.0000,2.6000,ML,TEH,5,2,62.2692,180.7000,176.4000,primary
625422002,2021-07-21,05:56:09.80,29.7270,50.5650,10.0000,2.9000,ML,TEH,11,4,57.8214,189.5000,157.0000,primary
625422003,2021-07-21,08:07:27.70,29.7790,51.1320,8.0000,2.5000,ML,TEH,5,3,54.4855,143.9000,124.4000,primary
625422031,2021-07-22,09:13:12.30,29.8200,51.0630,8.8000,2.7000,ML,TEH,9,4,62.2692,151.6000,122.6000,primary
620967887,2021-07-23,04:38:53.86,29.6389,51.1408,10.0000,3.9000,mb,ISC,100,3,51.1497,282.6000,40.3000,primary
625422067,2021-07-23,05:08:08.70,29.7160,50.6890,10.0000,2.6000,ML,TEH,7,3,62.2692,175.5000,147.8000,primary
625422068,2021-07-23,05:22:03.30,29.7950,51.2800,5.0000,2.5000,ML,TEH,4,3,42.2541,253.9000,253.9000,primary
625422069,2021-07-23,05:35:44.20,29.2410,52.7730,6.0000,2.8000,ML,TEH,7,3,51.1497,165.4000,155.3000,primary
625422070,2021-07-23,15:11:21.30,29.7680,51.1230,8.5000,2.9000,ML,TEH,9,4,54.4855,143.8000,126.1000,primary
625422090,2021-07-24,00:12:27.60,29.7530,51.1180,10.0000,2.9000,ML,TEH,8,4,54.4855,143.1000,128.6000,primary
625422094,2021-07-24,12:38:34.10,28.4380,51.9620,22.9000,2.9000,ML,TEH,5,3,133.4340,211.9000,211.9000,primary
625422097,2021-07-24,19:31:29.50,29.8080,51.0940,9.1000,2.6000,ML,TEH,9,4,58.9333,148.5000,120.3000,primary
625422116,2021-07-25,06:34:18.40,29.2770,52.1340,5.0000,2.9000,ML,TEH,6,4,54.4855,188.3000,188.3000,primary
625422117,2021-07-25,06:40:08.30,29.8410,51.2270,6.0000,2.9000,ML,TEH,8,3,48.9258,254.2000,227.8000,primary
625422132,2021-07-26,03:05:41.10,29.7310,51.1160,8.0000,2.5000,ML,TEH,6,3,54.4855,274.0000,247.5000,primary
625422178,2021-07-28,07:55:06.20,29.7830,51.1790,8.2000,2.9000,ML,TEH,10,4,50.0377,140.9000,123.4000,primary
620883007,2021-07-29,23:47:26.98,29.7321,50.6181,16.7000,3.8000,MS,ISC,228,3,102.2994,296.0000,40.1000,primary
625422244,2021-07-30,03:01:37.30,29.7650,50.6450,8.1000,2.6000,ML,TEH,8,4,64.4931,183.5000,150.7000,primary
625422250,2021-07-30,17:08:34.50,29.7690,50.5070,10.0000,2.6000,ML,TEH,6,3,60.0453,198.6000,168.9000,primary
625422251,2021-07-30,19:42:39.10,29.7260,50.4900,19.7000,2.8000,ML,TEH,9,3,54.4855,254.0000,165.2000,primary
620923868,2021-07-30,21:10:23.81,29.6950,50.5724,25.0000,4.2000,mb,ISC,182,4,54.4855,186.4000,43.2000,primary
620986093,2021-07-30,21:14:02.24,29.7776,50.5817,22.0000,3.8000,mb,ISC,69,4,63.3811,191.0000,56.5000,primary
625422309,2021-08-02,11:20:16.20,29.7410,51.1590,10.0000,2.5000,ML,TEH,8,4,51.1497,139.5000,130.8000,primary
621742155,2021-08-05,16:27:32.16,29.1377,51.4427,10.0000,2.9000,ML,ISC,34,3,56.7094,215.5000,73.5000,primary
625422443,2021-08-06,18:00:31.30,29.7490,50.7180,10.0000,2.8000,ML,TEH,7,3,67.8289,175.1000,143.3000,primary
625422466,2021-08-07,00:27:11.60,29.7870,50.6770,7.6000,2.9000,ML,TEH,7,3,68.9409,181.9000,152.8000,primary
621002117,2021-08-08,07:14:48.79,29.5630,50.5780,25.0000,3.8000,mb,ISC,24,4,43.3661,174.1000,130.1000,primary
621008098,2021-08-10,06:29:15.78,29.7008,51.1310,10.0000,3.7000,mb,ISC,54,4,52.2616,138.7000,71.3000,primary
620985613,2021-08-13,09:31:29.58,29.8621,50.7843,10.0000,3.8000,MS,ISC,392,3,88.9560,283.4000,17.3000,primary
624417916,2021-08-13,11:58:55.61,29.8659,50.8663,10.0000,3.9000,ML,ISC,36,3,82.2843,240.0000,113.5000,primary
625422604,2021-08-13,13:08:05.80,29.9690,50.9130,10.0000,2.5000,ML,TEH,5,4,82.2843,172.9000,172.9000,primary
624417929,2021-08-14,01:06:28.31,29.7525,50.7694,22.0000,2.9000,ML,ISC,10,3,71.1648,170.6000,142.9000,primary
625422681,2021-08-16,11:02:22,29.7710,51.1870,13.8000,2.9000,ML,TEH,8,4,48.9258,139.5000,125.4000,primary
625422682,2021-08-16,19:24:48,29.7440,51.1430,8.0000,2.6000,ML,TEH,8,4,52.2616,140.8000,130.2000,primary
625422722,2021-08-17,14:46:55.10,29.6660,50.6220,20.0000,2.7000,ML,TEH,10,4,54.4855,178.5000,147.5000,primary
621030346,2021-08-18,05:16:43.44,29.6321,51.1330,10.0000,3.8000,mb,ISC,75,3,51.1497,283.7000,72.8000,primary
625422852,2021-08-21,03:45:40.70,29.6310,52.1690,6.1000,2.5000,ML,TEH,4,3,33.3585,179.9000,179.9000,primary
625422853,2021-08-21,13:37:14.30,29.9130,50.9720,10.0000,2.9000,ML,TEH,9,3,96.7396,164.7000,132.3000,primary
625422873,2021-08-22,02:29:58.70,29.5760,52.4160,7.7000,2.9000,ML,TEH,5,3,12.2314,221.2000,221.2000,primary
625422878,2021-08-22,19:14:22.20,29.6180,50.8770,10.0000,2.9000,ML,TEH,8,4,67.8289,150.2000,143.5000,primary
625422958,2021-08-25,23:32:33.20,28.4730,52.4120,10.0000,2.6000,ML,TEH,3,3,130.0981,180.8000,180.8000,primary
621742295,2021-08-28,13:03:02.17,28.9232,52.1366,23.0000,3.1000,ML,ISC,38,3,87.8440,221.1000,99.6000,primary
625423204,2021-09-02,16:23:55.20,29.6570,51.1770,8.0000,3.4000,ML,TEH,29,3,46.7019,279.0000,226.5000,primary
625423315,2021-09-05,08:34:59.80,29.6500,52.1460,10.0000,2.5000,ML,TEH,4,3,35.5824,173.7000,173.7000,primary
625423761,2021-09-18,02:46:31.20,29.5310,51.7340,10.0000,2.7000,ML,TEH,9,3,11.1195,241.8000,241.8000,primary
621113649,2021-09-19,22:11:09.93,27.4362,52.5936,14.0000,2.9000,MS,ISC,94,2,57.8214,298.4000,23.6000,primary
625423796,2021-09-19,23:45:59.80,29.7300,50.6400,8.8000,2.8000,ML,TEH,9,3,100.0755,295.4000,266.9000,primary
625423826,2021-09-20,23:05:16.70,29.8550,50.2640,10.0000,2.6000,ML,TEH,9,3,66.7170,228.7000,192.3000,primary
621116014,2021-09-21,01:24:37.49,27.1439,52.9686,10.0000,4.1000,mb,ISC,64,3,28.9107,323.3000,57.5000,primary
625423857,2021-09-21,19:41:31.20,29.8130,50.6610,8.0000,2.9000,ML,TEH,11,4,70.0528,185.2000,151.5000,primary
625423890,2021-09-22,15:53:35.50,28.9420,52.9410,7.0000,2.9000,ML,TEH,9,3,87.8440,181.3000,181.3000,primary
625423910,2021-09-23,13:31:25.30,29.7450,51.1520,10.0000,2.9000,ML,TEH,12,4,51.1497,140.3000,130.0000,primary
625423911,2021-09-23,19:02:15.80,29.5740,51.4910,8.0000,2.5000,ML,TEH,5,3,16.6792,278.1000,269.8000,primary
621140839,2021-09-28,16:52:44.90,27.4111,52.5949,14.0000,3.9000,mb,ISC,56,2,56.7094,300.4000,48.9000,primary
621742605,2021-09-30,14:43:30.82,29.7395,50.6517,10.0000,2.8000,ML,ISC,24,4,63.3811,181.0000,142.5000,primary
621113750,2021-10-01,01:15:22.20,29.7610,50.4802,15.0000,4.2000,MS,ISC,875,3,115.6428,299.5000,15.7000,primary
621742612,2021-10-01,01:41:07.96,29.5328,50.7707,10.0000,2.6000,ML,ISC,27,4,54.4855,150.3000,122.8000,primary
621113760,2021-10-01,02:33:19.99,29.6736,50.4823,10.0000,3.5000,MS,ISC,255,3,114.5309,302.4000,40.5000,primary
625424254,2021-10-04,07:56:40.60,27.6630,52.2460,8.0000,2.8000,ML,TEH,4,2,97.8516,302.9000,277.2000,primary
625424260,2021-10-04,21:23:22.30,29.4320,50.7110,10.0000,2.5000,ML,TEH,7,3,94.5157,303.7000,288.6000,primary
625424369,2021-10-07,02:48:34,28.3260,52.5350,19.3000,2.7000,ML,TEH,5,3,125.6503,179.1000,179.1000,primary
625424370,2021-10-07,06:15:43.30,28.7240,52.5470,23.1000,2.6000,ML,TEH,5,3,102.2994,215.8000,215.8000,primary
625424374,2021-10-07,14:47:35.10,28.5720,52.6820,9.5000,2.9000,ML,TEH,6,3,120.0906,168.5000,158.8000,primary
624418411,2021-10-08,10:13:27.15,27.8551,52.2059,26.0000,3.8000,ML,ISC,18,2,110.0830,300.6000,222.1000,primary
625424454,2021-10-09,10:19:51.40,29.4460,52.1560,10.0000,2.9000,ML,TEH,6,3,41.1421,233.4000,233.4000,primary
625424534,2021-10-11,06:36:59.30,28.4320,52.9930,11.6000,3.3000,ML,TEH,17,5,57.8214,143.6000,143.6000,primary
625424536,2021-10-11,17:13:47.10,29.4350,51.3120,9.0000,3.2000,ML,TEH,21,3,38.9182,290.1000,248.0000,primary
625424537,2021-10-11,17:30:23.50,29.5930,51.3830,10.0000,2.9000,ML,TEH,8,3,26.6868,280.4000,260.1000,primary
621236925,2021-10-12,05:37:23.69,28.7571,52.4997,12.0000,3.8000,mb,ISC,62,4,97.8516,162.3000,47.4000,primary
625424578,2021-10-12,05:40:29.30,29.4210,52.1620,10.0000,2.7000,ML,TEH,3,3,42.2541,239.6000,239.6000,primary
625424718,2021-10-15,10:44:31.70,29.4100,51.4560,19.8000,2.7000,ML,TEH,6,3,30.0226,288.5000,270.9000,primary
625424775,2021-10-17,23:12:06.70,29.9430,50.8790,19.5000,2.9000,ML,TEH,5,3,84.5082,274.3000,243.8000,primary
621244049,2021-10-18,22:48:11.58,27.4507,52.6052,14.0000,4.0000,MS,ISC,75,2,56.7094,296.7000,50.7000,primary
625424964,2021-10-22,09:43:12.40,28.4940,52.3310,21.0000,2.8000,ML,TEH,10,3,122.3145,243.3000,243.3000,primary
625425031,2021-10-24,09:57:32.50,29.1760,51.3290,10.0000,2.7000,ML,TEH,4,1,125.6503,360.0000,301.6000,primary
625425064,2021-10-25,14:24:01.70,29.6270,50.8630,10.0000,2.5000,ML,TEH,4,2,67.8289,208.0000,201.8000,primary
621395196,2021-10-30,19:33:17.98,28.3647,52.9292,10.0000,3.6000,MS,ISC,28,5,65.6050,150.2000,109.6000,primary
625425366,2021-10-31,00:49:25.60,29.7440,51.0690,8.0000,2.6000,ML,TEH,9,4,58.9333,145.9000,129.6000,primary
621395230,2021-10-31,07:49:11.69,27.3493,52.5271,14.0000,4.0000,mb,ISC,42,2,63.3811,307.9000,104.1000,primary
624418610,2021-10-31,09:39:23.81,27.3239,52.6288,14.0000,3.5000,ML,ISC,22,2,53.3736,307.3000,191.1000,primary
625426383,2021-11-04,05:50:23.60,29.6360,52.0160,10.0000,2.7000,ML,TEH,9,3,34.4704,176.7000,176.7000,primary
621743077,2021-11-09,17:10:29.10,29.7306,50.6356,10.0000,3.2000,ML,ISC,33,3,61.1572,241.9000,119.2000,primary
625427309,2021-11-12,21:05:13.70,28.2530,52.9270,14.0000,2.9000,ML,TEH,5,4,70.0528,154.1000,154.1000,primary
621468574,2021-11-13,01:43:45.94,28.0011,52.2811,15.0000,3.9000,mb,ISC,64,4,113.4189,211.7000,27.9000,primary
621402731,2021-11-13,10:19:48.66,28.0232,52.1519,10.0000,3.5000,MS,ISC,192,4,125.6503,218.0000,25.0000,primary
625427469,2021-11-15,00:16:45.80,29.8350,50.5480,10.0000,2.9000,ML,TEH,10,4,67.8289,197.9000,130.5000,primary
621475571,2021-11-15,00:21:25.19,29.8121,50.6082,10.0000,3.9000,mb,ISC,63,4,67.8289,190.3000,105.0000,primary
621743183,2021-11-15,20:43:45.84,29.7321,50.7233,10.0000,2.9000,ML,ISC,23,4,65.6050,173.3000,145.7000,primary
625427570,2021-11-16,01:42:31.50,28.5320,52.3270,28.0000,2.9000,ML,TEH,5,4,122.3145,184.0000,184.0000,primary
625427768,2021-11-19,23:05:33.80,29.6870,52.0040,13.7000,2.8000,ML,TEH,10,4,34.4704,158.4000,123.9000,primary
625427807,2021-11-20,01:05:07.10,29.6550,52.0240,10.0000,2.5000,ML,TEH,3,3,35.5824,170.9000,170.9000,primary
625427808,2021-11-20,03:21:52.40,29.5860,50.7990,25.9000,2.9000,ML,TEH,10,4,60.0453,153.4000,144.4000,primary
625427882,2021-11-23,00:59:36.20,29.5140,50.9930,10.0000,2.6000,ML,TEH,7,2,65.6050,356.1000,270.1000,primary
625427883,2021-11-23,09:35:17.30,29.7470,51.2360,13.0000,2.9000,ML,TEH,9,4,43.3661,134.9000,129.1000,primary
625427968,2021-11-25,12:06:23.90,29.6770,50.4750,10.0000,2.9000,ML,TEH,8,4,48.9258,197.3000,168.2000,primary
621743419,2021-11-28,23:05:13.01,26.5769,52.7364,10.0000,2.9000,ML,ISC,42,3,94.5157,149.8000,101.4000,primary
625428112,2021-11-30,01:20:06.90,29.0280,52.2320,5.6000,3.1000,ML,TEH,12,3,73.3887,206.1000,165.9000,primary
624418948,2021-12-03,03:47:44.03,29.6456,51.6975,13.9000,2.9000,ML,ISC,17,3,4.4478,133.3000,117.9000,primary
625428321,2021-12-07,01:44:01.80,29.7540,50.5320,13.5000,2.8000,ML,TEH,10,4,58.9333,195.0000,161.6000,primary
625428384,2021-12-09,04:28:15,29.7150,50.5960,16.3000,2.9000,ML,TEH,7,4,57.8214,185.2000,156.5000,primary
621629976,2021-12-14,09:12:53.83,29.7145,51.1315,10.0000,4.1000,mb,ISC,128,3,52.2616,274.8000,37.6000,primary
625428582,2021-12-14,09:28:37.90,29.7830,51.1660,10.0000,2.5000,ML,TEH,4,3,101.1874,141.8000,141.8000,primary
625428591,2021-12-14,22:01:53.30,29.7370,51.1920,10.6000,2.8000,ML,TEH,5,4,47.8138,137.1000,131.4000,primary
621743721,2021-12-16,15:43:23.81,29.6234,52.0836,10.0000,2.9000,ML,ISC,39,3,41.1421,181.3000,68.9000,primary
621743749,2021-12-17,15:12:24.15,29.5250,51.4825,16.5000,3.4000,ML,ISC,56,4,20.0151,173.1000,61.9000,primary
625428886,2021-12-22,00:06:21.30,29.6070,51.0610,11.1000,3.1000,ML,TEH,12,2,57.8214,358.9000,235.0000,primary
621700059,2021-12-24,21:39:37.11,29.6760,51.1997,10.0000,4.1000,mb,ISC,121,4,45.5899,142.9000,26.8000,primary
621743779,2021-12-27,06:52:31.25,28.3465,51.6609,24.0000,3.0000,ML,ISC,24,3,140.1057,275.8000,186.9000,primary
625429067,2021-12-29,16:06:14.20,29.1900,51.2940,10.2000,2.7000,ML,TEH,8,3,58.9333,207.7000,136.8000,primary
625429124,2021-12-31,01:19:14.30,29.3780,51.3580,10.0000,2.7000,ML,TEH,6,2,38.9182,333.4000,278.1000,primary
635719072,2022-01-05,15:16:05.90,29.4510,51.8220,7.2000,2.8000,ML,TEH,4,3,23.3509,246.9000,246.9000,primary
635719098,2022-01-07,19:35:48,29.8950,50.4630,10.0000,2.5000,ML,TEH,5,2,120.0906,296.2000,262.6000,primary
635719099,2022-01-07,20:36:38.80,29.6640,50.5060,10.0000,2.5000,ML,TEH,4,1,182.3598,360.0000,331.4000,primary
621773394,2022-01-09,11:21:30.70,28.1245,52.0851,26.0000,3.8000,mb,ISC,16,4,137.8818,217.1000,134.0000,primary
621794464,2022-01-10,17:58:36.27,29.6820,51.1556,10.0000,4.0000,mb,ISC,99,4,50.0377,141.3000,35.5000,primary
621794466,2022-01-10,18:07:36.22,29.6908,51.1427,10.0000,3.9000,mb,ISC,77,4,51.1497,139.6000,48.4000,primary
635719151,2022-01-10,18:13:37.20,29.7490,51.1130,5.6000,3.2000,ML,TEH,10,4,55.5975,143.2000,129.2000,primary
635719153,2022-01-10,18:25:34.60,29.7550,51.0950,10.0000,2.8000,ML,TEH,7,4,56.7094,144.9000,128.1000,primary
635719154,2022-01-10,18:31:28.20,29.6433,51.1519,24.0000,3.6000,ML,ISC,36,4,50.0377,148.5000,111.8000,primary
635719156,2022-01-10,22:07:20.30,29.7790,51.1650,5.0000,2.8000,ML,TEH,7,3,51.1497,265.9000,244.6000,primary
635719172,2022-01-11,20:34:07,28.4010,52.2870,5.0000,2.8000,ML,TEH,6,3,126.7623,251.3000,237.1000,primary
635719189,2022-01-12,01:30:25.80,29.7740,51.1400,9.9000,2.5000,ML,TEH,8,3,53.3736,268.2000,244.8000,primary
635719217,2022-01-14,10:55:30.60,29.1850,50.3940,20.7000,2.8000,ML,TEH,10,1,132.3220,360.0000,291.2000,primary
621723394,2022-01-15,12:25:21.50,29.0405,50.2730,10.0000,3.3000,MS,ISC,156,1,149.0013,360.0000,39.0000,primary
621831322,2022-01-15,14:20:54.03,29.0870,50.2684,10.0000,3.6000,mb,ISC,61,1,146.7774,360.0000,49.7000,primary
621723550,2022-01-16,02:49:21.28,29.1211,50.2376,14.9000,3.7000,MS,ISC,449,1,149.0013,360.0000,25.7000,primary
621723553,2022-01-16,04:25:32.03,29.1949,50.2081,14.9000,3.7000,MS,ISC,366,1,147.8894,360.0000,40.1000,primary
635719258,2022-01-16,04:34:44.30,29.4200,50.2110,8.9000,2.9000,ML,TEH,7,1,142.3296,360.0000,289.0000,primary
635719259,2022-01-16,04:46:06.60,29.2270,50.1920,19.2000,2.6000,ML,TEH,6,1,149.0013,360.0000,296.7000,primary
635719261,2022-01-16,08:23:03.80,29.2080,50.2660,16.8000,3.4000,ML,TEH,5,1,142.3296,360.0000,297.4000,primary
621831408,2022-01-16,17:51:31.71,29.1850,50.1886,10.0000,3.7000,mb,ISC,18,1,150.1132,360.0000,134.2000,primary
635719263,2022-01-16,19:00:22.70,29.3890,51.9890,6.0000,2.5000,ML,TEH,7,4,40.0302,186.2000,186.2000,primary
621831419,2022-01-16,20:14:11.02,29.1216,50.2581,10.0000,3.9000,mb,ISC,55,1,146.7774,360.0000,82.5000,primary
635719308,2022-01-18,02:39:17.30,29.7160,52.0620,10.0000,2.6000,ML,TEH,4,3,40.0302,153.1000,153.1000,primary
635719310,2022-01-18,19:22:57.60,29.2130,50.2380,17.2000,2.8000,ML,TEH,5,1,144.5535,360.0000,297.2000,primary
621870541,2022-01-21,02:35:54.75,29.9007,51.9451,8.0000,3.1000,MS,ISC,57,3,42.2541,132.7000,37.7000,primary
621870585,2022-01-21,12:49:44.56,28.0191,52.0662,26.0000,3.5000,MS,ISC,84,4,132.3220,223.0000,78.1000,primary
621747045,2022-01-21,13:32:30.29,28.0265,52.0844,26.0000,3.5000,MS,ISC,101,4,131.2101,221.6000,77.9000,primary
635719357,2022-01-21,19:53:13.50,29.7280,51.1210,10.0000,2.7000,ML,TEH,9,2,53.3736,274.0000,247.6000,primary
635719470,2022-01-26,15:38:05.20,28.1400,52.3980,8.0000,2.9000,ML,TEH,8,4,116.7548,197.0000,197.0000,primary
635719519,2022-01-29,02:27:26.70,28.9650,50.7950,19.3000,2.8000,ML,TEH,7,2,110.0830,343.9000,295.9000,primary
635719522,2022-01-29,23:44:14.90,29.1270,50.9480,18.4000,2.7000,ML,TEH,9,2,87.8440,343.0000,286.6000,primary
635719538,2022-01-30,04:36:17.50,29.6060,50.3010,10.0000,2.6000,ML,TEH,5,2,132.3220,309.0000,279.9000,primary
622027202,2022-01-30,23:47:45.67,29.6715,50.4074,10.0000,4.0000,mb,ISC,49,2,121.2026,304.4000,95.3000,primary
635719554,2022-01-31,23:07:33.30,29.7340,51.3640,10.0000,2.9000,ML,TEH,8,3,32.2465,253.9000,224.8000,primary
622030038,2022-02-01,09:05:37.20,29.7517,51.7693,10.0000,3.5000,mb,ISC,25,3,18.9032,139.1000,86.3000,primary
622030067,2022-02-01,17:00:15.96,29.8258,51.5769,17.1000,3.5000,mb,ISC,47,3,25.5748,199.8000,61.2000,primary
621832457,2022-02-02,02:49:21.60,29.6603,51.7575,15.4000,3.9000,MS,ISC,440,4,11.1195,113.6000,18.1000,primary
635719606,2022-02-02,17:00:22.90,28.7820,52.7860,4.2000,2.7000,ML,TEH,6,2,98.9635,325.9000,256.6000,primary
635719639,2022-02-03,18:08:11.90,29.8160,50.6440,27.5000,2.8000,ML,TEH,7,3,101.1874,291.7000,261.6000,primary
635719728,2022-02-08,02:04:02.60,29.6770,51.0210,17.0000,2.8000,ML,TEH,11,3,62.2692,283.9000,256.9000,primary
625826056,2022-02-11,23:16:11.66,28.8527,51.4553,17.0000,2.9000,ML,ISC,29,2,86.7321,324.0000,164.5000,primary
635719846,2022-02-14,01:46:39.90,28.8270,52.1240,10.0000,2.9000,ML,TEH,4,4,97.8516,184.9000,184.9000,primary
622077697,2022-02-16,04:45:33.43,28.1690,52.2180,26.0000,3.7000,mb,ISC,47,4,131.2101,207.1000,48.6000,primary
625826075,2022-02-16,15:08:41.71,28.1643,52.1329,10.0000,3.4000,ML,ISC,41,3,136.7698,212.4000,109.3000,primary
622086976,2022-02-18,01:49:49.64,29.2318,52.0539,10.0000,3.5000,mb,ISC,34,3,56.7094,200.0000,59.3000,primary
635719953,2022-02-19,02:49:54.80,28.5510,52.5810,10.0000,2.8000,ML,TEH,4,3,121.2026,166.3000,166.3000,primary
635719954,2022-02-19,05:54:00.90,29.1410,51.2420,8.4000,2.8000,ML,TEH,4,2,66.7170,332.3000,303.7000,primary
622101122,2022-02-20,06:50:57.10,28.4413,51.5739,10.0000,3.9000,mb,ISC,48,3,130.0981,276.3000,81.7000,primary
635719976,2022-02-20,22:54:18.90,28.1120,51.9810,18.0000,3.4000,ML,TEH,10,4,144.5535,223.5000,218.8000,primary
635719977,2022-02-20,23:10:53,28.1810,52.0640,15.4000,3.4000,ML,TEH,5,4,143.4416,215.8000,215.8000,primary
635719986,2022-02-21,01:10:15.50,28.1630,52.0260,16.5000,3.3000,ML,TEH,10,4,144.5535,218.8000,218.8000,primary
635719987,2022-02-21,04:54:04.80,29.0900,52.2220,8.0000,2.5000,ML,TEH,3,2,67.8289,292.3000,292.3000,primary
622087126,2022-02-25,15:32:06.59,28.2486,52.1198,17.9000,3.9000,mb,ISC,73,4,143.4416,209.6000,48.6000,primary
635720127,2022-02-28,17:04:06.70,28.6850,52.3210,27.5000,2.9000,ML,TEH,7,3,107.8591,229.3000,229.3000,primary
622126346,2022-03-01,06:12:08.01,27.8089,52.8289,14.0000,4.0000,mb,ISC,40,2,61.1572,256.0000,68.7000,primary
622137524,2022-03-05,04:23:34.87,29.7201,51.1992,10.0000,3.6000,mb,ISC,57,4,46.7019,135.5000,64.6000,primary
635720260,2022-03-06,23:55:13.40,27.6790,52.9310,5.0000,2.8000,ML,TEH,6,3,44.4780,246.2000,181.8000,primary
622126456,2022-03-10,04:41:55.10,28.3651,52.5746,10.0000,4.1000,mb,ISC,51,4,98.9635,174.7000,81.6000,primary
635720381,2022-03-12,03:17:04,29.8110,51.2200,10.0000,2.6000,ML,TEH,6,2,47.8138,257.9000,247.8000,primary
635720494,2022-03-18,20:58:53,29.8160,50.7140,13.3000,2.6000,ML,TEH,9,5,73.3887,180.2000,150.9000,primary
622266637,2022-03-21,09:58:56.29,28.4757,52.8005,10.0000,3.5000,mb,ISC,10,4,75.6126,178.3000,175.8000,primary
635720536,2022-03-21,13:38:07.60,29.4730,52.0310,10.0000,2.9000,ML,TEH,7,4,38.9182,143.5000,138.3000,primary
635720537,2022-03-21,13:43:53.20,28.3310,52.3550,25.5000,2.7000,ML,TEH,4,3,106.7472,266.1000,266.1000,primary
635720538,2022-03-21,16:11:15.70,29.4680,52.0050,9.7000,2.7000,ML,TEH,10,4,36.6944,142.3000,137.5000,primary
635720546,2022-03-22,04:27:12.20,29.7090,51.7670,10.0000,2.5000,ML,TEH,5,4,14.4553,129.7000,129.7000,primary
622274757,2022-03-25,18:23:55.22,29.1793,50.2393,10.0000,3.9000,mb,ISC,73,3,11.1195,268.9000,42.9000,primary
635720700,2022-03-30,00:54:35.80,29.0000,51.2010,10.0000,2.6000,ML,TEH,6,3,71.1648,218.0000,194.2000,primary
635720719,2022-03-31,16:16:04.50,29.7930,51.1880,8.0000,2.5000,ML,TEH,5,4,50.0377,198.6000,198.6000,primary
624421542,2022-04-03,14:32:55.84,29.4400,51.3974,20.0000,2.9000,ML,ISC,9,5,32.2465,108.4000,103.0000,primary
635720793,2022-04-05,20:05:02.90,28.5850,51.7470,17.0000,2.5000,ML,TEH,4,3,53.3736,210.5000,210.5000,primary
635720794,2022-04-05,23:25:32.90,29.9850,52.2690,10.0000,2.7000,ML,TEH,13,3,44.4780,177.7000,95.4000,primary
635720887,2022-04-10,11:32:06.60,29.7590,51.1720,8.0000,2.8000,ML,TEH,6,4,100.0755,139.8000,139.8000,primary
635720909,2022-04-11,01:10:35.80,29.0210,52.3770,16.7000,2.7000,ML,TEH,5,4,70.0528,120.8000,120.8000,primary
624421550,2022-04-11,08:43:43.06,29.1402,50.1813,1.8000,3.3000,ML,ISC,25,3,17.7912,276.4000,185.3000,primary
635720912,2022-04-11,20:38:44.10,28.6830,51.7840,12.5000,2.8000,ML,TEH,8,4,62.2692,201.8000,181.9000,primary
635720914,2022-04-11,21:31:58.80,29.5690,51.3430,10.0000,2.9000,ML,TEH,14,5,31.1346,117.5000,99.7000,primary
635720937,2022-04-12,02:20:24.50,27.8590,52.8870,20.7000,2.9000,ML,TEH,8,3,63.3811,135.1000,135.1000,primary
635720939,2022-04-12,15:10:33.60,28.5070,52.2710,17.6000,2.5000,ML,TEH,5,3,100.0755,171.3000,171.3000,primary
622448258,2022-04-13,07:05:56.72,27.8842,52.7752,14.0000,3.5000,mb,ISC,24,6,48.9258,142.6000,142.6000,primary
635721088,2022-04-19,22:06:06.50,29.7810,51.6630,8.0000,2.5000,ML,TEH,6,4,18.9032,163.1000,163.1000,primary
635721114,2022-04-20,08:08:34.10,29.7310,51.2500,26.3000,2.5000,ML,TEH,6,4,42.2541,133.0000,108.8000,primary
622421898,2022-04-23,13:14:45.71,29.5797,52.0458,10.0000,3.5000,MS,ISC,254,6,37.8063,111.1000,39.6000,primary
635721252,2022-04-27,05:44:42.70,27.8980,52.9580,22.8000,2.7000,ML,TEH,7,5,64.4931,125.8000,125.8000,primary
625826351,2022-05-01,03:15:05.24,29.3093,52.0538,10.0000,2.9000,ML,ISC,23,4,51.1497,166.3000,52.5000,primary
622505736,2022-05-01,03:42:58.89,29.8237,51.2641,10.0000,3.8000,mb,ISC,50,5,45.5899,137.6000,58.9000,primary
635721398,2022-05-05,20:50:25.30,28.0630,51.2960,15.7000,3.3000,ML,TEH,11,3,33.3585,312.5000,211.1000,primary
635721468,2022-05-08,07:11:27.30,28.4790,52.3590,8.1000,2.8000,ML,TEH,5,4,107.8591,141.1000,141.1000,primary
635721489,2022-05-09,01:14:05.20,29.6780,51.4580,11.4000,2.7000,ML,TEH,5,3,102.2994,177.4000,177.4000,primary
635721491,2022-05-09,05:29:28.10,28.6160,52.4680,8.0000,2.8000,ML,TEH,9,4,108.9711,160.7000,151.4000,primary
635721666,2022-05-13,01:45:47.90,28.8460,52.2780,8.2000,2.8000,ML,TEH,6,4,91.1799,135.8000,135.8000,primary
624403924,2022-05-15,20:20:43.64,27.9826,52.1629,26.0000,3.8000,mb,ISC,18,3,97.8516,285.1000,172.4000,primary
624415494,2022-05-17,03:23:43.59,26.8906,52.8243,10.0000,3.8000,mb,ISC,23,1,60.0453,360.0000,249.0000,primary
635721803,2022-05-19,11:52:28.20,28.5110,52.9560,8.2000,2.9000,ML,TEH,5,5,61.1572,109.3000,109.3000,primary
635723198,2022-05-21,15:03:05.50,27.8950,51.1760,13.5000,3.5000,ML,TEH,14,2,52.2616,355.2000,259.7000,primary
624430620,2022-05-21,16:53:01.54,27.8862,51.3085,16.0000,3.7000,mb,ISC,27,3,53.3736,247.0000,148.6000,primary
635723267,2022-05-24,21:18:32.80,29.7390,50.5710,7.5000,3.2000,ML,TEH,15,5,58.9333,189.6000,156.9000,primary
635723326,2022-05-27,16:15:57.50,29.6370,52.1270,8.0000,2.7000,ML,TEH,7,4,37.8063,122.0000,86.4000,primary
635723353,2022-05-28,12:44:20.10,29.3090,52.1720,10.0000,2.6000,ML,TEH,4,4,50.0377,178.7000,178.7000,primary
635723354,2022-05-28,14:06:09.60,29.3370,52.1900,8.0000,2.8000,ML,TEH,7,4,45.5899,177.5000,150.5000,primary
625826469,2022-05-29,16:05:02.64,29.7869,50.6740,10.0000,3.2000,ML,ISC,37,5,68.9409,182.2000,94.3000,primary
624433069,2022-06-02,00:43:08.77,28.1524,52.2983,15.0000,2.7000,MS,ISC,82,5,104.5233,146.8000,43.6000,primary
635724372,2022-06-02,01:29:50.10,28.2590,52.2570,10.8000,2.6000,ML,TEH,8,5,98.9635,138.4000,138.4000,primary
624486418,2022-06-02,06:53:24.01,28.1540,52.2150,10.0000,4.0000,mb,ISC,61,5,96.7396,150.4000,126.0000,primary
635724384,2022-06-03,02:41:19.60,28.6640,52.0560,7.2000,2.7000,ML,TEH,5,3,84.5082,224.8000,142.9000,primary
635724385,2022-06-03,04:51:42,28.4120,52.2790,7.0000,2.7000,ML,TEH,7,4,100.0755,123.6000,123.6000,primary
635724388,2022-06-03,19:57:59.40,27.9430,52.7250,11.8000,2.7000,ML,TEH,5,3,80.0604,153.1000,141.3000,primary
635724389,2022-06-03,23:41:49.80,28.2530,52.3460,17.5000,2.7000,ML,TEH,7,4,106.7472,135.6000,135.6000,primary
635724417,2022-06-04,02:42:58.30,27.9520,52.8370,8.5000,2.8000,ML,TEH,9,5,75.6126,132.3000,132.3000,primary
624488520,2022-06-04,11:02:28.85,28.5552,51.6487,10.0000,3.8000,mb,ISC,53,5,43.3661,149.6000,97.5000,primary
635724438,2022-06-05,18:09:42.40,29.8450,50.4110,8.0000,2.9000,ML,TEH,6,3,65.6050,212.7000,181.1000,primary
635724453,2022-06-06,23:39:47.20,28.2650,52.3500,10.0000,2.6000,ML,TEH,3,3,107.8591,161.2000,161.2000,primary
635724482,2022-06-08,01:22:05.90,28.5310,52.2680,22.2000,2.8000,ML,TEH,5,5,100.0755,113.5000,113.5000,primary
625793854,2022-06-10,08:02:10.08,29.1184,51.3231,17.0000,2.7000,ML,ISC,14,4,63.3811,121.2000,79.5000,primary
625793855,2022-06-10,08:54:07.77,29.6027,50.1664,10.0000,2.9000,ML,ISC,14,2,144.5535,307.3000,105.1000,primary
625793856,2022-06-10,09:00:43.28,29.0638,51.3847,17.0000,3.6000,ML,ISC,65,4,66.7170,129.5000,50.3000,primary
635724583,2022-06-14,07:21:06.70,29.8360,50.5530,19.0000,2.9000,ML,TEH,7,5,68.9409,197.4000,162.4000,primary
635724584,2022-06-14,07:24:25.20,29.7520,50.6020,13.8000,2.9000,ML,TEH,7,4,62.2692,187.1000,154.3000,primary
635724626,2022-06-16,09:38:37.10,28.2950,52.8490,8.0000,2.9000,ML,TEH,8,5,110.0830,110.3000,109.5000,primary
635724654,2022-06-17,14:50:27.30,29.4840,52.1330,10.0000,2.8000,ML,TEH,4,4,41.1421,150.1000,150.1000,primary
635724684,2022-06-18,08:36:55.90,27.2590,52.8940,8.0000,2.8000,ML,TEH,5,3,27.7987,314.3000,236.1000,primary
635724739,2022-06-21,15:52:15.20,29.7560,50.5760,8.2000,2.6000,ML,TEH,6,4,61.1572,190.2000,180.5000,primary
635724805,2022-06-24,06:34:39.30,29.2990,51.5850,5.0000,3.4000,ML,TEH,21,5,35.5824,130.2000,83.2000,primary
635724825,2022-06-25,20:45:09.30,29.4250,51.1710,10.0000,2.5000,ML,TEH,9,4,52.2616,197.1000,175.5000,primary
624559202,2022-06-29,00:01:19.81,28.1527,51.6117,16.0000,3.0000,MS,ISC,113,5,41.1421,184.0000,28.0000,primary
635724924,2022-06-29,00:15:41.20,28.2420,51.6410,10.0000,2.7000,ML,TEH,5,3,40.0302,166.5000,166.5000,primary
625826605,2022-07-01,18:32:28.58,27.6994,52.1479,10.0000,2.8000,ML,ISC,20,3,107.8591,198.9000,89.9000,primary
635725046,2022-07-05,00:01:57.50,28.6080,51.6950,10.0000,2.9000,ML,TEH,7,3,50.0377,157.1000,136.4000,primary
635725141,2022-07-10,15:36:24.20,28.7110,52.4440,5.4000,2.7000,ML,TEH,5,4,103.4113,150.4000,150.4000,primary
635725156,2022-07-11,01:47:31.10,29.2280,52.1250,8.0000,2.8000,ML,TEH,12,4,58.9333,102.5000,102.5000,primary
635725157,2022-07-11,05:22:58.50,29.2150,52.1920,7.5000,2.7000,ML,TEH,6,3,56.7094,190.8000,106.7000,primary
635725171,2022-07-12,12:02:04.10,29.8020,52.0650,12.0000,2.7000,ML,TEH,5,4,44.4780,130.8000,104.5000,primary
635725173,2022-07-12,20:01:07.20,28.7390,52.3750,10.6000,2.7000,ML,TEH,5,4,101.1874,147.2000,141.2000,primary
635725206,2022-07-14,11:37:04.80,29.6690,52.0870,8.0000,2.9000,ML,TEH,5,4,41.1421,115.2000,115.2000,primary
635725265,2022-07-17,15:46:06.10,29.6320,52.0220,6.0000,2.9000,ML,TEH,13,4,34.4704,119.4000,119.4000,primary
635725281,2022-07-18,05:13:47.60,27.8510,51.4950,21.4000,2.8000,ML,TEH,4,2,61.1572,229.3000,229.3000,primary
635725298,2022-07-19,04:07:16,29.7450,50.5620,10.0000,2.9000,ML,TEH,6,4,60.0453,191.0000,171.4000,primary
635725366,2022-07-22,05:32:00.60,28.3010,51.5630,6.0000,2.9000,ML,TEH,3,2,145.6654,240.2000,236.9000,primary
635725389,2022-07-23,10:51:53.60,28.2550,51.6790,11.3000,3.1000,ML,TEH,11,4,42.2541,161.9000,161.9000,primary
635725394,2022-07-23,16:46:01,29.5540,50.5010,8.0000,3.0000,ML,TEH,10,5,37.8063,184.0000,157.9000,primary
625794243,2022-07-24,16:37:33.59,27.3021,52.6787,14.0000,2.9000,ML,ISC,34,3,47.8138,225.5000,74.4000,primary
635725417,2022-07-24,23:15:59.50,27.4360,52.6300,16.4000,2.9000,ML,TEH,9,3,53.3736,206.3000,206.3000,primary
635725418,2022-07-24,23:45:02.40,27.3750,52.6010,19.6000,2.8000,ML,TEH,7,3,55.5975,216.1000,216.1000,primary
635725442,2022-07-25,20:28:39.10,29.6600,51.9240,9.3000,2.6000,ML,TEH,6,4,25.5748,112.5000,112.5000,primary
624673028,2022-07-26,21:40:05.37,27.3431,52.5858,14.0000,3.2000,MS,ISC,50,3,57.8214,221.0000,90.5000,primary
625794268,2022-07-27,23:50:12.67,27.3255,52.5576,14.0000,3.4000,ML,ISC,27,3,60.0453,223.9000,72.0000,primary
635725489,2022-07-28,19:16:19.60,29.8720,52.1430,9.5000,2.9000,ML,TEH,10,4,44.4780,148.0000,109.6000,primary
625826653,2022-07-30,00:15:14.19,28.4099,52.3571,10.0000,3.2000,ml,OMAN,16,0,324.6894,360.0000,269.8000,primary
624710287,2022-07-31,15:03:20.63,28.7897,51.5911,17.0000,3.6000,mb,ISC,25,3,91.1799,249.5000,157.1000,primary
635725648,2022-08-03,21:26:00.80,27.8210,52.8340,8.0000,2.9000,ML,TEH,8,3,62.2692,255.3000,193.1000,primary
624717721,2022-08-03,22:45:52.87,27.8367,52.9433,14.0000,3.6000,mb,ISC,39,3,58.9333,241.6000,70.8000,primary
624726360,2022-08-06,03:44:00.24,29.7788,50.6259,22.0000,3.6000,mb,ISC,44,4,97.8516,238.5000,77.8000,primary
624726361,2022-08-06,04:30:11.53,29.7707,50.6749,22.0000,3.6000,mb,ISC,33,4,96.7396,236.2000,112.4000,primary
635725939,2022-08-10,15:57:36.80,29.9910,50.3870,28.0000,2.9000,ML,TEH,7,3,68.9409,164.2000,164.2000,primary
624694340,2022-08-15,22:15:50.67,29.7201,51.1723,9.0000,3.5000,MS,ISC,411,4,48.9258,137.3000,17.7000,primary
624739192,2022-08-15,23:22:49.76,29.7630,51.2393,10.0000,3.6000,mb,ISC,27,4,44.4780,135.6000,58.0000,primary
635726309,2022-08-19,02:20:39.20,28.5370,51.6500,23.9000,2.9000,ML,TEH,9,3,118.9787,267.4000,241.8000,primary
635726362,2022-08-21,20:40:00.90,29.7750,51.5530,18.4000,2.6000,ML,TEH,10,3,21.1271,212.0000,196.2000,primary
624803107,2022-08-27,15:47:14.98,28.4695,51.7439,24.0000,3.6000,mb,ISC,69,4,126.7623,214.0000,64.1000,primary
635726604,2022-08-27,18:25:16.40,28.7690,51.2940,11.3000,2.8000,ML,TEH,7,2,100.0755,330.4000,263.9000,primary
624811169,2022-08-28,23:06:29.42,28.6145,51.3728,10.0000,3.9000,mb,ISC,72,3,114.5309,260.7000,84.7000,primary
635726705,2022-08-31,20:37:08.90,29.7150,51.3960,10.0000,2.9000,ML,TEH,8,4,27.7987,130.6000,130.6000,primary
635726770,2022-09-02,23:23:34.10,29.5200,51.2480,8.0000,2.6000,ML,TEH,8,4,41.1421,168.8000,168.8000,primary
635726863,2022-09-06,08:48:40.40,29.7280,52.3270,11.9000,2.8000,ML,TEH,7,4,20.0151,144.2000,121.1000,primary
624831159,2022-09-11,09:58:40.05,29.1730,52.2996,12.0000,3.9000,mb,ISC,43,4,55.5975,152.8000,71.1000,primary
624839644,2022-09-16,00:36:28.83,29.7777,50.2263,10.0000,3.8000,mb,ISC,78,3,58.9333,231.8000,67.7000,primary
635727238,2022-09-17,16:34:06,29.1640,51.2660,10.0000,2.8000,ML,TEH,5,2,62.2692,331.5000,287.1000,primary
635727295,2022-09-20,11:44:21.20,28.4880,52.1450,22.9000,2.8000,ML,TEH,6,3,132.3220,250.5000,239.1000,primary
635727456,2022-09-26,05:50:43.20,29.5460,51.9120,8.0000,2.6000,ML,TEH,7,3,25.5748,207.6000,207.6000,primary
635727507,2022-09-28,22:02:09.60,27.7270,52.9000,14.7000,2.8000,ML,TEH,6,3,50.0377,248.9000,192.5000,primary
635727582,2022-10-02,05:15:08.80,29.4690,51.3850,15.2000,3.1000,ML,TEH,27,4,31.1346,177.6000,127.8000,primary
635727782,2022-10-12,17:11:42.30,27.9620,52.9530,8.0000,2.8000,ML,TEH,5,4,72.2767,184.0000,184.0000,primary
635727783,2022-10-12,19:35:28.50,29.4570,52.5290,10.2000,2.6000,ML,TEH,5,3,20.0151,196.9000,196.9000,primary
635727942,2022-10-19,08:57:31,29.1820,52.1890,11.8000,2.8000,ML,TEH,6,3,60.0453,194.6000,194.6000,primary
635728112,2022-10-27,01:53:20.90,29.0340,51.4500,27.2000,2.8000,ML,TEH,8,3,67.8289,226.1000,174.5000,primary
635728113,2022-10-27,05:38:32.80,29.7630,51.3240,8.0000,2.7000,ML,TEH,5,3,36.6944,253.6000,253.6000,primary
635728133,2022-10-28,02:31:59.40,29.6170,51.9820,5.0000,2.7000,ML,TEH,9,3,31.1346,182.4000,182.4000,primary
625194761,2022-10-29,15:56:47.93,29.7249,52.1707,25.0000,3.4000,mb,ISC,80,6,34.4704,126.6000,52.7000,primary
635728172,2022-10-29,16:10:23.80,29.6230,52.1050,15.5000,3.0000,ML,TEH,17,5,40.0302,107.5000,107.5000,primary
625208515,2022-10-31,01:12:26.99,29.7763,52.3998,10.0000,3.7000,mb,ISC,63,5,18.9032,170.0000,51.9000,primary
635728236,2022-11-02,01:23:28.30,29.4500,52.2410,14.3000,2.8000,ML,TEH,9,4,33.3585,159.5000,159.5000,primary
625827454,2022-11-18,01:20:03.95,28.4373,52.2485,15.0000,2.8000,ML,ISC,29,4,130.0981,193.3000,124.2000,primary
635728601,2022-11-18,10:02:48.90,29.5470,51.3800,10.3000,2.6000,ML,TEH,5,3,27.7987,282.8000,278.2000,primary
625796108,2022-11-19,23:42:05.16,29.8110,52.0061,10.0000,3.2000,ML,ISC,70,6,40.0302,127.4000,37.5000,primary
635728633,2022-11-19,23:45:51.80,29.9130,51.8710,6.0000,2.8000,ML,TEH,8,3,38.9182,136.3000,127.3000,primary
635728679,2022-11-21,20:01:29.70,29.2950,51.3610,10.0000,2.6000,ML,TEH,6,2,45.5899,327.0000,310.0000,primary
635728765,2022-11-24,08:09:50.70,29.4840,52.2240,6.0000,2.6000,ML,TEH,6,3,33.3585,226.8000,223.4000,primary
635728768,2022-11-24,15:38:58,28.5400,52.4790,10.0000,2.8000,ML,TEH,6,2,122.3145,324.8000,222.9000,primary
635728785,2022-11-25,05:19:30.30,29.8410,51.9750,8.0000,2.9000,ML,TEH,19,5,38.9182,128.6000,73.3000,primary
635728786,2022-11-25,05:47:15.50,29.8340,51.9970,10.0000,2.9000,ML,TEH,19,4,54.4855,129.5000,91.6000,primary
635728787,2022-11-25,06:56:14.40,29.9790,50.2100,19.3000,2.7000,ML,TEH,11,3,81.1723,236.1000,183.9000,primary
635728788,2022-11-25,07:24:30,29.8510,51.9760,10.0000,2.6000,ML,TEH,8,3,40.0302,129.8000,115.2000,primary
635728791,2022-11-25,13:10:24.20,29.8220,51.9790,8.0000,3.2000,ML,TEH,29,4,38.9182,126.7000,76.1000,primary
625796892,2022-11-27,02:27:44.11,29.7685,51.9748,8.0000,3.3000,ML,ISC,49,5,34.4704,119.8000,68.1000,primary
635728869,2022-11-28,12:00:48.30,29.8690,52.1520,8.0000,2.6000,ML,TEH,4,3,43.3661,148.6000,119.9000,primary
635728870,2022-11-28,12:03:14.60,29.8360,51.9720,6.0000,2.9000,ML,TEH,10,2,38.9182,241.6000,118.4000,primary
625796974,2022-11-28,15:28:49.66,29.7976,51.9972,8.0000,2.9000,ML,ISC,16,2,37.8063,231.1000,94.1000,primary
635728897,2022-11-29,01:09:37,29.1590,52.5440,5.0000,2.9000,ML,TEH,9,3,53.3736,175.1000,175.1000,primary
635728900,2022-11-29,10:00:19.90,29.8370,51.9500,27.3000,2.5000,ML,TEH,3,3,37.8063,126.2000,126.2000,primary
635728901,2022-11-29,12:11:11.30,29.8280,51.9590,10.0000,2.6000,ML,TEH,3,3,37.8063,125.9000,125.9000,primary
635728903,2022-11-29,19:24:40,29.8670,51.9620,15.8000,2.6000,ML,TEH,3,3,40.0302,130.5000,130.5000,primary
635728934,2022-11-30,23:12:19.70,28.6530,52.9740,12.7000,2.9000,ML,TEH,13,5,61.1572,137.5000,137.5000,primary
635728954,2022-12-01,01:23:36.80,28.9630,51.9770,11.9000,3.1000,ML,TEH,26,5,77.8365,154.7000,134.9000,primary
635728958,2022-12-01,19:00:03.90,27.4870,52.4580,10.9000,2.9000,ML,TEH,6,2,72.2767,301.0000,282.3000,primary
625403818,2022-12-02,03:12:33.19,27.3067,52.5095,14.0000,3.8000,mb,ISC,80,3,64.4931,296.7000,58.2000,primary
635729171,2022-12-09,09:07:12.20,29.9430,50.8780,22.5000,2.6000,ML,TEH,7,3,84.5082,274.4000,239.9000,primary
625472672,2022-12-12,11:09:22.71,29.7628,50.9400,10.0000,3.4000,mb,ISC,88,4,72.2767,156.9000,37.2000,primary
635729250,2022-12-13,02:35:38,29.8680,50.9530,10.0000,2.5000,ML,TEH,5,3,74.5006,273.5000,245.7000,primary
635729386,2022-12-18,17:51:37.10,29.0660,52.3180,8.0000,2.7000,ML,TEH,4,3,66.7170,216.7000,216.7000,primary
635729458,2022-12-21,03:27:59.90,29.7020,51.7680,19.4000,2.7000,ML,TEH,6,4,14.4553,127.3000,122.8000,primary
635729477,2022-12-22,11:31:39.50,28.5320,52.8050,14.0000,2.9000,ML,TEH,8,6,75.6126,105.0000,98.4000,primary
635729478,2022-12-22,11:59:41.30,28.5990,51.9630,17.9000,2.9000,ML,TEH,6,4,73.3887,155.9000,155.9000,primary
625550136,2022-12-24,17:33:50.99,28.5840,52.7938,18.2000,3.7000,mb,ISC,47,8,37.8063,109.3000,96.0000,primary
625475820,2022-12-25,16:48:45.71,28.6377,51.5688,24.0000,3.3000,MS,ISC,133,6,43.3661,119.4000,30.7000,primary
635729549,2022-12-25,18:24:17.20,28.7880,50.9910,17.7000,2.7000,ML,TEH,5,3,54.4855,244.6000,222.3000,primary
625553127,2022-12-25,21:55:44.16,28.6036,52.8248,16.0000,4.1000,mb,ISC,44,6,38.9182,112.9000,53.3000,primary
635729632,2022-12-28,23:18:24.50,27.8840,52.9910,14.6000,2.5000,ML,TEH,4,3,62.2692,235.7000,182.5000,primary
642513941,2023-01-03,04:37:02.50,29.7590,52.0210,6.0000,2.5000,ML,TEH,4,4,37.8063,121.6000,121.6000,primary
642513945,2023-01-03,12:29:27.60,29.1590,51.3480,10.0000,2.6000,ML,TEH,3,2,58.9333,205.5000,180.9000,primary
642513956,2023-01-04,02:27:12.40,29.8970,50.4570,17.0000,2.5000,ML,TEH,4,3,120.0906,246.1000,213.6000,primary
642513967,2023-01-04,15:22:30,29.1690,50.2210,14.5000,2.9000,ML,TEH,23,2,135.6579,299.2000,86.9000,primary
642514010,2023-01-06,21:23:10.20,28.6420,52.0350,15.2000,2.6000,ML,TEH,4,4,82.2843,152.6000,152.6000,primary
642514023,2023-01-07,16:24:09.20,29.1930,50.7870,10.0000,2.9000,ML,TEH,12,4,46.7019,142.6000,125.3000,primary
642514203,2023-01-14,00:56:46.90,28.5480,52.0470,10.0000,2.7000,ML,TEH,4,4,80.0604,163.8000,163.8000,primary
642514295,2023-01-18,22:39:42.40,28.4800,51.7520,16.8000,2.6000,ML,TEH,5,4,50.0377,166.3000,166.3000,primary
625611022,2023-01-19,17:33:18.19,29.5642,51.3877,10.0000,3.6000,mb,ISC,26,4,26.6868,181.6000,124.1000,primary
642514308,2023-01-20,00:40:28.80,29.5690,50.9210,10.0000,2.7000,ML,TEH,5,4,72.2767,215.9000,213.6000,primary
625612023,2023-01-20,12:21:19.75,28.4198,51.7770,15.0000,3.7000,mb,ISC,74,6,51.1497,132.1000,54.6000,primary
642514311,2023-01-20,12:46:04.20,28.5360,51.6150,17.8000,2.9000,ML,TEH,7,4,40.0302,150.6000,141.8000,primary
642514333,2023-01-21,23:45:10.20,28.6290,50.9850,8.9000,2.8000,ML,TEH,5,3,40.0302,253.4000,234.8000,primary
642514339,2023-01-22,03:38:58.30,28.7730,52.5530,24.3000,2.5000,ML,TEH,4,3,96.7396,252.8000,252.8000,primary
642514393,2023-01-26,22:10:04.20,27.7550,52.7200,12.0000,2.8000,ML,TEH,11,3,117.8667,216.0000,216.0000,primary
625670952,2023-01-27,06:19:31.94,29.3208,51.3027,20.0000,3.8000,MS,ISC,70,5,47.8138,186.2000,41.1000,primary
636662907,2023-01-29,06:30:39.36,28.3915,51.6375,10.0000,3.5000,ML,ISC,60,7,36.6944,137.7000,35.9000,primary
642514495,2023-01-30,01:06:00.10,27.5290,52.6910,16.0000,2.8000,ML,TEH,8,3,51.1497,189.6000,189.6000,primary
636890037,2023-02-05,08:36:08.36,28.3481,51.7905,10.0000,2.7000,ML,ISC,22,3,52.2616,245.9000,93.6000,primary
642545426,2023-02-08,03:15:50.10,29.4620,51.9990,18.7000,2.7000,ML,TEH,7,3,36.6944,142.7000,142.7000,primary
642545439,2023-02-10,14:21:47,28.5740,52.9450,10.0000,2.6000,ML,TEH,3,3,125.6503,153.9000,153.9000,primary
642545440,2023-02-10,22:11:16.10,28.5030,52.9670,8.0000,2.7000,ML,TEH,7,4,60.0453,158.9000,158.9000,primary
625692093,2023-02-13,01:43:38.99,28.5568,52.0220,15.0000,3.7000,MS,ISC,134,6,77.8365,114.2000,23.2000,primary
642545540,2023-02-14,10:47:11,29.6910,51.4740,10.0000,2.9000,ML,TEH,6,3,20.0151,264.7000,159.6000,primary
642545581,2023-02-16,13:27:51.30,28.4190,52.4020,10.0000,2.8000,ML,TEH,6,5,112.3070,119.4000,119.4000,primary
642545594,2023-02-16,20:46:17.90,28.4500,52.3820,18.4000,2.8000,ML,TEH,4,3,110.0830,142.3000,117.4000,primary
642545714,2023-02-20,15:57:07.60,28.7070,51.4310,10.0000,2.5000,ML,TEH,4,3,42.2541,168.9000,168.9000,primary
625825158,2023-02-25,09:06:06.66,28.2233,51.6467,10.0000,3.8000,mb,ISC,27,4,41.1421,169.4000,148.2000,primary
642545822,2023-02-27,13:25:23,28.9960,51.2640,10.0000,2.8000,ML,TEH,4,3,70.0528,209.1000,187.7000,primary
625882429,2023-03-01,11:29:31.86,27.7316,52.7709,20.0000,3.9000,mb,ISC,51,6,57.8214,157.5000,56.2000,primary
642545943,2023-03-05,13:00:51.90,29.2900,51.1650,10.0000,2.7000,ML,TEH,4,4,60.0453,197.3000,197.3000,primary
642545991,2023-03-06,14:44:36.60,28.6560,50.1090,15.7000,2.7000,ML,TEH,12,2,116.7548,308.8000,221.1000,primary
642545993,2023-03-06,15:01:27.40,28.6000,50.0380,10.0000,2.8000,ML,TEH,3,2,122.3145,312.1000,286.9000,primary
642545994,2023-03-06,15:07:49.20,28.6380,50.0450,10.0000,2.7000,ML,TEH,18,2,122.3145,311.0000,194.1000,primary
636663153,2023-03-08,14:52:33.17,29.6151,51.4900,12.0000,3.7000,ML,ISC,52,3,16.6792,258.8000,55.1000,primary
625897755,2023-03-08,20:07:23.73,29.6286,51.4846,10.0000,3.4000,mb,ISC,36,3,16.6792,260.0000,59.8000,primary
642546114,2023-03-13,16:44:29.60,29.5460,52.2450,17.9000,2.8000,ML,TEH,5,4,27.7987,150.1000,150.1000,primary
642546115,2023-03-13,18:09:49.30,29.5770,52.2230,8.5000,2.8000,ML,TEH,8,4,28.9107,161.3000,123.3000,primary
642546121,2023-03-14,03:18:16.90,28.4900,52.4360,10.0000,2.6000,ML,TEH,3,3,111.1950,174.4000,174.4000,primary
642546153,2023-03-16,22:03:19,29.6080,51.7670,8.0000,3.2000,ML,TEH,37,5,10.0075,92.9000,69.0000,primary
642546199,2023-03-19,07:30:46.60,29.8110,51.0590,8.0000,2.9000,ML,TEH,7,4,62.2692,208.0000,182.7000,primary
625890989,2023-03-19,08:28:45.96,29.6675,51.0282,24.0000,2.9000,MS,ISC,258,5,61.1572,153.2000,31.9000,primary
642546232,2023-03-21,17:17:55,28.1320,52.0790,11.0000,2.7000,ML,TEH,11,6,84.5082,158.7000,158.1000,primary
642546246,2023-03-22,14:19:44.20,28.6490,51.3180,9.4000,3.4000,ML,TEH,24,5,23.3509,164.5000,107.0000,primary
642546295,2023-03-24,20:55:48.80,29.7060,51.4420,8.0000,2.9000,ML,TEH,11,4,23.3509,178.9000,161.5000,primary
636663250,2023-03-25,17:31:04.42,29.6122,51.5057,12.2000,3.3000,ML,ISC,36,4,15.5673,173.2000,55.0000,primary
625917763,2023-03-25,18:13:10.44,29.5860,51.4370,16.8000,3.5000,MS,ISC,435,4,22.2390,178.1000,32.9000,primary
642546355,2023-03-27,22:28:58.40,28.3360,52.4000,9.2000,2.8000,ML,TEH,7,5,111.1950,126.3000,126.3000,primary
642546357,2023-03-28,01:45:11.70,28.3520,52.3310,17.8000,3.0000,ML,TEH,18,6,64.4931,127.3000,127.3000,primary
642546365,2023-03-28,06:55:07,28.3820,52.8630,19.1000,3.2000,ML,TEH,19,7,15.5673,104.1000,104.1000,primary
636663274,2023-03-29,16:24:54.79,29.6392,51.9400,10.0000,3.3000,ML,ISC,49,5,26.6868,101.9000,50.8000,primary
642546378,2023-03-29,23:05:56,28.9250,51.3650,16.3000,2.9000,ML,TEH,20,4,63.3811,191.3000,115.1000,primary
642546389,2023-03-30,16:21:45.30,29.7870,50.9960,10.0000,2.8000,ML,TEH,5,4,66.7170,212.1000,209.2000,primary
642546390,2023-03-30,17:00:45.10,28.9620,51.1060,5.0000,2.6000,ML,TEH,3,2,67.8289,229.5000,204.4000,primary
642546397,2023-03-31,03:30:39.10,29.0650,51.1890,6.0000,2.6000,ML,TEH,4,3,76.7245,222.1000,195.2000,primary
642546400,2023-03-31,05:17:39.90,29.9610,51.5280,10.0000,2.7000,ML,TEH,7,4,41.1421,174.6000,172.3000,primary
642546404,2023-03-31,10:35:52.20,29.0150,51.2040,10.0000,2.5000,ML,TEH,4,3,72.2767,218.2000,193.9000,primary
642546407,2023-03-31,12:58:55.80,28.6430,52.7460,16.0000,2.9000,ML,TEH,6,5,82.2843,111.9000,111.9000,primary
625958324,2023-03-31,20:38:54.28,29.5980,51.6176,11.5000,3.5000,mb,ISC,73,5,4.4478,164.7000,32.6000,primary
642713208,2023-04-03,06:10:09,29.6780,51.4520,7.7000,2.9000,ML,TEH,7,4,21.1271,177.9000,168.5000,primary
642713209,2023-04-03,06:23:47.80,28.3590,52.4660,10.0000,2.7000,ML,TEH,4,3,117.8667,268.7000,172.2000,primary
642713211,2023-04-03,10:43:56.10,27.3370,52.7630,10.0000,2.9000,ML,TEH,3,2,40.0302,218.4000,218.4000,primary
642713228,2023-04-07,01:22:23.90,29.6180,52.1560,6.0000,2.6000,ML,TEH,7,4,34.4704,126.7000,126.7000,primary
642713236,2023-04-08,08:29:58.10,29.9230,51.6340,6.3000,2.5000,ML,TEH,4,4,34.4704,166.1000,166.1000,primary
626077251,2023-04-18,05:26:35.76,27.7408,52.2747,14.0000,3.9000,mb,ISC,85,2,121.2026,248.7000,37.1000,primary
642713273,2023-04-20,11:19:32.50,29.1350,51.2590,12.2000,2.8000,ML,TEH,5,3,65.6050,216.5000,188.8000,primary
636663383,2023-04-21,12:05:06.30,29.4622,51.0335,24.0000,2.9000,ML,ISC,29,4,63.3811,207.6000,51.5000,primary
642713282,2023-04-23,08:02:37.30,29.5330,50.7470,10.0000,2.8000,ML,TEH,6,4,88.9560,227.4000,203.4000,primary
626097797,2023-04-26,18:12:27.85,28.0077,52.6116,15.0000,3.0000,MS,ISC,132,5,47.8138,143.3000,23.3000,primary
642713299,2023-04-28,01:11:14.50,28.6100,51.6610,8.1000,2.5000,ML,TEH,3,3,47.8138,199.4000,199.4000,primary
642713301,2023-04-28,09:49:51,29.2000,52.6210,18.9000,2.9000,ML,TEH,5,4,50.0377,141.3000,141.3000,primary
642966205,2023-05-02,17:28:18,28.8640,51.4450,15.5000,2.8000,ML,TEH,6,3,58.9333,176.1000,165.3000,primary
642966353,2023-05-06,16:12:20.30,29.4890,50.9830,10.0000,2.7000,ML,TEH,5,3,127.8742,211.3000,189.9000,primary
626185334,2023-05-08,20:47:32.10,27.9834,51.9794,26.0000,3.4000,mb,ISC,37,6,82.2843,179.8000,136.5000,primary
642966632,2023-05-13,15:12:48.20,29.1090,51.2270,6.0000,2.7000,ML,TEH,4,3,70.0528,219.3000,191.7000,primary
626214408,2023-05-14,15:17:58.08,26.6033,52.8818,10.0000,3.6000,mb,ISC,28,2,86.7321,344.3000,189.6000,primary
642966791,2023-05-17,19:53:04.60,28.6190,52.0110,14.2000,3.3000,ML,TEH,8,5,78.9484,108.0000,108.0000,primary
642967088,2023-05-25,16:18:50.60,28.4690,52.3140,19.2000,2.8000,ML,TEH,5,3,103.4113,137.6000,117.7000,primary
642967153,2023-05-26,05:12:17.60,29.4470,51.1200,10.0000,2.5000,ML,TEH,4,3,55.5975,201.1000,201.1000,primary
642967157,2023-05-26,06:21:28.80,29.1820,51.3760,10.0000,2.8000,ML,TEH,4,2,55.5975,203.0000,178.7000,primary
642967223,2023-05-27,04:12:58.40,28.9050,52.3840,10.0000,2.8000,ML,TEH,6,4,82.2843,131.1000,129.3000,primary
626255268,2023-05-27,06:00:00.15,28.0592,51.2602,16.0000,2.9000,MS,ISC,92,4,33.3585,278.8000,82.8000,primary
626255274,2023-05-27,08:25:27.08,28.0490,51.2429,10.0000,3.8000,mb,ISC,59,4,34.4704,281.9000,96.3000,primary
642967224,2023-05-27,08:31:19.80,28.3310,51.1920,6.0000,2.5000,ML,TEH,3,1,194.5913,360.0000,282.1000,primary
636663687,2023-05-27,08:36:32.63,28.0665,51.2724,10.0000,3.5000,ML,ISC,41,4,32.2465,276.5000,81.7000,primary
642967225,2023-05-27,19:18:22.60,28.1230,51.2650,7.2000,3.2000,ML,TEH,15,4,26.6868,275.5000,222.9000,primary
642967307,2023-05-28,11:51:31.50,28.1860,51.0910,10.0000,2.8000,ML,TEH,5,2,25.5748,339.0000,265.1000,primary
636663705,2023-05-29,10:35:49.02,28.3774,51.2411,10.0000,3.9000,ML,ISC,12,3,2.2239,245.1000,148.9000,primary
642967508,2023-06-02,07:59:55.10,27.4580,52.6750,6.0000,2.6000,ML,TEH,3,2,50.0377,201.1000,201.1000,primary
642967515,2023-06-03,23:41:16.20,28.5780,51.9980,28.0000,2.8000,ML,TEH,4,3,75.6126,159.3000,159.3000,primary
642967522,2023-06-05,03:10:54.70,29.4290,51.3780,20.9000,2.7000,ML,TEH,5,4,34.4704,181.1000,167.2000,primary
626315494,2023-06-05,09:58:49.01,29.6588,51.3253,10.0000,4.0000,mb,ISC,109,4,33.3585,187.2000,56.1000,primary
626315496,2023-06-05,10:19:23.48,29.6868,51.3615,20.0000,3.7000,mb,ISC,62,4,30.0226,184.6000,46.9000,primary
642967523,2023-06-05,12:10:46,29.7470,52.0080,6.0000,2.6000,ML,TEH,8,4,36.6944,119.2000,97.5000,primary
642967524,2023-06-05,17:40:06.60,29.6400,52.1630,6.2000,2.5000,ML,TEH,7,4,33.3585,122.5000,122.5000,primary
642967537,2023-06-10,09:44:56.20,29.2910,52.1190,8.0000,2.5000,ML,TEH,4,4,54.4855,175.0000,175.0000,primary
642967552,2023-06-15,01:34:41.30,28.5550,52.2900,13.2000,2.6000,ML,TEH,6,5,103.4113,111.1000,111.1000,primary
626310235,2023-06-15,17:20:54.20,28.3716,52.3851,25.0000,3.4000,MS,ISC,262,6,60.0453,123.8000,50.3000,primary
626334242,2023-06-15,17:30:01.93,28.3561,52.3728,16.0000,3.8000,mb,ISC,89,5,61.1572,125.5000,55.5000,primary
626310576,2023-06-15,18:46:47.16,28.3595,52.3328,16.0000,4.2000,mb,ISC,116,6,64.4931,126.5000,46.3000,primary
642967555,2023-06-16,09:11:16.90,29.5390,50.8580,26.3000,2.9000,ML,TEH,6,3,77.8365,297.8000,275.0000,primary
626335651,2023-06-17,17:14:24.29,26.5120,52.9028,10.0000,3.5000,mb,ISC,17,1,95.6277,360.0000,256.2000,primary
642967560,2023-06-17,20:00:27.50,28.6760,51.8410,10.0000,2.6000,ML,TEH,4,4,66.7170,142.8000,142.8000,primary
642967561,2023-06-17,21:19:28.30,28.4020,52.4580,17.6000,2.8000,ML,TEH,7,4,110.0830,118.9000,118.9000,primary
642967568,2023-06-18,15:18:45.20,28.4820,52.3180,16.2000,2.7000,ML,TEH,7,4,104.5233,116.6000,116.6000,primary
642967569,2023-06-18,23:44:12.50,29.7020,51.3820,7.3000,2.8000,ML,TEH,8,4,28.9107,183.3000,164.9000,primary
642967577,2023-06-21,04:23:01.90,29.6830,51.0620,10.0000,2.7000,ML,TEH,4,4,58.9333,206.6000,206.6000,primary
626329416,2023-06-25,18:48:52.94,28.2314,52.8655,14.0000,3.3000,MS,ISC,286,7,13.3434,112.4000,23.6000,primary
642967599,2023-06-28,13:16:16.90,29.5150,51.4490,10.0000,2.6000,ML,TEH,3,3,23.3509,176.5000,176.5000,primary
642967607,2023-06-30,16:05:37.20,29.1820,51.8800,10.0000,2.5000,ML,TEH,4,2,52.2616,237.6000,167.4000,primary
642967611,2023-07-01,12:36:58.10,28.4740,51.7640,10.0000,2.5000,ML,TEH,4,3,51.1497,133.1000,133.1000,primary
642967636,2023-07-09,23:56:20.20,28.3730,51.3190,27.9000,2.7000,ML,TEH,6,3,5.5598,219.3000,219.3000,primary
636664353,2023-07-16,12:07:04.24,29.8885,50.6025,22.0000,3.4000,ML,ISC,40,5,85.6201,177.9000,74.5000,primary
642365038,2023-07-16,21:03:05.40,29.3130,52.1490,10.3000,2.8000,ML,TEH,4,4,51.1497,175.7000,175.7000,primary
642967654,2023-07-16,21:03:42.79,29.3682,52.0277,25.0000,3.6000,mb,ISC,43,7,44.4780,75.4000,75.4000,primary
642967659,2023-07-17,05:29:34.70,29.3780,52.0890,10.0000,2.8000,ML,TEH,6,4,48.9258,161.4000,161.4000,primary
642967693,2023-07-25,19:02:45.80,29.0370,52.0620,17.0000,2.5000,ML,TEH,8,3,74.5006,193.4000,114.0000,primary
626677315,2023-07-29,08:32:38.41,28.2917,51.9727,15.0000,3.6000,mb,ISC,25,6,70.0528,144.9000,144.9000,primary
642967711,2023-07-29,23:11:04.70,29.8780,51.9480,5.0000,2.5000,ML,TEH,5,4,40.0302,130.6000,121.5000,primary
642967712,2023-07-31,01:00:02.10,28.4140,52.3510,12.1000,2.8000,ML,TEH,6,3,106.7472,139.3000,121.3000,primary
642967719,2023-08-02,14:52:45.90,29.1420,50.3590,20.4000,2.8000,ML,TEH,23,2,123.4265,293.1000,188.4000,primary
642967736,2023-08-06,18:33:22.90,29.6240,51.3200,10.0000,2.6000,ML,TEH,5,4,33.3585,187.2000,187.2000,primary
642967737,2023-08-06,18:44:59.90,29.6100,51.4390,18.9000,2.7000,ML,TEH,4,3,21.1271,178.2000,178.2000,primary
642967738,2023-08-06,22:08:02.70,29.6120,51.4210,16.8000,2.6000,ML,TEH,4,3,23.3509,179.5000,159.7000,primary
642967739,2023-08-07,03:57:55.26,29.5961,51.4472,20.0000,3.3000,ML,ISC,35,4,21.1271,177.4000,125.7000,primary
636664737,2023-08-15,14:46:15.01,29.7765,51.1426,22.0000,3.1000,ML,ISC,30,5,53.3736,141.2000,74.9000,primary
626716036,2023-08-16,21:46:58.74,28.6645,52.6429,16.0000,3.8000,mb,ISC,59,6,53.3736,107.3000,82.2000,primary
642967783,2023-08-18,17:11:18.40,28.4600,50.2100,10.0000,2.6000,ML,TEH,5,1,103.4113,360.0000,270.2000,primary
642967800,2023-08-23,22:18:37.30,29.8270,50.9960,7.4000,2.5000,ML,TEH,8,4,68.9409,212.6000,186.1000,primary
642967806,2023-08-25,05:55:35.30,27.1960,52.4880,6.0000,2.8000,ML,TEH,4,2,68.9409,240.7000,240.7000,primary
642967814,2023-08-27,02:45:13.10,27.4940,52.4040,17.7000,2.8000,ML,TEH,6,2,147.8894,265.2000,237.1000,primary
636665073,2023-09-01,00:04:34.01,29.6950,50.6341,10.0000,3.3000,ML,ISC,66,5,57.8214,179.5000,44.2000,primary
642967832,2023-09-01,00:06:15.30,29.7770,50.6460,8.0000,2.5000,ML,TEH,6,4,100.0755,234.4000,205.3000,primary
636665074,2023-09-01,01:08:32.61,29.8097,50.5999,22.0000,2.8000,ML,ISC,17,4,104.5233,237.4000,94.2000,primary
642967834,2023-09-01,06:04:45.88,29.7276,50.5017,10.0000,,,ISC,18,4,55.5975,197.0000,129.6000,primary
642967835,2023-09-01,06:23:25.47,29.7226,50.6808,25.0000,3.3000,ML,ISC,47,4,63.3811,122.5000,49.7000,primary
642967836,2023-09-01,06:40:06.44,29.7510,50.6955,10.0000,3.4000,ML,ISC,46,4,66.7170,121.8000,44.4000,primary
642967837,2023-09-01,09:33:56,29.9910,50.8740,20.4000,2.8000,ML,TEH,11,3,97.8516,177.5000,141.7000,primary
642967844,2023-09-02,03:26:24,29.8610,51.9450,10.0000,2.8000,ML,TEH,11,4,38.9182,128.5000,110.5000,primary
642967855,2023-09-04,10:19:34.20,29.7710,50.5730,8.0000,2.8000,ML,TEH,6,3,169.0164,238.7000,208.7000,primary
626730706,2023-09-04,19:57:32.82,27.8884,51.9785,11.3000,3.7000,MS,ISC,278,5,87.8440,189.6000,61.5000,primary
636665110,2023-09-04,20:56:38.85,27.8410,52.0089,10.0000,3.4000,ML,ISC,60,5,93.4038,192.6000,74.6000,primary
642967860,2023-09-04,21:09:39.90,27.8730,51.8080,15.4000,2.8000,ML,TEH,6,2,76.7245,201.9000,201.9000,primary
642967861,2023-09-04,23:22:10.70,27.8800,51.9790,8.0000,2.8000,ML,TEH,4,4,88.9560,190.5000,190.5000,primary
642967862,2023-09-05,04:08:55.22,27.8176,51.8257,6.5000,3.5000,ML,ISC,27,5,82.2843,206.0000,192.3000,primary
642967863,2023-09-05,04:17:32.20,27.8620,51.9490,10.0000,2.6000,ML,TEH,3,3,87.8440,194.0000,194.0000,primary
635629557,2023-09-05,07:28:06.35,29.7345,50.5010,25.0000,3.5000,MS,ISC,145,5,56.7094,197.4000,31.5000,primary
636665130,2023-09-05,07:58:23.00,29.7137,50.6346,25.0000,3.3000,ML,ISC,35,5,60.0453,180.9000,53.8000,primary
642967865,2023-09-05,09:13:18.50,29.7000,50.1730,22.2000,2.8000,ML,TEH,7,3,144.5535,258.7000,229.3000,primary
642967867,2023-09-06,10:45:03.60,29.6630,51.2840,5.0000,2.7000,ML,TEH,5,3,104.5233,169.7000,157.3000,primary
642967868,2023-09-06,19:44:58.04,28.9476,51.3728,10.0000,3.1000,ML,ISC,28,5,65.6050,98.8000,98.8000,primary
635681566,2023-09-06,19:56:19.28,28.9248,51.3060,17.0000,3.8000,mb,ISC,65,5,62.2692,106.8000,74.6000,primary
642967869,2023-09-06,20:43:40.96,28.9494,51.2929,17.0000,3.5000,ML,ISC,27,4,64.4931,203.1000,135.4000,primary
635691169,2023-09-07,14:16:30.47,27.8682,51.9693,10.0000,3.0000,MS,ISC,83,5,88.9560,192.2000,70.2000,primary
642967875,2023-09-07,14:22:00.80,27.8130,51.8790,25.9000,2.7000,ML,TEH,5,2,85.6201,203.1000,203.1000,primary
642967876,2023-09-07,17:22:33.10,27.9050,51.9670,12.9000,2.6000,ML,TEH,4,3,85.6201,188.7000,188.7000,primary
642967877,2023-09-07,17:25:44.70,27.9310,52.0160,13.0000,2.8000,ML,TEH,7,4,87.8440,183.2000,183.2000,primary
642967879,2023-09-08,03:40:23.70,27.8780,51.9710,10.0000,2.8000,ML,TEH,7,4,87.8440,191.1000,191.1000,primary
642967884,2023-09-09,02:26:51.45,28.0843,51.6285,16.0000,3.6000,ML,ISC,30,6,47.8138,192.3000,176.8000,primary
642967885,2023-09-09,02:48:21.40,27.9470,51.7800,28.0000,2.7000,ML,TEH,6,2,68.9409,315.7000,277.2000,primary
636665173,2023-09-10,18:05:50.83,28.8371,52.2588,12.0000,3.3000,ML,ISC,52,7,92.2918,90.3000,39.8000,primary
636665186,2023-09-11,08:12:31.72,29.6976,50.6129,25.0000,3.2000,ML,ISC,52,3,102.2994,294.7000,54.6000,primary
642967891,2023-09-11,12:23:37.10,29.7520,50.5260,10.3000,2.9000,ML,TEH,5,2,111.1950,302.8000,211.1000,primary
642967895,2023-09-12,09:36:03.82,27.8835,52.1102,16.4000,3.7000,ML,ISC,51,6,96.7396,182.8000,67.2000,primary
642967904,2023-09-14,22:23:12.70,29.7470,51.7060,10.0000,2.8000,ML,TEH,8,3,15.5673,262.3000,147.0000,primary
635730325,2023-09-15,10:01:27.24,28.8492,52.8169,16.0000,4.2000,mb,ISC,138,5,83.3962,135.5000,24.5000,primary
642967908,2023-09-15,19:32:53.30,28.8400,52.2390,8.0000,2.8000,ML,TEH,6,5,92.2918,90.2000,90.2000,primary
642967924,2023-09-19,13:48:46.30,29.1610,51.3550,5.0000,2.7000,ML,TEH,9,4,33.3585,200.6000,172.9000,primary
642967932,2023-09-21,22:30:37.10,29.2880,52.1730,10.0000,2.5000,ML,TEH,3,3,51.1497,181.2000,181.2000,primary
642967935,2023-09-22,01:13:09.50,27.7930,51.9180,17.3000,2.7000,ML,TEH,7,3,90.0679,202.6000,202.6000,primary
642967944,2023-09-25,13:28:28.20,28.6080,52.0880,10.0000,2.7000,ML,TEH,7,4,85.6201,157.5000,157.5000,primary
635745599,2023-09-28,08:52:39.26,29.8427,51.1087,22.0000,3.0000,MS,ISC,105,4,58.9333,229.0000,26.2000,primary
642967956,2023-09-29,01:06:09.50,28.4100,52.3620,10.0000,2.8000,ML,TEH,5,5,107.8591,121.4000,121.4000,primary
642967958,2023-09-29,03:38:11.80,28.9650,52.6590,10.0000,2.7000,ML,TEH,4,4,76.7245,130.0000,130.0000,primary
642967966,2023-10-02,01:21:54.30,28.4010,52.4560,22.7000,2.7000,ML,TEH,7,4,110.0830,184.5000,168.8000,primary
642967971,2023-10-02,19:40:52.20,29.9410,50.5420,10.0000,2.8000,ML,TEH,10,2,187.9195,301.3000,204.5000,primary
642967973,2023-10-03,03:44:24,29.9830,50.9950,10.0000,2.6000,ML,TEH,4,1,181.2478,360.0000,194.9000,primary
642967974,2023-10-03,04:00:21,29.9050,50.5330,28.0000,2.8000,ML,TEH,11,4,75.6126,261.7000,166.3000,primary
635783805,2023-10-03,12:58:00.93,29.8752,50.3968,22.0000,3.7000,mb,ISC,44,3,68.9409,276.4000,45.1000,primary
636666974,2023-10-05,10:26:41.50,29.9082,50.4736,10.0000,3.5000,ML,ISC,37,4,74.5006,265.9000,58.8000,primary
642967983,2023-10-05,14:15:02.50,28.2700,52.3480,10.0000,2.6000,ML,TEH,4,2,106.7472,269.7000,180.4000,primary
636666975,2023-10-05,15:08:06.64,26.9877,52.5805,10.0000,3.1000,ML,DSN,6,0,369.1674,360.0000,340.1000,primary
642968030,2023-10-07,16:30:19.90,29.7420,51.2120,16.4000,2.7000,ML,TEH,6,3,45.5899,229.7000,111.0000,primary
642968160,2023-10-10,13:58:42.01,29.3740,51.5510,10.0000,3.3000,ML,ISC,22,5,28.9107,118.1000,69.7000,primary
642968326,2023-10-15,23:06:07.70,28.4480,51.6780,10.0000,2.6000,ML,TEH,4,3,42.2541,130.3000,127.5000,primary
635860251,2023-10-16,13:56:13.68,28.5361,52.0572,23.4000,3.8000,mb,ISC,79,7,80.0604,116.0000,25.1000,primary
642968370,2023-10-17,13:07:29.00,29.4430,51.5147,20.0000,2.9000,ML,ISC,16,4,23.3509,205.4000,134.4000,primary
636667676,2023-10-18,10:50:01.70,26.9482,52.3267,10.0000,3.4000,ML,ISC,19,3,93.4038,264.2000,191.7000,primary
642968387,2023-10-18,11:05:06.48,27.0834,52.4728,10.0000,3.3000,ML,ISC,11,3,74.5006,252.8000,236.4000,primary
642968404,2023-10-19,01:22:07.20,27.2410,52.5400,10.0000,2.8000,ML,TEH,6,1,176.8000,360.0000,248.9000,primary
635835662,2023-10-19,22:43:33.07,29.6267,52.1634,10.0000,4.2000,MS,ISC,480,5,33.3585,178.8000,23.8000,primary
642968410,2023-10-20,02:49:56.90,29.8220,52.1790,10.0000,2.8000,ML,TEH,3,3,37.8063,236.3000,236.3000,primary
642968411,2023-10-20,03:25:13.80,29.7040,52.1370,6.0000,2.9000,ML,TEH,7,4,36.6944,202.9000,108.0000,primary
636667682,2023-10-20,06:17:33.53,29.6910,52.1899,10.0000,2.9000,ML,ISC,18,3,32.2465,199.3000,71.0000,primary
636667683,2023-10-20,06:19:44.41,29.7346,52.1907,10.0000,3.2000,ML,ISC,25,5,33.3585,212.8000,51.0000,primary
642968416,2023-10-20,06:25:24.90,29.7090,52.1820,5.0000,2.7000,ML,TEH,5,3,33.3585,204.8000,108.3000,primary
642968417,2023-10-20,08:17:58.50,29.7010,52.1670,5.0000,2.7000,ML,TEH,5,3,34.4704,202.2000,110.0000,primary
642968420,2023-10-20,17:36:01.60,29.6920,52.1670,6.0000,2.9000,ML,TEH,7,3,34.4704,199.4000,111.9000,primary
642968427,2023-10-21,01:28:36.10,29.7300,52.1520,6.0000,2.5000,ML,TEH,4,3,36.6944,210.7000,171.2000,primary
642968432,2023-10-21,10:09:52.50,29.4960,52.3640,15.0000,2.9000,ML,TEH,6,3,22.2390,179.1000,120.9000,primary
642968436,2023-10-21,12:49:25.20,28.4710,52.4750,10.0000,2.9000,ML,TEH,5,3,107.8591,176.8000,163.0000,primary
642968438,2023-10-21,16:49:47.30,28.5640,52.4070,10.0000,2.7000,ML,TEH,4,4,114.5309,146.1000,146.1000,primary
642968441,2023-10-21,21:33:56.60,29.5910,51.8110,10.0000,2.8000,ML,TEH,10,3,14.4553,165.6000,77.8000,primary
642968444,2023-10-22,02:44:12.50,29.5020,52.1650,5.0000,2.9000,ML,TEH,7,3,36.6944,149.9000,149.9000,primary
642968449,2023-10-22,09:51:40.60,29.8140,52.1920,6.2000,2.7000,ML,TEH,4,4,36.6944,144.9000,144.9000,primary
642968450,2023-10-22,12:24:30.10,29.7110,52.1920,10.0000,2.8000,ML,TEH,4,4,32.2465,125.5000,125.5000,primary
635867459,2023-10-22,20:08:54.92,29.8385,50.8459,10.0000,3.9000,mb,ISC,103,4,82.2843,222.6000,29.1000,primary
642968453,2023-10-22,23:09:26.10,29.6420,52.1940,10.0000,2.6000,ML,TEH,3,3,31.1346,176.5000,176.5000,primary
642968455,2023-10-23,03:53:05.70,29.7590,52.1960,6.0000,2.9000,ML,TEH,12,4,33.3585,135.5000,83.1000,primary
642968472,2023-10-24,19:50:03.50,29.4910,52.1640,9.9000,2.6000,ML,TEH,5,4,37.8063,151.8000,151.8000,primary
642968473,2023-10-25,02:59:12.60,29.1860,51.9290,20.1000,2.6000,ML,TEH,5,3,53.3736,167.5000,167.5000,primary
642968481,2023-10-25,20:09:38.90,29.5300,52.1480,8.9000,2.8000,ML,TEH,6,3,37.8063,149.5000,143.4000,primary
642968489,2023-10-27,08:17:53.20,29.7600,52.1760,7.0000,2.7000,ML,TEH,5,4,35.5824,133.7000,133.7000,primary
642968493,2023-10-27,13:14:05.70,29.8220,50.7300,10.0000,2.8000,ML,TEH,9,4,93.4038,229.8000,196.5000,primary
642968495,2023-10-27,14:42:54.70,28.6690,52.5490,10.0000,2.7000,ML,TEH,4,3,107.8591,257.0000,257.0000,primary
642968498,2023-10-27,20:21:22,29.4620,51.3730,6.0000,2.8000,ML,TEH,12,4,32.2465,181.8000,162.6000,primary
642968507,2023-10-28,19:13:46.30,29.6740,52.1770,6.0000,2.8000,ML,TEH,5,4,32.2465,116.9000,116.9000,primary
642968521,2023-10-30,00:59:22.70,29.8820,52.1830,10.0000,2.6000,ML,TEH,3,3,41.1421,250.2000,250.2000,primary
642968537,2023-10-31,20:41:14.50,29.3350,51.1810,10.0000,2.6000,ML,TEH,3,3,55.5975,240.6000,240.6000,primary
642968548,2023-11-02,15:35:25.10,29.5240,51.4660,8.0000,2.5000,ML,TEH,10,3,21.1271,281.8000,263.5000,primary
642968553,2023-11-03,01:33:32.70,28.6470,52.3830,10.0000,2.5000,ML,TEH,4,4,111.1950,156.9000,156.9000,primary
642968559,2023-11-03,15:29:38.90,29.6430,52.1870,10.0000,2.6000,ML,TEH,5,4,31.1346,122.5000,122.5000,primary
642968564,2023-11-04,08:32:21.70,29.2100,51.9720,7.0000,2.8000,ML,TEH,12,4,53.3736,109.4000,109.4000,primary
642968588,2023-11-07,12:29:33.60,29.7170,52.1860,10.0000,2.8000,ML,TEH,7,3,32.2465,127.2000,106.5000,primary
642968589,2023-11-07,17:20:58.50,28.9070,51.4680,10.0000,2.6000,ML,TEH,3,2,63.3811,212.3000,164.2000,primary
642968594,2023-11-07,23:19:59.60,28.9340,51.1750,10.0000,2.7000,ML,TEH,4,3,63.3811,219.6000,197.3000,primary
642968603,2023-11-08,16:41:50.50,29.1770,52.2590,16.1000,2.6000,ML,TEH,6,3,56.7094,202.0000,185.4000,primary
642968609,2023-11-10,03:24:55,29.2500,51.2890,10.0000,2.9000,ML,TEH,6,3,98.9635,186.8000,171.0000,primary
642968631,2023-11-13,04:56:34.90,29.2240,51.2780,17.1000,2.5000,ML,TEH,6,2,95.6277,247.6000,187.6000,primary
642968637,2023-11-14,21:36:53.40,29.1190,51.2760,13.8000,2.8000,ML,TEH,10,2,83.3962,242.8000,172.1000,primary
642968646,2023-11-18,05:25:16.60,29.6960,52.1440,8.0000,2.5000,ML,TEH,6,4,36.6944,119.3000,111.0000,primary
642968670,2023-11-24,20:39:50.90,28.6300,52.7630,10.4000,2.8000,ML,TEH,7,5,81.1723,150.6000,150.6000,primary
642968692,2023-11-29,00:20:11.70,29.8160,51.7050,8.0000,2.8000,ML,TEH,6,4,23.3509,195.2000,174.3000,primary
642968701,2023-11-30,16:18:56.80,28.1350,52.3560,9.0000,2.8000,ML,TEH,6,5,110.0830,145.8000,145.8000,primary
642968709,2023-12-02,08:45:56.80,29.1770,51.9660,16.3000,2.8000,ML,TEH,8,3,74.5006,171.8000,107.8000,primary
636670144,2023-12-04,11:54:32.37,28.8051,51.6066,10.0000,2.9000,ML,ISC,19,4,31.1346,171.4000,67.5000,primary
642968733,2023-12-08,17:45:51.90,28.4780,52.9810,18.7000,2.6000,ML,TEH,5,4,127.8742,124.7000,124.7000,primary
642968743,2023-12-10,18:17:14.60,28.4200,52.9910,25.1000,2.9000,ML,TEH,8,7,57.8214,99.3000,96.5000,primary
642968749,2023-12-12,08:09:48.90,29.1070,51.4390,10.0000,2.5000,ML,TEH,4,3,30.0226,173.5000,170.9000,primary
642968751,2023-12-12,13:27:17.70,29.1100,51.2720,10.0000,2.8000,ML,TEH,10,4,27.7987,213.3000,172.5000,primary
636670196,2023-12-12,18:18:44.94,29.0047,51.4052,17.0000,2.8000,ML,ISC,36,3,18.9032,201.9000,81.0000,primary
642968761,2023-12-14,23:04:29.60,29.1200,51.3060,10.0000,2.5000,ML,TEH,5,4,28.9107,209.1000,184.3000,primary
642968764,2023-12-15,08:35:50.80,29.5310,50.8620,26.9000,2.8000,ML,TEH,6,4,77.8365,219.8000,197.3000,primary
636372408,2023-12-16,15:09:51.16,29.2961,51.2838,20.0000,3.9000,mb,ISC,71,5,47.8138,187.5000,42.1000,primary
636372425,2023-12-16,17:00:10.70,28.3994,52.3360,16.0000,3.9000,mb,ISC,76,7,64.4931,123.0000,34.8000,primary
636372485,2023-12-17,12:59:44.52,28.4130,52.3434,10.0000,3.8000,mb,ISC,40,7,64.4931,121.6000,121.6000,primary
642968775,2023-12-17,23:09:18.80,27.9340,52.1850,8.0000,2.9000,ML,TEH,6,6,102.2994,173.8000,173.8000,primary
642968779,2023-12-18,12:08:56,29.5140,52.5110,10.0000,2.8000,ML,TEH,7,4,83.3962,251.9000,96.9000,primary
636428043,2023-12-18,12:17:28.08,29.7056,52.5369,15.0000,3.2000,MS,ISC,74,6,85.6201,174.4000,44.5000,primary
642968783,2023-12-19,13:46:17.40,29.1210,51.2910,10.0000,2.5000,ML,TEH,5,4,28.9107,211.3000,185.7000,primary
642968785,2023-12-19,21:59:23,27.9220,52.1870,10.0000,2.7000,ML,TEH,6,5,103.4113,174.9000,174.9000,primary
642968786,2023-12-19,22:06:49.90,27.9260,52.1810,10.0000,2.7000,ML,TEH,5,4,102.2994,174.8000,174.8000,primary
642968787,2023-12-20,04:21:21,29.7230,51.0920,10.0000,2.5000,ML,TEH,4,4,56.7094,204.7000,204.7000,primary
642968798,2023-12-22,13:50:28.90,29.5160,52.8240,6.2000,2.7000,ML,TEH,7,4,33.3585,295.5000,160.9000,primary
642968808,2023-12-23,19:56:06.80,29.8350,51.6800,6.6000,2.8000,ML,TEH,7,5,24.4629,108.4000,107.8000,primary
636370401,2023-12-25,17:26:55.13,29.8322,51.5801,15.0000,3.7000,MS,ISC,198,4,92.2918,166.0000,29.9000,primary
642968814,2023-12-25,18:34:27,29.8710,51.6100,8.0000,2.8000,ML,TEH,6,4,28.9107,170.8000,163.8000,primary
642968816,2023-12-26,10:34:08.40,28.3960,51.9810,10.0000,2.8000,ML,TEH,4,3,71.1648,280.1000,169.7000,primary
636464852,2023-12-27,12:37:06.33,26.9396,52.4827,10.0000,3.5000,MS,ISC,52,3,81.1723,266.3000,63.2000,primary
636508590,2023-12-30,20:14:15.81,27.0015,52.4261,10.0000,3.6000,mb,ISC,36,3,82.2843,260.2000,76.3000,primary
644634743,2024-01-01,01:39:20.60,28.6150,51.2730,10.0000,2.5000,ML,TEH,4,3,27.7987,196.2000,193.9000,recent
644634788,2024-01-04,17:08:32.20,29.7640,51.8670,10.0000,2.9000,ML,TEH,7,4,25.5748,211.8000,188.9000,recent
644634805,2024-01-05,02:46:49.60,29.0370,52.6790,5.0000,2.6000,ML,TEH,6,3,68.9409,255.5000,182.1000,recent
643107773,2024-01-10,00:15:04.42,27.0066,52.5310,35.0000,2.7000,ml,OMAN,21,0,201.2629,360.0000,226.3000,recent
644634902,2024-01-12,16:57:48.10,29.6090,52.7910,8.2000,2.9000,ML,TEH,18,4,26.6868,277.1000,155.5000,recent
644635066,2024-01-24,18:38:45.40,28.9270,52.2000,10.0000,2.6000,ML,TEH,3,3,84.5082,244.8000,244.8000,recent
644635091,2024-01-26,03:52:10.40,29.3200,51.3510,1.4000,2.9000,ML,TEH,8,4,44.4780,180.8000,167.2000,recent
644635115,2024-01-27,20:16:40.40,28.8510,52.2000,10.5000,2.7000,ML,TEH,5,3,92.2918,222.8000,218.9000,recent
644635211,2024-01-30,10:23:39.60,28.6850,50.9350,10.0000,2.5000,ML,TEH,14,4,47.8138,216.8000,216.8000,recent
644635208,2024-01-30,14:08:31.70,29.1440,51.9320,10.0000,2.6000,ML,TEH,3,2,68.9409,333.7000,226.2000,recent
644635228,2024-01-31,03:29:53.83,29.5715,52.5919,10.0000,3.1000,ML,ISC,31,5,11.1195,195.7000,57.3000,recent
636852565,2024-02-07,01:25:31.97,29.0953,51.1977,16.0000,3.6000,mb,ISC,51,5,27.7987,222.4000,52.4000,recent
644635491,2024-02-12,15:24:29.90,29.6590,51.1990,10.0000,2.5000,ML,TEH,5,5,45.5899,196.5000,196.5000,recent
637012258,2024-02-19,17:56:59.86,28.8168,52.5663,12.0000,3.7000,mb,ISC,50,7,72.2767,112.2000,40.2000,recent
644635691,2024-02-19,18:35:43.90,29.6880,52.4390,5.0000,2.9000,ML,TEH,9,5,8.8956,154.3000,92.9000,recent
644635850,2024-02-26,06:35:52.30,28.4620,51.4230,10.6000,2.8000,ML,TEH,5,4,18.9032,196.6000,196.6000,recent
644635852,2024-02-26,13:31:04.80,28.4650,52.3580,13.8000,2.8000,ML,TEH,6,4,107.8591,257.6000,163.5000,recent
644158432,2024-02-26,18:57:50.67,27.2843,52.9303,10.0000,3.4000,ml,OMAN,17,0,251.3007,360.0000,241.9000,recent
644635898,2024-02-29,01:42:18.70,28.7140,52.6210,14.3000,2.8000,ML,TEH,8,5,96.7396,150.3000,144.5000,recent
637083669,2024-03-03,15:03:58.45,29.0208,51.2119,15.6000,3.6000,mb,ISC,49,6,18.9032,166.7000,102.1000,recent
644636039,2024-03-08,20:15:37.20,29.7020,52.1410,10.0000,2.7000,ML,TEH,6,6,36.6944,120.3000,120.3000,recent
644636041,2024-03-09,11:40:29.70,29.0210,52.0220,20.0000,2.9000,ML,TEH,11,5,73.3887,191.2000,169.7000,recent
644636637,2024-03-16,16:53:52.10,29.3980,52.7230,10.0000,2.6000,ML,TEH,4,2,33.3585,268.4000,262.6000,recent
644639399,2024-03-28,20:37:25.10,29.5980,52.0340,6.0000,2.6000,ML,TEH,6,5,35.5824,125.1000,125.1000,recent
637131059,2024-03-31,03:45:46.51,29.3148,51.1549,10.0000,3.6000,mb,ISC,43,6,52.2616,166.3000,101.0000,recent
644639415,2024-04-01,17:17:14.90,29.5020,52.1470,9.5000,2.7000,ML,TEH,5,5,38.9182,148.3000,148.3000,recent
643111248,2024-04-02,19:45:31.16,29.3066,51.1503,24.0000,3.4000,ML,ISC,36,6,51.1497,167.0000,85.5000,recent
644639424,2024-04-03,16:47:14.30,29.6670,52.2220,10.0000,2.8000,ML,TEH,6,5,28.9107,117.6000,117.6000,recent
644639447,2024-04-08,18:49:31.80,29.1880,51.3250,5.0000,2.9000,ML,TEH,13,5,35.5824,151.2000,151.2000,recent
644639459,2024-04-11,16:03:29.20,28.7170,52.2350,24.2000,2.8000,ML,TEH,8,6,93.4038,98.9000,98.9000,recent
644639465,2024-04-14,20:11:42.40,28.8580,52.6720,17.0000,2.6000,ML,TEH,8,5,87.8440,135.0000,134.5000,recent
644639467,2024-04-15,02:47:38.90,28.8170,52.6970,26.0000,2.6000,ML,TEH,7,4,92.2918,160.2000,137.4000,recent
641496086,2024-04-16,03:50:12.96,28.6684,51.8094,15.0000,3.6000,mb,ISC,24,7,54.4855,100.4000,100.4000,recent
641538326,2024-04-24,09:34:02.77,27.6867,52.3757,14.0000,3.3000,MS,ISC,89,5,86.7321,188.5000,49.5000,recent
644639504,2024-04-24,11:29:01.50,27.7540,52.3960,12.6000,2.7000,ML,TEH,4,2,130.0981,342.4000,220.6000,recent
644639510,2024-04-26,13:11:45.80,29.7890,50.5930,10.0000,2.7000,ML,TEH,7,5,53.3736,221.9000,203.9000,recent
644639519,2024-04-28,04:55:46.70,28.0190,52.2080,13.1000,2.8000,ML,TEH,6,3,100.0755,164.1000,164.1000,recent
644639521,2024-04-28,07:33:28.50,28.9600,52.2210,6.0000,2.9000,ML,TEH,6,4,81.1723,214.5000,122.8000,recent
644639523,2024-04-28,20:23:24.30,28.2870,52.2970,9.4000,2.6000,ML,TEH,8,5,102.2994,134.3000,134.3000,recent
644639524,2024-04-29,04:18:17.50,28.6170,51.3900,11.8000,2.6000,ML,TEH,6,4,28.9107,160.7000,160.7000,recent
641540843,2024-04-30,04:09:35.54,28.5804,51.1042,10.0000,3.7000,mb,ISC,25,6,28.9107,202.8000,164.6000,recent
644639530,2024-04-30,21:12:05.20,27.7440,51.2310,11.7000,2.5000,ML,TEH,4,1,68.9409,360.0000,267.8000,recent
644639531,2024-05-01,02:38:15.30,27.8450,52.4270,19.3000,2.9000,ML,TEH,8,4,92.2918,169.4000,169.4000,recent
644639534,2024-05-03,02:37:17,27.5950,52.6070,13.8000,2.9000,ML,TEH,6,4,62.2692,186.0000,186.0000,recent
644639539,2024-05-05,02:20:17.70,28.0280,51.6540,25.0000,2.8000,ML,TEH,10,5,53.3736,240.0000,240.0000,recent
644639540,2024-05-05,13:08:29.10,29.7160,51.1520,10.0000,2.8000,ML,TEH,7,5,51.1497,152.6000,152.6000,recent
644639546,2024-05-07,03:31:09.00,29.5205,51.4321,9.2000,3.4000,ML,ISC,31,5,24.4629,174.9000,90.9000,recent
644639551,2024-05-08,09:48:41.50,29.5930,51.4580,10.0000,2.5000,ML,TEH,6,5,20.0151,129.9000,129.9000,recent
644639553,2024-05-08,15:50:33.40,29.3540,51.5450,6.0000,2.5000,ML,TEH,4,4,31.1346,172.7000,172.7000,recent
644639563,2024-05-10,15:27:04.70,29.7030,51.2350,6.4000,2.9000,ML,TEH,10,6,42.2541,145.0000,145.0000,recent
644639569,2024-05-11,07:43:52.60,29.1270,52.0610,22.9000,2.6000,ML,TEH,6,5,66.7170,185.4000,185.4000,recent
641555157,2024-05-12,09:45:58.97,28.4095,52.9765,9.5000,3.6000,mb,ISC,50,8,13.3434,97.8000,52.9000,recent
644639574,2024-05-12,17:24:51.80,27.7670,52.3880,14.2000,2.6000,ML,TEH,6,3,90.0679,179.5000,179.5000,recent
644639575,2024-05-12,19:46:27.30,27.6810,52.3470,19.1000,2.8000,ML,TEH,10,4,88.9560,190.6000,190.6000,recent
644639578,2024-05-13,00:25:37.80,27.6780,52.3210,11.5000,2.9000,ML,TEH,10,4,91.1799,192.3000,192.3000,recent
643111927,2024-05-13,15:25:13.53,27.6149,52.3282,14.0000,2.8000,ML,ISC,12,4,87.8440,198.5000,178.3000,recent
641559029,2024-05-14,17:16:11.71,28.5086,52.4451,16.0000,3.7000,mb,ISC,14,4,111.1950,172.4000,159.9000,recent
644639593,2024-05-17,03:02:56.20,28.6400,51.8170,19.4000,2.7000,ML,TEH,11,4,62.2692,146.2000,138.3000,recent
644639600,2024-05-18,22:19:48.10,29.7120,52.2040,8.0000,2.8000,ML,TEH,8,6,31.1346,126.6000,107.3000,recent
641570974,2024-05-24,16:58:10.71,29.1116,51.2375,10.0000,3.6000,mb,ISC,54,5,27.7987,172.3000,95.2000,recent
641576780,2024-05-28,12:22:28.49,28.3196,52.6148,10.2000,3.9000,mb,ISC,72,7,36.6944,119.0000,106.4000,recent
644639632,2024-05-28,20:56:24.50,29.3920,52.1520,10.0000,2.5000,ML,TEH,5,5,44.4780,165.9000,165.9000,recent
641584038,2024-06-01,23:40:34.96,28.6357,51.9163,15.0000,3.7000,mb,ISC,59,6,65.6050,134.8000,47.7000,recent
644639648,2024-06-02,13:21:06.80,28.3830,52.3010,5.0000,2.6000,ML,TEH,6,3,102.2994,293.4000,170.7000,recent
641584096,2024-06-02,20:24:40.02,28.7076,52.7678,16.0000,4.0000,mb,ISC,105,7,51.1497,119.0000,45.9000,recent
641588691,2024-06-03,10:46:42.26,28.6243,52.7327,16.0000,3.8000,mb,ISC,89,7,45.5899,112.6000,48.9000,recent
644639657,2024-06-06,12:43:48.90,29.7510,52.1910,8.0000,2.5000,ML,TEH,6,5,33.3585,133.4000,106.6000,recent
644639659,2024-06-06,15:42:21.60,28.4770,52.0660,23.5000,2.5000,ML,TEH,8,4,80.0604,172.7000,161.4000,recent
644639667,2024-06-08,17:21:11.75,28.0472,52.9682,10.0000,3.2000,ML,ISC,21,6,26.6868,193.1000,146.1000,recent
641597084,2024-06-10,08:40:59.34,29.5642,51.5370,20.0000,4.0000,mb,ISC,76,6,13.3434,119.2000,37.4000,recent
644639673,2024-06-11,23:25:10.50,29.2010,51.3580,10.0000,2.5000,ML,TEH,7,5,37.8063,145.0000,145.0000,recent
644639681,2024-06-14,08:09:58.70,28.0990,52.3850,10.0000,2.5000,ML,TEH,3,3,113.4189,188.7000,188.7000,recent
641615008,2024-06-14,13:18:53.35,27.9022,52.3545,15.0000,4.0000,mb,ISC,72,6,75.6126,167.9000,39.2000,recent
644639689,2024-06-17,00:15:40,28.6380,52.3870,21.3000,2.8000,ML,TEH,5,2,114.5309,202.1000,149.2000,recent
644639690,2024-06-17,00:27:10.20,28.5530,52.4000,23.6000,2.6000,ML,TEH,7,4,113.4189,167.3000,167.3000,recent
644639715,2024-06-21,16:46:45.30,28.7180,51.3070,19.2000,2.6000,ML,TEH,6,4,16.6792,167.5000,156.7000,recent
644639722,2024-06-24,07:58:39.30,29.4960,51.2680,13.0000,2.5000,ML,TEH,6,6,40.0302,150.2000,150.2000,recent
643112247,2024-06-28,22:25:39.17,28.2406,52.5281,15.0000,3.3000,ML,ISC,47,6,45.5899,128.8000,65.7000,recent
641647819,2024-06-29,08:57:45.67,27.9654,51.8394,10.0000,3.7000,mb,ISC,49,7,72.2767,190.3000,160.3000,recent
644639739,2024-07-02,07:38:32.90,29.4820,50.1490,11.3000,3.0000,ML,TEH,10,4,104.5233,256.9000,230.5000,recent
643112311,2024-07-05,14:36:20.62,27.2034,52.8725,10.0000,2.9000,ML,ISC,24,3,32.2465,323.2000,76.2000,recent
644639752,2024-07-08,17:52:38.30,27.7990,52.4230,10.0000,2.8000,ML,TEH,4,3,88.9560,174.3000,174.3000,recent
641660839,2024-07-09,19:14:58.40,27.8428,52.8105,10.0000,3.8000,mb,ISC,30,6,52.2616,143.3000,143.3000,recent
644639756,2024-07-09,19:37:30.40,29.5050,50.1180,10.8000,2.6000,ML,TEH,6,4,104.5233,259.3000,259.3000,recent
644639772,2024-07-14,14:17:50.50,28.6370,51.4390,10.0000,2.9000,ML,TEH,8,5,28.9107,167.1000,120.8000,recent
644639774,2024-07-15,17:23:31.10,29.3100,52.1780,10.0000,2.5000,ML,TEH,4,4,48.9258,179.3000,179.3000,recent
641915650,2024-07-17,19:30:33.70,29.9859,51.2110,10.0000,3.7000,mb,ISC,112,5,51.1497,126.4000,21.2000,recent
641940743,2024-07-19,00:35:20.73,28.6579,52.6493,16.0000,3.7000,mb,ISC,34,6,52.2616,107.2000,55.5000,recent
643112467,2024-07-19,07:46:12.64,28.9959,52.4061,12.0000,3.1000,ML,ISC,20,6,72.2767,106.8000,80.5000,recent
644639797,2024-07-20,20:26:52.80,28.6200,51.2930,7.0000,2.9000,ML,TEH,6,4,28.9107,158.3000,158.3000,recent
644639800,2024-07-21,17:27:10.17,29.4725,51.3122,10.0000,2.9000,ML,ISC,12,5,37.8063,146.7000,132.4000,recent
644639802,2024-07-21,21:50:44.35,28.8602,51.2981,17.0000,2.9000,ML,ISC,15,5,55.5975,158.1000,141.7000,recent
644639808,2024-07-23,15:42:16.60,28.5000,52.6300,28.0000,2.9000,ML,TEH,8,5,92.2918,174.4000,174.4000,recent
644639809,2024-07-23,16:38:04.10,28.3340,51.7500,21.6000,2.8000,ML,TEH,6,4,47.8138,246.9000,246.9000,recent
644639810,2024-07-23,21:13:47.40,29.6870,52.1870,5.2000,2.8000,ML,TEH,8,7,32.2465,120.1000,94.4000,recent
644639819,2024-07-26,01:29:16.40,29.7260,51.0710,6.0000,2.6000,ML,TEH,4,4,58.9333,161.0000,161.0000,recent
644639823,2024-07-27,00:13:07.10,29.2620,52.1750,11.2000,2.6000,ML,TEH,7,5,53.3736,100.9000,100.9000,recent
644639824,2024-07-27,07:20:11.60,28.7300,50.6860,11.0000,2.5000,ML,TEH,4,2,68.9409,237.2000,237.2000,recent
644639825,2024-07-27,07:27:15.60,29.9700,51.7590,7.0000,2.6000,ML,TEH,6,4,41.1421,124.2000,100.2000,recent
644639826,2024-07-27,07:47:45.90,29.9700,51.7320,7.0000,2.6000,ML,TEH,6,5,40.0302,122.1000,98.7000,recent
644639837,2024-07-31,08:02:59.70,28.9700,52.4740,6.0000,2.8000,ML,TEH,8,3,74.5006,237.8000,180.2000,recent
644639838,2024-07-31,09:03:18.20,29.0370,52.3660,10.0000,2.5000,ML,TEH,5,3,68.9409,136.4000,119.4000,recent
642009689,2024-08-02,07:17:58.50,28.4230,52.1580,18.0000,3.5000,ML,TEH,73,6,82.2843,125.7000,,recent
644639856,2024-08-06,09:45:24.70,28.2120,52.8790,22.1000,2.7000,ML,TEH,6,4,75.6126,181.3000,181.3000,recent
644639857,2024-08-06,09:49:41.70,28.2010,52.8580,10.0000,2.9000,ML,TEH,8,5,77.8365,182.2000,182.2000,recent
644639858,2024-08-06,22:29:10.40,27.8370,52.6300,17.1000,2.7000,ML,TEH,9,3,76.7245,157.6000,157.6000,recent
641941876,2024-08-09,03:20:08.40,27.9860,52.0560,21.5000,3.9000,ML,TEH,163,6,88.9560,175.3000,,recent
644639866,2024-08-10,01:35:55.50,28.6570,52.8300,20.6000,2.8000,ML,TEH,4,2,113.4189,274.1000,274.1000,recent
644639869,2024-08-10,08:11:58.80,28.1360,52.1530,10.0000,2.7000,ML,TEH,5,2,91.1799,205.1000,154.9000,recent
641968224,2024-08-14,03:48:08.95,27.8663,52.0334,10.0000,4.4000,mb,NEIC,231,4,93.4038,241.5000,,recent
644639877,2024-08-14,20:57:49.90,29.7880,51.3460,10.0000,2.6000,ML,TEH,4,3,74.5006,173.1000,159.4000,recent
644639906,2024-08-22,18:08:05.70,28.8260,52.5720,12.9000,2.7000,ML,TEH,5,3,90.0679,252.1000,252.1000,recent
644639912,2024-08-23,20:04:23.30,28.1840,51.5490,20.2000,2.7000,ML,TEH,5,3,34.4704,275.0000,275.0000,recent
644639933,2024-08-29,21:08:24.80,29.5190,51.9670,12.8000,2.7000,ML,TEH,7,5,31.1346,133.0000,133.0000,recent
644639934,2024-08-30,13:08:08.70,29.5350,51.9790,10.9000,2.6000,ML,TEH,5,5,32.2465,131.5000,131.5000,recent
642153626,2024-08-30,14:51:14.20,29.1610,50.1180,7.3000,3.6000,ML,TEH,73,4,136.7698,145.6000,,recent
644639939,2024-09-01,13:29:14.40,28.5690,52.2220,20.9000,2.8000,ML,TEH,7,3,96.7396,163.9000,163.9000,recent
644639972,2024-09-10,01:57:51.40,29.9960,51.4320,8.0000,3.0000,ML,TEH,30,5,47.8138,108.7000,49.8000,recent
644181512,2024-09-12,09:49:10.10,28.5120,52.0900,5.0000,2.9000,ML,TEH,14,4,83.3962,168.8000,,recent
643112843,2024-09-12,23:35:13.40,28.0310,51.7760,28.0000,2.8000,ML,TEH,14,5,62.2692,187.2000,176.1000,recent
644640000,2024-09-16,03:18:45.30,29.7530,50.6030,10.0000,2.8000,ML,TEH,8,4,57.8214,219.9000,207.5000,recent
644640003,2024-09-17,02:09:21.60,28.6900,52.6490,15.8000,2.9000,ML,TEH,12,5,93.4038,109.6000,94.2000,recent
644640008,2024-09-18,10:31:27.30,28.4250,52.0770,27.9000,2.5000,ML,TEH,5,3,80.0604,247.8000,247.8000,recent
644640010,2024-09-18,11:58:37,28.5110,51.7510,20.0000,2.5000,ML,TEH,4,2,51.1497,255.2000,254.3000,recent
644640017,2024-09-20,13:37:53.60,27.8760,52.4020,28.0000,2.7000,ML,TEH,4,3,95.6277,167.8000,167.8000,recent
644640025,2024-09-21,09:48:11.10,28.6620,51.0880,14.3000,3.5000,ML,TEH,64,5,37.8063,197.4000,,recent
643112905,2024-09-25,19:07:46,29.1400,51.3820,8.0000,3.1000,ML,TEH,28,5,58.9333,146.8000,61.8000,recent
642269861,2024-09-27,19:10:40.25,27.1874,52.3838,0.0000,3.2000,MS,IDC,91,4,78.9484,242.4000,,recent
644640052,2024-09-29,09:26:27.10,29.7550,51.3700,16.9000,2.7000,ML,TEH,6,4,78.9484,129.8000,129.8000,recent
644640054,2024-09-29,11:48:46.30,29.2900,51.9210,6.6000,2.6000,ML,TEH,5,5,43.3661,221.7000,221.7000,recent
644640055,2024-09-29,22:34:50.80,28.6720,52.8530,17.4000,2.6000,ML,TEH,9,6,73.3887,121.4000,119.6000,recent
644640061,2024-10-03,03:49:22.70,29.4160,52.0730,10.0000,2.7000,ML,TEH,5,5,50.0377,154.9000,154.9000,recent
644640103,2024-10-10,03:15:07,29.9760,51.5570,7.0000,2.7000,ML,TEH,8,5,41.1421,109.9000,102.8000,recent
644640111,2024-10-11,08:48:28.80,28.4400,52.0700,18.0000,2.9000,ML,TEH,9,6,80.0604,125.7000,125.7000,recent
644640121,2024-10-12,15:48:50.80,29.7580,51.6110,9.9000,2.7000,ML,TEH,9,6,16.6792,106.9000,106.9000,recent
644640143,2024-10-21,11:29:30.90,29.3900,52.3360,17.5000,2.5000,ML,TEH,5,5,32.2465,191.3000,191.3000,recent
644640154,2024-10-23,03:39:55.10,28.7490,51.3060,11.1000,2.7000,ML,TEH,8,5,13.3434,157.0000,157.0000,recent
642654252,2024-10-24,00:38:44.63,28.5850,52.2760,10.0000,5.1000,mb,GFZ,787,6,76.7245,141.0000,,recent
644640156,2024-10-24,04:35:57.70,28.4890,52.1810,10.0000,2.5000,ML,TEH,3,3,91.1799,172.5000,172.5000,recent
644640160,2024-10-26,05:18:51.50,29.3080,51.5760,15.5000,2.5000,ML,TEH,6,5,34.4704,128.9000,128.9000,recent
642296763,2024-10-26,17:08:18.90,29.3210,51.6030,18.0000,3.6000,ML,TEH,201,6,32.2465,124.8000,,recent
643113023,2024-10-26,17:38:14.90,29.3220,51.6100,8.4000,2.9000,ML,TEH,14,5,32.2465,130.1000,130.1000,recent
644640162,2024-10-27,01:17:00.80,29.3190,51.5800,10.0000,2.9000,ML,TEH,11,5,33.3585,128.3000,126.7000,recent
644640163,2024-10-27,01:38:48.30,29.3240,51.5870,11.4000,2.7000,ML,TEH,10,5,32.2465,128.3000,126.1000,recent
644640175,2024-10-30,00:03:19.60,28.8190,51.5790,10.0000,2.9000,ML,TEH,11,5,58.9333,122.4000,122.4000,recent
644640193,2024-11-04,23:00:37.70,29.3040,51.5950,10.0000,2.9000,ML,TEH,9,5,34.4704,130.5000,125.6000,recent
643113452,2024-11-10,09:56:36.60,29.5580,51.7790,8.0000,3.3000,ML,TEH,58,6,13.3434,97.2000,56.4000,recent
642519636,2024-11-11,19:21:51.53,28.1223,50.0137,10.0000,4.4000,mb,NEIC,195,1,124.5384,360.0000,,recent
643113528,2024-11-11,19:45:02.26,28.1820,50.1345,10.0000,3.6000,ML,DSN,36,1,112.3070,360.0000,115.9000,recent
645467038,2024-11-11,21:56:20.44,27.7473,50.2913,14.1000,2.8000,mb,OMAN,26,1,197.9271,360.0000,158.2000,recent
642643551,2024-11-21,00:31:31.50,29.5320,51.2850,8.0000,3.3000,ML,TEH,73,5,37.8063,147.3000,35.8000,recent
642643555,2024-11-21,02:03:05.80,29.1250,52.1200,17.5000,3.4000,ML,TEH,74,6,68.9409,89.1000,41.5000,recent
642547769,2024-11-21,04:59:15.99,29.3540,51.3510,10.0000,5.2000,mb,GFZ,682,6,41.1421,146.3000,,recent
642643563,2024-11-21,05:25:14.10,29.3220,51.3410,10.9000,3.1000,ML,TEH,39,6,44.4780,147.9000,75.7000,recent
644640252,2024-11-21,09:32:08.90,29.4560,51.0820,9.0000,2.9000,ML,TEH,6,5,58.9333,169.8000,169.8000,recent
644640265,2024-11-26,09:14:36.20,29.0540,52.3250,8.0000,2.7000,ML,TEH,6,4,67.8289,218.3000,218.3000,recent
644640266,2024-11-26,10:14:18.20,28.7510,52.5950,16.7000,2.9000,ML,TEH,10,4,98.9635,164.8000,91.9000,recent
644640268,2024-11-26,12:04:16.20,28.6770,52.5330,5.0000,3.1000,ML,TEH,10,5,103.4113,101.3000,97.6000,recent
644640269,2024-11-26,19:56:24.20,28.5920,51.9590,10.0000,2.6000,ML,TEH,4,4,73.3887,110.6000,110.6000,recent
642651480,2024-11-26,19:59:32.10,28.0880,52.9430,23.4000,3.6000,ML,THR,44,6,22.2390,115.6000,114.8000,recent
642559474,2024-11-27,15:46:16.90,27.6830,52.3060,18.0000,4.0000,ML,TEH,268,4,93.4038,192.6000,14.2000,recent
644182341,2024-11-27,16:32:46.05,27.6364,52.4842,13.8000,2.9000,mb,OMAN,25,2,144.5535,256.1000,77.1000,recent
643106379,2024-11-27,18:08:57.70,27.7490,52.2970,10.0000,2.8000,ML,TEH,31,3,96.7396,186.2000,162.6000,recent
644640291,2024-12-01,18:56:17,29.7450,51.0980,5.0000,2.8000,ML,TEH,12,5,56.7094,157.0000,157.0000,recent
644640293,2024-12-02,12:05:17.10,28.6600,51.0960,10.0000,2.9000,ML,TEH,5,4,36.6944,196.2000,196.2000,recent
644640300,2024-12-04,04:56:50,29.1510,52.0560,16.8000,2.9000,ML,TEH,11,5,63.3811,106.4000,106.4000,recent
644640301,2024-12-04,09:40:19.50,29.0400,52.3210,17.2000,2.9000,ML,TEH,8,4,68.9409,118.8000,118.8000,recent
642659465,2024-12-05,07:49:47.73,29.4995,50.5788,0.0000,4.0000,mb,IDC,4,0,1918.1137,360.0000,330.6000,recent
642628750,2024-12-05,13:25:59.37,28.4370,51.8580,10.0000,5.0000,mb,GFZ,512,5,58.9333,129.0000,,recent
642632283,2024-12-05,13:26:02.23,28.4298,51.7856,25.0000,4.7000,Mw,AUST,39,0,584.8857,360.0000,80.6000,recent
642628752,2024-12-05,13:42:25.90,28.4680,51.6720,24.2000,4.0000,ML,TEH,148,5,42.2541,123.9000,30.4000,recent
642659487,2024-12-05,15:12:50.60,28.4320,51.7300,19.9000,3.7000,ML,TEH,112,6,46.7019,130.3000,31.6000,recent
644640309,2024-12-05,15:48:11.70,28.5280,51.5900,15.6000,2.6000,ML,TEH,9,3,36.6944,204.7000,198.6000,recent
642628765,2024-12-05,17:38:46.40,28.4171,51.7405,10.0000,4.4000,mb,NEIC,210,6,47.8138,132.7000,,recent
644640310,2024-12-05,19:17:34.80,28.3920,51.7850,5.0000,2.8000,ML,TEH,5,3,51.1497,239.6000,227.8000,recent
644640311,2024-12-05,20:22:09.50,28.3780,51.8030,5.0000,2.6000,ML,TEH,5,3,53.3736,242.2000,229.9000,recent
644640313,2024-12-06,01:47:45.90,29.8730,51.6590,7.0000,2.6000,ML,TEH,9,5,28.9107,109.9000,103.0000,recent
644640314,2024-12-06,05:57:15.30,28.8550,50.9640,10.0000,2.6000,ML,TEH,5,3,62.2692,201.4000,201.4000,recent
643107555,2024-12-06,06:21:44.50,29.8570,51.6330,8.0000,3.2000,ML,TEH,44,5,26.6868,107.2000,59.6000,recent
644640320,2024-12-08,05:45:37.90,29.5170,52.9130,10.0000,2.9000,ML,TEH,9,2,41.1421,220.1000,82.0000,recent
644640330,2024-12-11,13:54:00.20,29.8940,52.0010,5.0000,3.0000,ML,TEH,25,5,45.5899,136.8000,62.2000,recent
644640332,2024-12-11,21:34:57.20,29.8910,52.0430,10.0000,2.6000,ML,TEH,5,5,47.8138,140.4000,140.4000,recent
644640339,2024-12-12,23:19:59.90,28.7310,52.6790,20.2000,2.9000,ML,TEH,8,4,91.1799,150.8000,91.2000,recent
643107577,2024-12-13,10:54:46.90,29.8190,50.7110,8.0000,3.2000,ML,TEH,17,5,47.8138,206.4000,85.5000,recent
644640363,2024-12-20,03:21:33.60,28.2980,52.3710,12.4000,2.8000,ML,TEH,9,5,108.9711,130.6000,130.6000,recent
644640370,2024-12-21,04:51:47.90,29.0540,51.9990,10.9000,3.2000,ML,TEH,31,7,70.0528,92.3000,74.8000,recent
642713073,2024-12-23,06:31:51.50,27.4080,52.4850,20.0000,3.7000,ML,THR,82,5,67.8289,215.2000,55.7000,recent
642717620,2024-12-25,15:28:06.40,29.3970,52.5390,15.0000,3.2000,ML,TEH,66,7,26.6868,139.3000,41.1000,recent
644640384,2024-12-25,18:05:53.20,28.9680,52.1000,5.6000,2.8000,ML,TEH,6,5,78.9484,202.7000,202.7000,recent
644640392,2024-12-27,17:38:02.20,29.8980,50.6700,6.0000,2.7000,ML,TEH,6,5,40.0302,214.0000,212.9000,recent
644640398,2024-12-29,12:16:37.10,29.5760,51.4360,10.0000,2.5000,ML,TEH,4,3,22.2390,178.1000,178.1000,recent
644640399,2024-12-29,20:00:06.60,29.3600,51.6120,6.1000,2.6000,ML,TEH,6,6,28.9107,127.2000,127.2000,recent
644640400,2024-12-30,11:05:34.50,29.1570,51.3930,16.2000,2.7000,ML,TEH,7,4,33.3585,161.1000,161.1000,recent
644640401,2024-12-30,16:20:11.20,29.2070,51.2290,10.7000,2.6000,ML,TEH,6,4,61.1572,161.3000,161.3000,recent
644640526,2025-01-04,19:36:17.30,27.9490,51.9430,15.9000,3.0000,ML,TEH,42,5,81.1723,185.5000,137.2000,recent
642696528,2025-01-04,21:42:35.60,27.6460,51.7460,23.3000,4.0000,ML,TEH,120,3,92.2918,225.8000,46.5000,recent
644640527,2025-01-05,05:20:10.20,29.6860,51.7910,18.8000,2.6000,ML,TEH,8,5,14.4553,105.7000,105.7000,recent
642702266,2025-01-06,16:59:50.09,28.1592,52.3922,10.0000,5.3000,mb,NEIC,675,6,113.4189,141.9000,,recent
642702269,2025-01-06,17:23:14.60,28.1900,52.3540,17.8000,3.3000,ML,TEH,33,6,108.9711,140.9000,73.5000,recent
642746999,2025-01-06,17:24:07.77,28.1400,52.2770,10.0000,4.8000,mb,GFZ,341,3,102.2994,185.1000,,recent
642747002,2025-01-06,17:29:53.60,28.1898,52.2965,10.0000,4.1000,mb,NEIC,50,5,103.4113,143.4000,,recent
644640533,2025-01-06,17:49:35.40,28.2080,52.4470,10.0000,2.6000,ML,TEH,4,3,117.8667,200.4000,135.1000,recent
644640534,2025-01-06,18:52:31.80,28.4750,52.2680,10.0000,2.8000,ML,TEH,4,3,100.0755,174.8000,174.8000,recent
642702612,2025-01-06,19:28:39.66,28.1251,52.4035,10.0000,4.9000,mb,NEIC,398,5,114.5309,144.5000,,recent
642747011,2025-01-06,19:38:52.40,28.1430,52.4020,19.8000,3.3000,ML,TEH,53,6,114.5309,142.9000,135.1000,recent
642747015,2025-01-06,19:58:24.20,28.2350,52.2710,18.3000,3.4000,ML,TEH,37,5,100.0755,140.1000,140.1000,recent
644640536,2025-01-06,20:54:19.40,28.1380,52.3160,24.9000,2.9000,ML,TEH,9,6,106.7472,147.4000,147.4000,recent
644640537,2025-01-06,20:56:55.90,28.2330,52.3110,9.1000,2.7000,ML,TEH,6,5,104.5233,138.8000,138.8000,recent
644640538,2025-01-06,21:06:40.70,28.1440,52.2470,19.9000,3.3000,ML,TEH,19,6,100.0755,149.9000,149.9000,recent
644640539,2025-01-06,21:24:51.50,28.1610,52.3380,8.0000,2.7000,ML,TEH,5,4,107.8591,144.2000,144.2000,recent
642702618,2025-01-06,21:41:52.30,28.1840,52.2370,18.9000,3.7000,ML,TEH,89,6,97.8516,146.5000,138.2000,recent
644640540,2025-01-06,23:01:54.20,28.2340,52.5220,10.0000,2.7000,ML,TEH,4,4,107.8591,129.6000,129.6000,recent
644640541,2025-01-06,23:36:47.60,28.2040,52.3170,27.1000,2.9000,ML,TEH,15,5,104.5233,141.2000,141.2000,recent
642747029,2025-01-06,23:48:16.80,28.0910,52.3770,20.0000,3.4000,ML,TEH,49,5,113.4189,148.8000,142.5000,recent
644640544,2025-01-07,03:19:54.40,28.2190,52.4020,11.7000,2.7000,ML,TEH,4,3,113.4189,155.9000,155.9000,recent
644640545,2025-01-07,03:21:51.20,28.2530,52.2230,20.5000,2.5000,ML,TEH,4,3,95.6277,157.1000,140.3000,recent
644640546,2025-01-07,03:58:36.50,27.8380,52.1190,28.0000,2.8000,ML,TEH,4,2,102.2994,186.9000,186.9000,recent
642747114,2025-01-07,04:21:59.20,28.2450,52.2670,10.0000,2.8000,ML,TEH,11,5,100.0755,139.3000,139.3000,recent
644640547,2025-01-07,05:00:39.40,28.2590,52.4150,10.0000,2.5000,ML,TEH,4,3,113.4189,202.2000,153.5000,recent
644640549,2025-01-07,07:43:25.80,28.1750,52.3240,10.0000,2.7000,ML,TEH,6,5,106.7472,143.5000,143.5000,recent
644640550,2025-01-07,08:30:09.60,28.1980,52.2900,10.0000,2.6000,ML,TEH,5,5,102.2994,142.9000,142.9000,recent
642747152,2025-01-07,08:52:04.70,27.9420,52.1070,22.3000,2.9000,ML,TEH,14,5,95.6277,233.2000,213.1000,recent
644640551,2025-01-07,10:34:34.10,28.3340,52.2670,8.0000,2.7000,ML,TEH,5,4,98.9635,190.8000,175.3000,recent
642747162,2025-01-07,10:47:38,28.2580,52.3510,8.0000,2.8000,ML,TEH,12,4,107.8591,135.7000,134.8000,recent
642747165,2025-01-07,10:48:25.56,28.0182,52.3175,0.0000,3.7000,mb,IDC,15,0,436.9964,360.0000,182.7000,recent
642747178,2025-01-07,13:08:31.50,28.1670,52.3720,18.0000,3.5000,ML,TEH,30,6,111.1950,142.1000,142.1000,recent
642747180,2025-01-07,13:33:36.40,28.2400,52.2450,18.0000,3.5000,ML,TEH,31,6,97.8516,140.7000,140.7000,recent
644640553,2025-01-07,13:50:08.80,28.2520,52.2660,10.0000,2.7000,ML,TEH,9,4,98.9635,199.9000,182.7000,recent
642747201,2025-01-07,16:26:46.80,28.2680,52.3320,18.0000,3.5000,ML,TEH,63,5,105.6352,134.7000,65.9000,recent
644640555,2025-01-07,17:05:55.30,28.2830,52.3100,10.0000,2.8000,ML,TEH,6,3,103.4113,163.9000,134.2000,recent
644640556,2025-01-07,17:12:56.10,28.2150,52.3370,19.2000,3.4000,ML,TEH,13,5,106.7472,139.4000,139.4000,recent
644640557,2025-01-07,22:56:10.80,28.1380,52.2250,17.2000,2.9000,ML,TEH,8,5,97.8516,151.4000,151.4000,recent
644640558,2025-01-07,23:12:32.70,28.2320,52.2870,18.0000,3.2000,ML,TEH,18,5,102.2994,139.8000,139.8000,recent
642747233,2025-01-07,23:18:12,28.2790,52.3620,7.4000,3.5000,ML,TEH,39,5,107.8591,132.6000,124.4000,recent
644640559,2025-01-08,01:52:42.50,28.2510,52.2690,14.8000,3.2000,ML,TEH,23,5,100.0755,138.8000,138.8000,recent
644640561,2025-01-08,08:11:17,28.2300,52.4900,14.0000,3.1000,ML,TEH,7,5,118.9787,145.1000,131.3000,recent
644640562,2025-01-08,10:44:26.50,28.1240,52.4800,8.0000,2.8000,ML,TEH,5,4,110.0830,140.9000,140.7000,recent
644640563,2025-01-08,10:56:26.10,28.3130,52.3330,15.1000,2.6000,ML,TEH,5,4,105.6352,193.4000,176.7000,recent
644640564,2025-01-08,13:40:09.60,28.3850,52.3130,10.0000,2.9000,ML,TEH,8,3,103.4113,185.3000,185.3000,recent
644640565,2025-01-08,18:04:27.90,28.2620,52.4630,10.0000,2.6000,ML,TEH,8,2,117.8667,335.1000,138.6000,recent
642750291,2025-01-08,21:42:04.20,28.2410,52.4510,20.0000,3.2000,ML,TEH,30,5,114.5309,132.2000,71.9000,recent
644640594,2025-01-09,01:24:39.30,28.3540,52.2970,10.0000,2.5000,ML,TEH,4,4,101.1874,188.7000,188.7000,recent
644640597,2025-01-09,11:55:32.30,28.1810,52.3690,24.0000,3.1000,ML,TEH,8,4,110.0830,207.9000,187.8000,recent
642763567,2025-01-09,12:52:04.70,28.1420,52.3970,20.0000,3.6000,ML,TEH,84,5,114.5309,143.2000,46.5000,recent
644640600,2025-01-10,01:38:53.50,28.0700,52.3840,19.3000,3.1000,ML,TEH,11,5,111.1950,150.4000,150.4000,recent
642786862,2025-01-10,08:55:50.70,28.2160,52.3810,18.0000,3.4000,ML,TEH,32,5,111.1950,137.4000,131.1000,recent
644640607,2025-01-10,22:01:56.50,28.2780,52.3820,11.6000,2.5000,ML,TEH,4,3,110.0830,162.5000,162.5000,recent
642786930,2025-01-11,10:48:26.80,28.1850,52.3560,19.5000,3.5000,ML,TEH,42,5,108.9711,141.2000,87.4000,recent
642786951,2025-01-11,23:19:31,28.1740,52.3430,19.7000,3.8000,ML,TEH,77,5,107.8591,142.8000,63.3000,recent
644640614,2025-01-12,00:20:03.90,28.1920,52.3670,28.0000,2.8000,ML,TEH,5,4,110.0830,140.1000,140.1000,recent
644640616,2025-01-12,13:13:54.70,28.2630,52.2620,15.3000,2.8000,ML,TEH,6,3,98.9635,193.4000,137.8000,recent
644640714,2025-01-13,02:18:50.90,28.1750,52.3660,24.4000,3.0000,ML,TEH,18,6,110.0830,141.7000,141.7000,recent
644640720,2025-01-13,15:56:06.10,28.2970,52.3070,11.5000,2.8000,ML,TEH,4,3,103.4113,195.1000,178.3000,recent
644640721,2025-01-13,16:29:47.90,28.2810,52.4120,10.0000,2.9000,ML,TEH,5,3,113.4189,140.7000,130.4000,recent
642716218,2025-01-13,19:25:03.52,28.2410,52.3850,32.9000,4.9000,mb,GFZ,375,5,111.1950,135.0000,,recent
644640722,2025-01-13,19:39:24.40,28.2830,52.3890,21.7000,2.8000,ML,TEH,8,5,111.1950,131.2000,131.2000,recent
644640725,2025-01-14,00:06:35.60,28.1640,52.3810,9.7000,2.7000,ML,TEH,7,5,112.3070,142.0000,142.0000,recent
644640726,2025-01-14,00:32:38,28.1770,52.3570,10.6000,2.9000,ML,TEH,6,5,108.9711,141.9000,141.9000,recent
644640732,2025-01-14,19:27:00.90,28.2530,52.3540,20.0000,2.8000,ML,TEH,6,4,107.8591,135.2000,135.2000,recent
642807414,2025-01-14,21:50:41.70,28.0810,52.3000,20.0000,3.5000,ML,TEH,86,4,106.7472,218.1000,62.9000,recent
644640737,2025-01-15,17:50:02,28.2320,52.3430,8.0000,2.8000,ML,TEH,7,5,106.7472,137.5000,137.5000,recent
644640740,2025-01-15,20:55:50.90,28.1500,52.3700,18.0000,2.8000,ML,TEH,9,4,111.1950,211.2000,190.5000,recent
644640741,2025-01-15,22:19:38.80,28.1960,52.3740,18.0000,3.0000,ML,TEH,31,5,111.1950,139.4000,111.0000,recent
644640742,2025-01-15,22:26:36.60,28.3090,52.3200,17.3000,2.8000,ML,TEH,8,5,104.5233,131.5000,131.5000,recent
644640745,2025-01-16,14:32:17.10,28.2050,52.4100,10.0000,2.8000,ML,TEH,8,5,114.5309,137.1000,137.1000,recent
642807518,2025-01-16,15:12:38,28.5830,52.0580,15.2000,3.4000,ML,TEH,44,5,82.2843,111.4000,105.8000,recent
644640746,2025-01-16,15:16:38,28.6090,52.0410,14.5000,2.6000,ML,TEH,6,4,81.1723,156.5000,156.5000,recent
642734657,2025-01-16,19:20:55.77,29.6800,51.1080,24.0000,4.9000,mb,GFZ,439,6,54.4855,147.1000,,recent
644640747,2025-01-16,21:03:01.40,29.7130,51.1360,5.0000,2.9000,ML,TEH,16,5,52.2616,154.6000,154.6000,recent
644640748,2025-01-16,21:06:44.60,29.7300,51.1250,10.0000,2.5000,ML,TEH,9,5,53.3736,154.8000,154.8000,recent
642807529,2025-01-16,21:17:54.60,29.7270,51.1290,8.0000,3.6000,ML,TEH,61,6,53.3736,144.0000,45.4000,recent
644640749,2025-01-16,21:21:50.80,29.6720,51.1370,10.0000,2.6000,ML,TEH,5,5,51.1497,156.4000,156.4000,recent
644640750,2025-01-16,21:36:50.50,29.7300,51.1350,8.0000,2.6000,ML,TEH,5,4,52.2616,153.7000,153.7000,recent
642734709,2025-01-16,21:43:37.90,29.6850,51.1360,13.2000,4.4000,ML,TEH,262,6,51.1497,144.9000,31.7000,recent
642807530,2025-01-16,21:45:18.76,29.5969,50.9761,10.0000,4.3000,mb,NEIC,70,6,66.7170,159.6000,,recent
644640751,2025-01-16,21:52:50.20,29.8580,51.2610,10.0000,2.8000,ML,TEH,7,6,47.8138,130.5000,130.5000,recent
644640752,2025-01-16,21:54:51.50,29.7100,51.1400,12.0000,2.6000,ML,TEH,6,5,52.2616,154.2000,154.2000,recent
644640753,2025-01-16,22:00:23.80,29.6820,51.0860,8.0000,2.8000,ML,TEH,6,5,56.7094,161.4000,161.4000,recent
644640754,2025-01-16,22:02:02.30,29.7100,51.1550,8.0000,3.7000,ML,TEH,52,6,50.0377,142.8000,75.9000,recent
644640755,2025-01-16,22:26:16.60,29.7200,51.1370,8.0000,2.9000,ML,TEH,10,5,52.2616,154.1000,154.1000,recent
644640756,2025-01-16,23:06:12.70,28.2240,52.2890,19.6000,3.1000,ML,TEH,10,4,102.2994,140.5000,140.5000,recent
644640757,2025-01-16,23:27:27,29.7230,51.1480,10.0000,2.6000,ML,TEH,6,5,51.1497,152.8000,152.8000,recent
642815266,2025-01-17,00:10:11.70,29.6720,51.1460,9.2000,3.6000,ML,TEH,94,6,50.0377,144.7000,45.2000,recent
644631795,2025-01-17,00:58:37.90,29.6920,51.1730,8.0000,3.4000,ML,TEH,52,6,47.8138,142.2000,75.7000,recent
644631796,2025-01-17,07:34:52.80,29.7470,51.1990,8.0000,2.7000,ML,TEH,4,4,46.7019,146.1000,146.1000,recent
644631797,2025-01-17,07:56:57,29.7230,51.1880,6.0000,2.6000,ML,TEH,4,4,47.8138,148.6000,148.6000,recent
644631798,2025-01-17,08:24:49.60,29.7180,51.1740,8.0000,3.5000,ML,TEH,40,5,48.9258,150.3000,75.2000,recent
644631800,2025-01-17,10:23:45.40,29.7250,51.2400,6.0000,2.5000,ML,TEH,4,4,42.2541,143.3000,143.3000,recent
644631804,2025-01-17,23:43:05.40,29.7460,51.1480,6.0000,2.7000,ML,TEH,5,4,52.2616,151.5000,151.5000,recent
644631805,2025-01-18,01:37:16,28.1490,52.3710,18.0000,3.3000,ML,TEH,26,5,111.1950,143.8000,135.4000,recent
644631806,2025-01-18,18:05:08.70,29.2230,51.3390,8.2000,2.8000,ML,TEH,7,5,53.3736,150.0000,150.0000,recent
642816785,2025-01-18,19:47:33.40,28.1950,52.4140,22.5000,3.3000,ML,TEH,57,5,114.5309,137.8000,44.8000,recent
642816796,2025-01-18,22:11:17.30,30.0000,50.6740,8.0000,4.0000,ML,TEH,138,5,28.9107,166.4000,27.1000,recent
642737932,2025-01-19,02:20:25.79,29.9577,50.6703,10.0000,4.6000,mb,NEIC,296,6,33.3585,168.8000,,recent
642737950,2025-01-19,07:30:13.80,29.6770,51.1440,11.2000,4.1000,ML,TEH,167,6,51.1497,144.7000,31.8000,recent
644631811,2025-01-19,12:19:17.60,28.0160,52.3940,11.3000,2.9000,ML,TEH,5,5,106.7472,154.9000,154.9000,recent
644631814,2025-01-20,00:44:16.70,29.7450,51.1560,10.0000,2.6000,ML,TEH,11,6,51.1497,141.5000,141.5000,recent
644631816,2025-01-20,10:42:37.30,28.1840,52.3280,25.6000,2.8000,ML,TEH,8,4,106.7472,207.4000,188.0000,recent
644631817,2025-01-20,11:05:24.70,29.7120,51.1070,10.0000,2.5000,ML,TEH,6,5,54.4855,157.7000,157.7000,recent
644631818,2025-01-20,13:17:29.60,29.7220,51.4890,14.7000,2.6000,ML,TEH,4,4,21.1271,122.0000,122.0000,recent
644631820,2025-01-20,16:17:48.50,28.3590,52.2580,22.6000,2.6000,ML,TEH,5,3,97.8516,188.0000,173.0000,recent
642830691,2025-01-20,16:57:39.50,29.6980,51.1620,8.3000,3.3000,ML,TEH,43,5,48.9258,152.5000,76.0000,recent
642740397,2025-01-20,23:13:39.80,28.1780,52.2490,22.8000,3.6000,ML,TEH,98,4,98.9635,208.0000,47.0000,recent
644631821,2025-01-21,10:15:09.20,28.5720,51.7040,28.0000,2.6000,ML,TEH,6,3,48.9258,208.6000,141.6000,recent
644631822,2025-01-21,11:06:01.20,29.7390,51.1260,6.5000,3.3000,ML,TEH,15,6,53.3736,143.7000,143.7000,recent
642741440,2025-01-21,20:49:44.26,27.5580,52.9950,10.0000,4.5000,mb,GFZ,154,4,28.9107,152.8000,,recent
644631827,2025-01-21,23:50:45.50,29.7090,51.1550,9.0000,3.1000,ML,TEH,21,6,50.0377,142.9000,142.9000,recent
644631828,2025-01-22,01:41:46.90,29.6740,51.0850,5.0000,2.7000,ML,TEH,6,5,56.7094,161.8000,161.8000,recent
642841031,2025-01-22,03:45:40.50,28.1000,52.3820,28.0000,3.8000,ML,TEH,101,5,113.4189,147.8000,62.7000,recent
644631833,2025-01-22,20:25:21,28.1910,52.3510,15.3000,2.7000,ML,TEH,7,5,108.9711,140.9000,140.9000,recent
644631835,2025-01-23,00:48:02.70,28.1740,52.3740,21.3000,2.6000,ML,TEH,7,5,111.1950,141.4000,141.4000,recent
642743927,2025-01-23,05:42:13.24,28.1788,52.2703,10.0000,4.9000,mb,NEIC,405,5,101.1874,145.5000,,recent
644631836,2025-01-23,05:45:08.90,28.2850,52.3330,22.3000,3.6000,ML,TEH,5,5,105.6352,133.1000,133.1000,recent
642841116,2025-01-23,05:55:31.30,28.2350,52.2560,18.3000,3.7000,ML,TEH,23,5,98.9635,140.8000,140.8000,recent
644631837,2025-01-23,19:10:31.50,28.2270,52.2960,20.0000,2.7000,ML,TEH,6,3,102.2994,139.9000,139.9000,recent
644631841,2025-01-24,11:19:12.70,29.2010,52.1990,10.0000,2.6000,ML,TEH,5,4,57.8214,192.9000,192.9000,recent
642747253,2025-01-24,15:51:47.03,28.1274,52.3661,0.0000,4.4000,MS,IDC,348,5,111.1950,146.0000,,recent
644631842,2025-01-24,16:33:18,28.1760,52.3980,18.6000,3.5000,ML,TEH,21,5,113.4189,140.2000,140.2000,recent
644631845,2025-01-25,01:29:34,29.1420,51.2180,10.0000,2.9000,ML,TEH,7,4,67.8289,163.7000,163.7000,recent
644631846,2025-01-25,01:53:02.90,29.0660,51.2800,18.0000,2.8000,ML,TEH,5,4,71.1648,158.4000,158.4000,recent
642848523,2025-01-25,02:39:13.80,27.7400,52.9700,12.1000,3.4000,ML,TEH,52,4,47.8138,136.2000,83.2000,recent
642848565,2025-01-25,21:13:59.55,27.9650,50.4251,10.0000,3.7000,ML,DSN,49,1,93.4038,360.0000,124.6000,recent
645473349,2025-01-25,21:23:16,27.6602,50.5718,10.0000,3.0000,ml,OMAN,15,0,600.4530,360.0000,301.7000,recent
644631852,2025-01-26,05:01:45.80,29.7840,50.5590,8.0000,3.1000,ML,TEH,22,5,55.5975,226.0000,168.9000,recent
644631854,2025-01-26,06:34:03.80,27.9850,52.2440,11.0000,2.7000,ML,TEH,6,3,105.6352,165.6000,165.6000,recent
644631858,2025-01-26,19:05:34.50,28.3100,52.2660,21.5000,2.8000,ML,TEH,5,3,98.9635,193.5000,193.5000,recent
644631862,2025-01-29,12:16:48.90,29.7450,51.3190,10.0000,2.5000,ML,TEH,4,3,36.6944,188.3000,188.3000,recent
644631865,2025-01-30,06:06:48.50,27.9200,52.0470,16.9000,3.2000,ML,TEH,15,4,91.1799,182.6000,182.6000,recent
642881625,2025-01-30,10:10:06.40,28.1120,52.4090,20.0000,4.3000,ML,TEH,239,5,113.4189,145.3000,31.6000,recent
644631866,2025-01-30,10:57:19.50,28.1960,52.3820,20.0000,3.0000,ML,TEH,7,3,111.1950,139.1000,139.1000,recent
644631867,2025-01-30,11:08:07.70,28.1300,52.4580,11.5000,3.2000,ML,TEH,13,5,112.3070,141.3000,141.3000,recent
642800543,2025-01-30,12:51:04.97,28.0015,52.3097,0.0000,3.8000,MS,IDC,287,5,110.0830,160.7000,32.0000,recent
645473361,2025-01-30,12:51:09.56,27.9786,52.3463,17.3000,4.2000,mb,OMAN,28,0,453.6756,360.0000,145.8000,recent
644631868,2025-01-30,13:28:17.30,28.1640,52.3990,23.6000,2.9000,ML,TEH,7,4,113.4189,141.1000,141.1000,recent
642881643,2025-01-30,14:29:40.50,28.1590,52.3580,19.0000,3.5000,ML,TEH,44,5,110.0830,143.5000,113.5000,recent
642881650,2025-01-30,17:03:59.70,28.1910,52.4340,18.0000,3.2000,ML,TEH,31,4,116.7548,137.1000,137.1000,recent
644631869,2025-01-30,18:48:51.30,28.1670,52.4630,20.0000,2.8000,ML,TEH,7,3,114.5309,141.1000,137.9000,recent
644631870,2025-01-31,00:58:16.70,28.1050,52.4190,19.3000,3.3000,ML,TEH,39,5,112.3070,145.5000,108.9000,recent
642806058,2025-01-31,08:48:36.70,28.1610,52.3900,21.0000,4.1000,ML,TEH,166,5,113.4189,141.9000,44.0000,recent
644631874,2025-01-31,13:45:13,28.2210,52.4420,10.0000,2.7000,ML,TEH,6,3,115.6428,204.1000,204.1000,recent
642883208,2025-01-31,14:03:42.90,28.0630,52.3750,19.9000,3.4000,ML,TEH,31,4,114.5309,220.0000,158.1000,recent
642883211,2025-01-31,14:21:57.70,28.0620,52.5030,11.2000,3.1000,ML,TEH,23,4,115.6428,220.8000,196.0000,recent
642883212,2025-01-31,15:14:15.90,28.0530,52.3610,15.1000,3.5000,ML,TEH,57,5,112.3070,153.2000,141.4000,recent
644631875,2025-01-31,15:16:28.60,28.1510,52.3070,10.0000,2.6000,ML,TEH,4,4,105.6352,146.5000,146.5000,recent
644631876,2025-01-31,15:30:59.40,28.1330,52.4160,12.0000,2.9000,ML,TEH,5,5,114.5309,143.1000,143.1000,recent
644631877,2025-01-31,16:23:01.10,28.3080,52.3680,16.0000,2.8000,ML,TEH,6,3,108.9711,194.1000,194.1000,recent
644631878,2025-01-31,17:11:28,28.1010,52.4530,20.0000,3.3000,ML,TEH,25,5,110.0830,144.1000,144.1000,recent
642883218,2025-01-31,17:28:45.70,28.0640,52.3280,23.5000,3.5000,ML,TEH,63,5,110.0830,153.8000,110.5000,recent
642883221,2025-01-31,18:45:52.60,28.0860,52.3840,17.5000,3.3000,ML,TEH,27,5,113.4189,148.9000,148.9000,recent
644631880,2025-01-31,18:48:26,28.2540,52.3970,10.0000,2.8000,ML,TEH,5,5,112.3070,133.3000,133.3000,recent
644631881,2025-01-31,19:27:54.60,28.1350,52.4610,9.9000,2.8000,ML,TEH,6,5,112.3070,140.8000,140.8000,recent
642883225,2025-01-31,20:24:29.40,28.0950,52.4270,18.2000,3.5000,ML,TEH,63,5,111.1950,146.0000,73.5000,recent
644631883,2025-01-31,20:32:35.10,28.0940,52.4520,18.2000,2.8000,ML,TEH,18,5,108.9711,144.8000,141.2000,recent
644631884,2025-01-31,20:48:47,28.1720,52.4940,27.5000,2.5000,ML,TEH,5,3,113.4189,143.5000,136.0000,recent
642807618,2025-01-31,21:08:11.40,28.0630,52.3740,20.0000,3.7000,ML,TEH,106,5,111.1950,151.5000,35.2000,recent
642883243,2025-02-01,05:02:51.30,28.1810,52.3705,10.0000,4.1000,mb,NEIC,78,0,462.5712,360.0000,,recent
642883274,2025-02-01,13:29:15.09,27.6258,51.7927,0.0000,3.0000,MS,IDC,8,0,841.7461,360.0000,243.8000,recent
642883296,2025-02-01,22:20:47.16,28.4064,52.1209,0.0000,3.7000,mb,IDC,5,0,2110.4811,360.0000,267.4000,recent
642888519,2025-02-02,03:27:31.18,28.1329,52.3535,0.0000,3.4000,MS,IDC,36,0,461.4592,360.0000,141.7000,recent
642816821,2025-02-04,14:17:45.52,28.1220,52.3390,10.0000,4.5000,mb,NEIC,274,0,441.4441,360.0000,,recent
642912974,2025-02-04,15:15:34.34,28.0696,51.9854,0.0000,3.6000,mb,IDC,11,0,855.0896,360.0000,152.9000,recent
642912975,2025-02-04,15:29:32.96,27.9564,51.9837,0.0000,3.8000,mb,IDC,16,0,847.3059,360.0000,185.8000,recent
642817570,2025-02-05,07:49:55.81,27.9923,52.3743,0.0000,4.1000,mb,IDC,80,0,431.4366,360.0000,,recent
642914965,2025-02-05,13:17:25.46,27.8435,52.4338,0.0000,2.6000,MS,IDC,21,0,439.2202,360.0000,151.1000,recent
642819697,2025-02-05,20:24:37.68,28.0000,52.3799,0.0000,3.7000,MS,IDC,137,0,431.4366,360.0000,,recent
642915031,2025-02-05,22:45:49.53,28.0391,52.4654,0.0000,3.3000,MS,IDC,27,0,425.8768,360.0000,94.6000,recent
642916233,2025-02-07,22:19:55.94,27.6975,52.8462,10.0000,3.3000,ML,DSN,35,0,395.8542,360.0000,76.4000,recent
642848880,2025-02-10,05:53:47.91,27.9688,52.0764,10.0000,4.3000,mb,NEIC,108,0,455.8995,360.0000,,recent
645473379,2025-02-13,18:36:10.09,27.8670,52.0259,20.2000,2.9000,ml,OMAN,6,0,475.9146,360.0000,338.8000,recent
645473381,2025-02-14,03:06:56.73,28.0046,52.3906,10.0000,3.0000,ml,OMAN,11,0,451.4517,360.0000,337.0000,recent
642972230,2025-02-21,04:28:00.38,28.2568,50.0135,10.0000,4.0000,mb,NEIC,40,0,674.9537,360.0000,,recent
642974404,2025-02-22,16:33:05.86,28.0666,52.2237,0.0000,3.4000,MS,IDC,52,0,428.1008,360.0000,106.6000,recent
645088469,2025-03-08,18:01:46.41,26.8589,52.8977,10.0000,2.9000,ml,OMAN,16,0,335.8089,360.0000,320.3000,recent
642973148,2025-03-08,23:25:21.14,28.6112,52.6709,10.0000,4.3000,mb,NEIC,162,0,444.7800,360.0000,,recent
645088471,2025-03-09,14:33:30.28,29.9345,50.6615,10.0000,3.8000,ML,DSN,16,0,287.9950,360.0000,191.9000,recent
643050855,2025-03-09,19:14:31.25,29.9249,50.6691,10.0000,4.1000,ML,DSN,49,0,287.9950,360.0000,76.0000,recent
645088472,2025-03-09,19:28:39.91,29.8563,50.6294,10.0000,4.0000,ML,DSN,29,0,291.3309,360.0000,92.7000,recent
643059746,2025-03-10,01:04:43.58,29.8993,50.6352,10.0000,4.1000,ML,DSN,47,0,284.6592,360.0000,80.3000,recent
642973714,2025-03-10,08:46:23.78,29.4670,51.5834,10.0000,4.7000,mb,NEIC,383,0,365.8315,360.0000,,recent
645088476,2025-03-11,21:34:17.35,29.0292,51.4058,10.0000,3.5000,ML,DSN,25,0,341.3686,360.0000,201.0000,recent
645088482,2025-03-14,13:14:11.50,29.6511,51.1972,10.0000,3.6000,ML,DSN,13,0,334.6969,360.0000,192.4000,recent
645088484,2025-03-16,12:00:05.32,29.3881,51.4825,10.0000,3.1000,ML,DSN,12,0,385.8467,360.0000,155.6000,recent
643032074,2025-03-20,22:43:48.67,27.8940,51.9983,10.0000,4.3000,mb,NEIC,190,0,370.2793,360.0000,,recent
645088486,2025-03-20,23:20:45.48,27.0930,52.6012,7.1000,3.0000,ml,OMAN,16,0,371.3913,360.0000,316.4000,recent
643107519,2025-03-23,18:31:47.87,28.0570,52.3610,0.0000,3.8000,mb,IDC,39,0,435.8844,360.0000,139.3000,recent
643088701,2025-04-04,03:44:20.49,29.3793,52.8315,10.0000,4.5000,mb,NEIC,255,0,481.4743,360.0000,,recent
643164516,2025-04-04,04:26:34.62,27.3450,50.0652,10.0000,4.0000,ML,DSN,44,0,261.3082,360.0000,92.7000,recent
643165598,2025-04-05,12:27:19.46,28.7510,51.3844,10.0000,4.2000,mb,NEIC,77,0,557.0869,360.0000,,recent
643177383,2025-04-07,19:28:20.58,27.4491,52.8543,0.0000,3.5000,mb,IDC,28,0,361.3837,360.0000,165.3000,recent
645088519,2025-04-08,23:42:23.22,29.2155,52.7663,10.0000,3.6000,ML,DSN,25,0,491.4819,360.0000,100.9000,recent
643482748,2025-05-04,20:16:30.80,27.3118,50.0673,10.0000,3.8000,ML,DSN,35,0,264.6441,360.0000,132.2000,recent
644515041,2025-06-01,16:47:51.86,29.4891,52.6779,0.0000,3.2000,MS,IDC,24,0,518.1687,360.0000,119.1000,recent
644041776,2025-06-13,18:50:13.21,28.4322,50.1787,0.0000,3.8000,mb,IDC,27,0,223.5019,360.0000,119.1000,recent
644515717,2025-06-14,20:08:30.85,29.7395,52.0015,0.0000,,,IDC,3,0,3214.6474,360.0000,307.9000,recent
643536812,2025-06-17,15:25:39.07,29.0510,51.4812,10.0000,4.2000,mb,NEIC,140,0,349.1523,360.0000,,recent
645088644,2025-07-09,19:36:10.91,29.3211,50.5996,10.0000,2.8000,ML,DSN,5,0,281.3233,360.0000,341.9000,recent
644414111,2025-07-10,03:24:07.81,28.7387,51.3109,0.0000,3.4000,MS,IDC,81,0,355.8240,360.0000,39.4000,recent
645088646,2025-07-10,21:17:03.08,28.2143,50.4574,10.0000,3.2000,ML,DSN,5,0,255.7485,360.0000,343.1000,recent
645474456,2025-07-20,17:00:04.43,27.5658,52.8953,13.2000,3.1000,ml,OMAN,5,0,384.7347,360.0000,335.7000,recent
643821997,2025-07-26,10:10:07.05,27.4900,52.5530,23.0000,4.8000,mb,GFZ,464,0,388.0706,360.0000,,recent
644415804,2025-07-26,10:55:31.91,27.5112,52.4805,10.0000,4.1000,mb,NEIC,52,0,398.0781,360.0000,,recent
644517793,2025-07-26,15:52:00.28,27.5342,52.7254,0.0000,3.0000,MS,IDC,24,0,398.0781,360.0000,169.8000,recent
644415813,2025-07-26,16:35:43.03,27.3722,52.6542,10.0000,4.5000,mb,NEIC,64,0,396.9661,360.0000,,recent
645474779,2025-07-26,21:36:14.03,27.1202,52.6330,15.2000,2.9000,ml,OMAN,9,0,389.1825,360.0000,328.8000,recent
645474835,2025-07-27,00:20:53.83,27.1085,52.7469,10.0000,3.0000,ml,OMAN,8,0,378.0630,360.0000,328.7000,recent
644415843,2025-07-27,07:05:03.60,27.4113,52.5321,10.0000,4.1000,mb,NEIC,55,0,389.1825,360.0000,,recent
643822157,2025-07-27,08:30:26.87,27.3962,52.6081,0.0000,3.5000,MS,IDC,123,0,379.1749,360.0000,41.9000,recent
645088662,2025-07-27,09:16:24.49,26.9096,52.8290,10.0000,3.2000,ml,OMAN,14,0,343.5925,360.0000,325.0000,recent
644517837,2025-07-27,14:22:00.23,27.4465,52.5987,0.0000,3.8000,mb,IDC,8,0,1583.4168,360.0000,289.6000,recent
643822523,2025-07-28,03:54:35.10,27.4810,52.5460,16.1000,4.8000,mb,GFZ,343,0,391.4064,360.0000,,recent
644415880,2025-07-28,03:57:32.84,27.3994,52.6368,10.0000,4.5000,mb,NEIC,46,0,1772.4483,360.0000,,recent
643822526,2025-07-28,04:19:28.10,27.4499,52.6050,10.0000,4.4000,mb,NEIC,131,0,384.7347,360.0000,,recent
643825399,2025-07-28,04:38:20.20,27.4384,52.5615,10.0000,4.2000,mb,NEIC,74,0,408.0856,360.0000,,recent
643822534,2025-07-28,05:19:53.08,27.4785,52.6021,10.0000,4.5000,mb,NEIC,184,0,385.8467,360.0000,,recent
643822537,2025-07-28,07:46:54.49,27.4051,52.5709,0.0000,3.4000,MS,IDC,156,0,385.8467,360.0000,66.1000,recent
644415886,2025-07-28,08:12:47.93,27.5462,52.5287,10.0000,4.2000,mb,NEIC,35,0,415.8693,360.0000,,recent
644415891,2025-07-28,10:53:16.65,27.2872,52.5792,0.0000,3.3000,MS,IDC,80,0,366.9435,360.0000,71.9000,recent
643823952,2025-07-28,11:24:19.42,27.4166,52.5515,10.0000,4.4000,mb,NEIC,136,0,380.2869,360.0000,,recent
644415900,2025-07-28,14:38:58.28,27.3439,52.4490,0.0000,3.8000,MS,IDC,95,0,370.2793,360.0000,42.4000,recent
644517894,2025-07-28,20:09:01.80,27.3690,52.6120,0.0000,3.7000,mb,IDC,14,0,380.2869,360.0000,184.9000,recent
645474931,2025-07-29,10:20:40.04,27.1944,52.6908,9.4000,3.2000,mb,OMAN,8,0,385.8467,360.0000,329.7000,recent
644517957,2025-07-29,21:09:11.40,27.5189,52.3679,0.0000,3.7000,mb,IDC,24,0,429.2127,360.0000,172.2000,recent
644520408,2025-08-05,02:25:42.15,28.2074,51.7576,0.0000,4.3000,MS,IDC,57,0,419.2052,360.0000,59.6000,recent
645475012,2025-08-09,03:45:36.35,27.1443,52.7436,16.4000,3.4000,mb,OMAN,13,0,379.1749,360.0000,329.1000,recent
645475013,2025-08-09,20:14:47.93,27.1939,52.7400,10.0000,3.1000,ml,OMAN,9,0,381.3988,360.0000,333.2000,recent
644521341,2025-08-12,10:43:49.29,28.1992,51.7226,10.0000,4.3000,mb,NEIC,103,0,376.9511,360.0000,,recent
645475017,2025-08-13,07:16:27.89,28.2528,50.6631,10.0000,3.1000,mb,OMAN,10,0,614.9084,360.0000,337.7000,recent
645475021,2025-08-16,23:43:54.46,27.0526,52.9296,10.0000,2.9000,ml,OMAN,6,0,408.0856,360.0000,347.6000,recent
644521890,2025-08-18,18:27:28.81,27.3546,52.8374,0.0000,3.5000,mb,IDC,22,0,379.1749,360.0000,170.2000,recent
645475026,2025-08-20,04:53:22.29,27.8846,52.4313,10.0000,3.2000,ml,OMAN,9,0,441.4441,360.0000,336.1000,recent
644522533,2025-08-26,21:47:29.58,27.7354,51.9172,0.0000,3.7000,mb,IDC,19,0,479.2504,360.0000,159.4000,recent
644522734,2025-08-29,13:11:50.47,27.2995,52.4391,0.0000,3.4000,MS,IDC,46,0,413.6454,360.0000,92.7000,recent
644522750,2025-08-29,17:00:35.91,27.4185,52.3957,10.0000,4.1000,mb,NEIC,83,0,422.5410,360.0000,,recent
645475039,2025-08-29,17:14:51.88,26.5890,52.6704,10.0000,3.0000,ml,OMAN,17,0,370.2793,360.0000,289.9000,recent
644523643,2025-09-10,22:28:30.68,27.4227,52.5421,0.0000,3.7000,mb,IDC,34,0,389.1825,360.0000,126.6000,recent
644523724,2025-09-12,00:00:52.48,28.2571,52.2639,10.0000,3.9000,mb,NEIC,15,0,537.0718,360.0000,,recent
644071756,2025-09-13,12:37:22.48,29.8248,51.9131,0.0000,5.2000,ML,DSN,15,0,346.9284,360.0000,283.1000,recent
645081666,2025-09-13,12:37:27.58,29.5796,51.3509,10.0000,4.6000,mb,NEIC,300,0,346.9284,360.0000,,recent
644071942,2025-09-14,04:43:46.39,29.5759,51.4660,10.0000,4.6000,mb,NEIC,256,0,356.9359,360.0000,,recent
644082382,2025-09-15,21:03:21.36,27.4081,52.5957,0.0000,3.9000,MS,IDC,156,0,383.6227,360.0000,,recent
644524005,2025-09-15,21:08:17.48,27.4459,52.7366,0.0000,3.6000,mb,IDC,6,0,753.9021,360.0000,155.4000,recent
644524006,2025-09-15,21:10:55.63,27.2988,52.8065,10.0000,4.0000,mb,NEIC,50,0,379.1749,360.0000,,recent
645081672,2025-09-17,01:42:31.13,27.9735,50.2455,10.0000,3.1000,mb,OMAN,23,0,243.5170,360.0000,132.9000,recent
644524130,2025-09-17,17:10:01.59,27.8000,52.3670,0.0000,3.9000,mb,IDC,32,0,421.4290,360.0000,153.7000,recent
644153773,2025-09-18,02:19:57.93,28.1067,52.3044,10.0000,4.2000,mb,NEIC,162,0,463.6831,360.0000,,recent
644526656,2025-09-25,10:37:17.13,26.7945,52.6528,10.0000,3.4000,mb,OMAN,31,0,356.9359,360.0000,137.7000,recent
644526786,2025-09-27,01:01:42.15,29.0444,52.6677,10.0000,3.4000,ML,DSN,35,0,498.1536,360.0000,95.2000,recent
645475072,2025-09-30,04:38:23.54,28.4077,50.5973,10.0000,3.2000,mb,OMAN,11,0,628.2518,360.0000,338.5000,recent
645081685,2025-10-07,07:53:11.73,29.5316,51.4134,10.0000,4.0000,ML,DSN,11,0,351.3762,360.0000,156.4000,recent
645475075,2025-10-07,09:31:09.24,29.5219,51.4169,10.0000,,,OMAN,2,0,639.3712,360.0000,348.3000,recent
644639334,2025-10-09,23:02:49.77,27.9818,52.2215,10.0000,3.4000,ML,DSN,15,0,502.6014,360.0000,161.3000,recent
645081688,2025-10-11,18:30:22.87,29.5495,50.7291,10.0000,3.4000,ML,DSN,6,0,292.4428,360.0000,322.7000,recent
645081689,2025-10-13,00:22:47.19,29.0918,51.3127,10.0000,3.9000,ML,DSN,33,0,333.5850,360.0000,90.3000,recent
645081701,2025-10-25,18:54:36.07,29.9495,51.9767,10.0000,3.6000,ML,DSN,18,0,414.7573,360.0000,199.0000,recent
644681922,2025-10-29,23:48:23.57,26.9727,52.9518,0.0000,3.0000,MS,IDC,7,0,2278.3855,360.0000,271.5000,recent
644681925,2025-10-30,00:10:45.91,27.0444,52.8614,0.0000,3.8000,MS,IDC,20,0,344.7045,360.0000,184.7000,recent
645475097,2025-10-30,15:30:45.31,27.8702,52.8673,10.0000,3.1000,mb,OMAN,10,0,403.6378,360.0000,336.7000,recent
645081709,2025-11-02,09:01:28.50,29.8889,52.0527,10.0000,3.6000,ML,DSN,6,0,455.8995,360.0000,229.5000,recent
644703631,2025-11-04,18:11:01.35,27.8073,52.8022,10.0000,3.2000,ML,DSN,20,0,384.7347,360.0000,148.8000,recent
644707187,2025-11-05,12:22:45.22,27.3418,52.9191,0.0000,3.6000,MS,IDC,65,0,371.3913,360.0000,62.2000,recent
644640692,2025-11-06,22:30:30.21,27.4381,52.9997,0.0000,3.1000,MS,IDC,50,0,380.2869,360.0000,78.0000,recent
644782307,2025-11-09,03:22:13.63,28.9873,52.1014,0.0000,3.8000,mb,IDC,14,0,535.9599,360.0000,169.4000,recent
644782415,2025-11-10,00:55:52.05,29.1362,50.9265,0.0000,3.7000,mb,IDC,12,0,314.6818,360.0000,286.8000,recent
645475133,2025-11-12,23:52:21.99,27.8499,52.1531,10.0000,3.1000,mb,OMAN,15,0,463.6831,360.0000,335.4000,recent
645081729,2025-11-14,11:22:12.38,29.8116,50.4230,10.0000,3.0000,ML,DSN,7,0,263.5322,360.0000,309.3000,recent
644836841,2025-11-14,15:22:13.72,27.6626,51.6323,0.0000,4.0000,mb,IDC,29,0,482.5863,360.0000,161.8000,recent
644836853,2025-11-14,19:33:52.12,27.5878,51.6475,0.0000,4.7000,MS,IDC,38,0,478.1385,360.0000,123.8000,recent
644842083,2025-11-16,02:21:34.81,29.9345,52.2935,0.0000,3.7000,mb,IDC,14,0,478.1385,360.0000,123.0000,recent
644842165,2025-11-17,23:54:17.77,29.3656,51.3712,10.0000,4.2000,ML,DSN,45,0,343.5925,360.0000,62.9000,recent
644657430,2025-11-18,15:46:31.94,28.0690,50.0347,0.0000,4.0000,mb,IDC,75,0,220.1661,360.0000,75.6000,recent
644844056,2025-11-18,20:07:55.12,29.5163,51.6052,5.0000,3.8000,ML,DSN,17,0,369.1674,360.0000,118.0000,recent
644876595,2025-12-01,12:28:47.76,28.8196,51.7159,0.0000,2.6000,MS,IDC,9,0,927.3663,360.0000,147.2000,recent
645081756,2025-12-01,15:11:56.17,27.9411,52.0111,10.0000,3.1000,ML,DSN,11,0,460.3473,360.0000,318.8000,recent
645081758,2025-12-01,18:36:37.35,27.9390,51.9229,10.0000,2.9000,ML,DSN,20,0,468.1309,360.0000,289.7000,recent
644876608,2025-12-01,19:57:07.92,28.1665,51.5964,0.0000,3.0000,MS,IDC,47,0,453.6756,360.0000,81.2000,recent
644876683,2025-12-02,13:30:01.81,28.1370,51.6187,0.0000,3.3000,MS,IDC,45,0,450.3397,360.0000,100.9000,recent
645081761,2025-12-02,22:29:21.64,28.1513,51.8880,10.0000,2.7000,mb,OMAN,26,0,481.4743,360.0000,287.1000,recent
645081763,2025-12-03,00:20:32.71,28.0635,51.8908,10.0000,3.2000,ML,DSN,22,0,477.0265,360.0000,221.2000,recent
645081767,2025-12-08,19:55:12.86,29.3629,51.8168,10.0000,3.2000,ML,DSN,6,0,385.8467,360.0000,120.8000,recent
645081768,2025-12-10,12:58:17.02,29.0015,50.9992,10.0000,3.3000,ML,DSN,7,0,301.3384,360.0000,186.2000,recent
645074692,2025-12-16,23:55:55.98,27.8607,52.2964,10.0000,3.5000,ml,OMAN,17,0,451.4517,360.0000,167.9000,recent
645081772,2025-12-17,21:08:39.97,29.8312,51.9874,10.0000,3.4000,ML,DSN,23,0,414.7573,360.0000,223.7000,recent
645092159,2025-12-22,23:52:17.39,28.6731,51.1357,0.0000,3.6000,MS,IDC,24,0,594.8932,360.0000,110.9000,recent
644875605,2025-12-23,22:43:02.13,28.0489,51.6046,0.0000,3.1000,MS,IDC,48,0,402.5259,360.0000,80.7000,recent
645478577,2025-12-23,22:43:06.14,28.1713,51.6527,15.0000,3.4000,mb,OMAN,21,0,523.7284,360.0000,311.3000,recent
645081505,2025-12-24,00:20:26.88,28.0689,52.2320,10.0000,3.2000,ML,DSN,6,0,468.1309,360.0000,345.2000,recent
645081506,2025-12-24,10:08:53.97,29.4004,51.5312,10.0000,3.9000,ML,DSN,12,0,359.1598,360.0000,192.3000,recent
645081507,2025-12-24,15:04:25.77,29.5780,50.5710,10.0000,2.9000,ML,DSN,7,0,273.5397,360.0000,315.6000,recent
645478872,2025-12-30,17:56:16.33,29.6914,52.1348,169.4000,4.1000,ml,OMAN,7,0,584.8857,360.0000,346.5000,recent
645189700,2026-01-11,01:20:57.64,28.3666,52.6170,0.0000,2.8000,MS,IDC,14,0,1177.5550,360.0000,150.3000,recent
645201532,2026-01-13,03:43:15.24,28.1513,52.2826,0.0000,3.7000,mb,IDC,9,0,2141.6157,360.0000,277.2000,recent
645201607,2026-01-14,09:25:04.64,29.3720,50.4155,0.0000,3.2000,MS,IDC,19,0,1303.2054,360.0000,157.1000,recent
645201608,2026-01-14,09:26:41.17,29.4487,50.5019,0.0000,3.0000,MS,IDC,14,0,1175.3311,360.0000,237.8000,recent
645286196,2026-01-20,03:45:57.18,27.8984,52.2304,0.0000,3.0000,MS,IDC,16,0,1239.8242,360.0000,173.5000,recent
645127549,2026-02-01,05:11:20.45,27.3840,52.6390,10.0000,5.8000,mB,GFZ,556,0,447.0039,360.0000,45.7000,recent
645328348,2026-02-01,05:28:01.39,27.4576,52.4790,0.0000,3.8000,mb,IDC,9,0,2207.2207,360.0000,270.3000,recent
645328378,2026-02-01,16:29:28.88,27.6396,52.4886,0.0000,3.7000,mb,IDC,13,0,2194.9893,360.0000,220.5000,recent
645353483,2026-02-02,12:19:20.41,27.3861,52.6541,0.0000,3.5000,MS,IDC,11,0,3203.5279,360.0000,248.7000,recent
645353501,2026-02-02,21:43:33.25,27.0661,52.4448,0.0000,3.3000,MS,IDC,27,0,1736.8659,360.0000,169.7000,recent
645360832,2026-02-03,05:20:48.46,27.0279,52.4070,0.0000,3.3000,MS,IDC,6,0,3249.1179,360.0000,167.9000,recent
645360833,2026-02-03,05:42:13.64,27.2759,52.3602,0.0000,3.1000,MS,IDC,7,0,1591.2005,360.0000,289.9000,recent
645360887,2026-02-04,06:22:35.71,27.6238,52.5422,0.0000,3.0000,MS,IDC,7,0,2531.9101,360.0000,183.5000,recent
645360902,2026-02-04,13:31:25.51,27.2771,52.4784,0.0000,3.6000,MS,IDC,23,0,1293.1979,360.0000,117.5000,recent
645360906,2026-02-04,14:52:37.99,27.5921,52.5296,0.0000,3.3000,MS,IDC,19,0,1988.1666,360.0000,219.7000,recent
645161681,2026-02-04,17:17:51.66,27.3480,52.5820,10.0000,4.8000,mb,GFZ,175,0,449.2278,360.0000,54.4000,recent
645401186,2026-02-08,06:03:35.59,27.3032,52.5064,0.0000,4.1000,MS,IDC,9,0,3384.7758,360.0000,261.2000,recent
645401191,2026-02-08,08:04:28.59,27.4260,52.4650,0.0000,3.7000,mb,IDC,9,0,3206.8638,360.0000,289.6000,recent
645401207,2026-02-08,12:40:17.61,27.3303,52.4784,0.0000,4.0000,MS,IDC,21,0,1287.6381,360.0000,221.5000,recent
645401208,2026-02-08,12:43:37.31,27.7301,52.5187,0.0000,3.7000,mb,IDC,10,0,1245.3840,360.0000,282.8000,recent
645401209,2026-02-08,12:48:56.39,27.5248,52.5406,0.0000,3.7000,mb,IDC,6,0,3364.7607,360.0000,289.4000,recent
645414387,2026-02-10,00:46:19.92,27.3267,52.5690,0.0000,3.7000,MS,IDC,9,0,3099.0046,360.0000,271.1000,recent
645472833,2026-02-11,08:24:48.01,27.5806,52.6549,0.0000,3.9000,MS,IDC,10,0,3352.5292,360.0000,215.3000,recent
645282827,2026-02-11,23:56:26.60,27.3810,52.6620,10.0000,4.7000,mb,GFZ,146,0,444.7800,360.0000,81.3000,recent
645472882,2026-02-12,00:33:07.14,26.9330,52.5597,0.0000,3.6000,mb,IDC,8,0,3253.5657,360.0000,287.5000,recent
645483159,2026-02-13,00:57:51.45,27.8068,52.4836,0.0000,3.8000,mb,IDC,8,0,3166.8336,360.0000,151.9000,recent
645483180,2026-02-13,07:48:55.48,27.1965,52.3925,0.0000,3.0000,MS,IDC,12,0,1305.4293,360.0000,251.6000,recent
645287316,2026-02-13,10:33:21.78,27.4830,52.5680,10.0000,4.8000,mb,GFZ,123,0,459.2353,360.0000,61.7000,recent
645483189,2026-02-13,10:45:21.93,27.5557,52.4833,0.0000,3.1000,MS,IDC,20,0,1567.8495,360.0000,165.5000,recent
645287317,2026-02-13,11:08:39.13,27.3260,52.5830,10.0000,4.9000,mb,GFZ,232,0,448.1159,360.0000,45.8000,recent
645483194,2026-02-13,11:51:33.29,27.1277,52.3654,0.0000,3.8000,MS,IDC,13,0,2223.9000,360.0000,271.4000,recent
645483195,2026-02-13,11:53:41.21,27.0489,52.4871,0.0000,3.8000,mb,IDC,7,0,2239.4673,360.0000,279.7000,recent
645483206,2026-02-13,16:24:33.85,26.9751,52.4832,0.0000,3.8000,MS,IDC,18,0,2243.9151,360.0000,118.9000,recent
645483209,2026-02-13,16:35:45.89,27.2284,52.5799,0.0000,3.5000,mb,IDC,9,0,2231.6836,360.0000,271.0000,recent
645483215,2026-02-13,17:34:24.47,27.4091,52.5118,0.0000,3.9000,mb,IDC,14,0,2213.8924,360.0000,221.2000,recent
645483219,2026-02-13,18:25:56.57,27.5650,52.5424,0.0000,3.4000,MS,IDC,10,0,1597.8721,360.0000,177.7000,recent
645483220,2026-02-13,18:29:28.46,27.4255,52.5049,0.0000,3.5000,MS,IDC,10,0,2211.6685,360.0000,251.9000,recent
645483227,2026-02-13,19:30:16.83,26.9823,52.3164,0.0000,3.8000,mb,IDC,12,0,2042.6521,360.0000,271.9000,recent
645287869,2026-02-13,19:44:31.34,27.2354,52.5165,0.0000,4.2000,mb,IDC,98,0,447.0039,360.0000,136.7000,recent
645287870,2026-02-13,19:50:18.75,27.3120,52.5640,10.0000,4.8000,mb,GFZ,206,0,448.1159,360.0000,54.9000,recent
645483231,2026-02-13,20:15:20.19,27.2287,52.5088,0.0000,3.4000,MS,IDC,9,0,2227.2359,360.0000,267.1000,recent
645483232,2026-02-13,20:20:15.38,27.4890,52.5157,0.0000,3.6000,mb,IDC,5,0,3369.2085,360.0000,289.4000,recent
645483234,2026-02-13,20:43:10.63,26.9585,52.5688,0.0000,3.0000,MS,IDC,6,0,2647.5529,360.0000,290.3000,recent
645483245,2026-02-13,23:34:44.14,27.4327,52.5854,0.0000,3.5000,MS,IDC,9,0,2217.2283,360.0000,263.9000,recent
645483340,2026-02-15,05:43:31.42,29.9874,51.4235,0.0000,3.2000,MS,IDC,6,0,3629.4048,360.0000,280.5000,recent
645483373,2026-02-15,17:16:10.83,27.0434,52.3437,0.0000,3.6000,mb,IDC,11,0,2229.4597,360.0000,271.6000,recent
645297530,2026-02-16,13:32:11.87,27.3600,52.4500,10.0000,4.5000,mb,GFZ,76,0,460.3473,360.0000,80.4000,recent
645506547,2026-02-16,13:41:18.40,27.0665,52.5329,0.0000,3.6000,mb,IDC,7,0,3240.2223,360.0000,312.0000,recent
645506548,2026-02-16,13:53:19.44,27.9514,52.2408,0.0000,3.5000,MS,IDC,5,0,3350.3053,360.0000,286.5000,recent
645507357,2026-02-17,08:07:06.22,27.3961,52.4398,0.0000,3.4000,MS,IDC,10,0,1283.1903,360.0000,153.5000,recent
645507949,2026-02-18,14:08:40.14,28.9583,52.6553,0.0000,3.1000,MS,IDC,22,0,1116.3978,360.0000,226.6000,recent
645508670,2026-02-19,03:21:08.36,27.0520,52.5896,0.0000,3.9000,mb,IDC,19,0,2045.9880,360.0000,264.9000,recent
645307498,2026-02-19,03:43:08.24,27.3650,52.5990,10.0000,5.5000,mb,GFZ,121,0,449.2278,360.0000,47.3000,recent
645510983,2026-02-23,04:46:07.66,27.4779,52.5465,0.0000,3.6000,mb,IDC,7,0,3245.7820,360.0000,294.8000,recent
645510984,2026-02-23,05:02:11.94,27.1060,52.5771,0.0000,3.8000,mb,IDC,11,0,2241.6912,360.0000,280.8000,recent
645515855,2026-02-25,15:38:22.56,27.4917,52.4714,0.0000,3.3000,MS,IDC,17,0,1272.0708,360.0000,172.4000,recent
645530092,2026-03-06,06:06:33.01,27.3033,52.5411,0.0000,3.7000,MS,IDC,26,0,760.5738,360.0000,135.4000,recent
645530154,2026-03-06,22:45:01.34,27.2953,52.7885,0.0000,3.8000,mb,IDC,7,0,1279.8544,360.0000,302.6000,recent
645530165,2026-03-07,01:49:54.32,29.9046,51.5272,0.0000,3.3000,MS,IDC,16,0,1021.8820,360.0000,104.0000,recent
645531957,2026-03-09,00:52:12.32,29.8799,51.5100,0.0000,3.2000,MS,IDC,21,0,1020.7701,360.0000,71.4000,recent
645560991,2026-03-12,23:24:36.76,29.9781,51.5495,0.0000,3.7000,MS,IDC,19,0,1026.3299,360.0000,137.9000,recent
645561851,2026-03-14,16:30:36.10,27.7637,52.7995,0.0000,3.9000,mb,IDC,7,0,770.5813,360.0000,182.6000,recent
645515326,2026-03-17,06:59:41,27.3320,52.6050,10.0000,4.5000,M,NEIC,18,0,1595.6482,360.0000,282.7000,recent
645515330,2026-03-17,06:59:41.17,27.3010,52.5180,10.0000,4.4000,mb,GFZ,70,0,451.4517,360.0000,55.1000,recent
645589694,2026-03-19,21:39:39.26,28.3865,51.7790,0.0000,3.5000,mb,IDC,9,0,891.7839,360.0000,183.5000,recent
645523712,2026-03-20,05:01:30.85,29.9732,51.6000,0.0000,3.7000,MS,IDC,56,0,718.3197,360.0000,66.2000,recent
645523713,2026-03-20,05:24:48.03,27.2410,52.5640,10.0000,4.5000,mb,GFZ,60,0,443.6680,360.0000,60.1000,recent
645591063,2026-03-20,05:47:34.68,27.3033,52.5647,0.0000,3.5000,MS,IDC,22,0,758.3499,360.0000,87.0000,recent
645591071,2026-03-20,07:38:33.41,27.3795,52.6965,0.0000,2.9000,MS,IDC,20,0,752.7901,360.0000,84.0000,recent
645607712,2026-04-05,04:54:57.25,29.7398,51.1236,0.0000,3.9000,mb,IDC,27,0,1037.4493,360.0000,177.2000,recent
645614716,2026-04-09,19:06:28.35,29.3860,51.6220,10.0000,4.6000,mb,GFZ,147,0,669.3939,360.0000,89.6000,recent
645718096,2026-04-25,15:47:31.40,29.0848,51.6748,0.0000,3.9000,mb,IDC,6,0,949.6053,360.0000,178.9000,recent
645718115,2026-04-25,20:28:04.65,28.3104,51.8422,0.0000,3.7000,mb,IDC,4,0,881.7763,360.0000,211.8000,recent
645780377,2026-05-12,05:10:21.63,28.4414,51.5531,0.0000,3.8000,mb,IDC,8,0,912.9110,360.0000,204.4000,recent
645776223,2026-05-21,00:17:12.97,28.8006,52.3591,0.0000,3.5000,MS,IDC,39,0,878.4405,360.0000,74.8000,recent
645876111,2026-05-29,10:58:21.74,28.6337,51.2542,0.0000,3.1000,MS,IDC,24,0,949.6053,360.0000,109.5000,recent
645846780,2026-06-05,15:38:10.23,28.8960,51.9030,10.0000,4.9000,mb,GFZ,372,0,611.5725,360.0000,41.1000,recent
645890166,2026-06-08,19:45:56.73,29.3159,52.0522,0.0000,3.7000,mb,IDC,3,0,3803.9809,360.0000,304.2000,recent
645890188,2026-06-08,22:03:16.58,28.8984,51.9624,0.0000,3.7000,mb,IDC,12,0,915.1349,360.0000,156.1000,recent
645910684,2026-06-17,16:36:27.12,28.6866,52.2872,0.0000,2.4000,MS,IDC,17,0,875.1046,360.0000,137.0000,recent
646043027,2026-06-26,21:12:41.41,28.5396,52.5938,0.0000,2.9000,MS,IDC,13,0,842.8581,360.0000,177.6000,recent
646062748,2026-07-19,17:20:42.92,28.4216,52.0571,0.0000,3.8000,mb,IDC,8,0,872.8807,360.0000,181.7000,recent
646062751,2026-07-19,17:21:18.71,28.4952,52.0548,0.0000,3.7000,mb,IDC,7,0,878.4405,360.0000,201.7000,recent
646139666,2026-07-31,19:21:44.39,29.8250,50.9594,0.0000,3.6000,mb,IDC,8,0,1055.2405,360.0000,187.9000,recent
646196380,2026-08-12,01:17:33.31,28.1733,52.0859,0.0000,4.0000,mb,IDC,10,0,853.9776,360.0000,131.3000,recent
