STA,lat,lon,n_arrivals
SHI,29.6418,52.5133,6040
IRAM,31.8088,52.3815,4816
KLNJ,31.0084,51.5921,4274
IZEF,32.8956,52.3291,3481
IMEH,31.3902,54.6130,3421
DSBU,28.3625,51.2602,3246
ASHO,24.6839,56.0583,2827
KAZ2,29.6128,51.6620,2625
IKLH,33.3190,51.5787,2477
JHRM,28.5053,53.5771,2413
UOSS,24.9453,56.2042,2325
HATD,24.8257,56.1321,2290
NAZ,24.9884,55.6618,2181
IPIR,32.6841,50.8917,2179
IKAZ,29.7796,51.8400,2131
ASUD,24.6260,55.3292,2061
ISAD,31.9136,53.6855,2015
WSAR,23.2390,58.6307,1944
GHIR,28.2855,52.9867,1930
MDH,25.2987,56.2983,1845
SHME,26.0497,56.1414,1815
MKAR,46.7937,82.2904,1769
LMD1,27.3398,53.1646,1728
BANOM,25.9233,56.2996,1688
IPAR,29.8419,53.0485,1661
IGAR,32.4038,52.0418,1620
ICHK,32.2442,54.4073,1614
ZALV,53.9481,84.8188,1598
ISRV,29.3817,53.1133,1593
BRTR,39.7250,33.6390,1536
ZNGN,32.1174,50.8542,1535
SOHO,24.1342,56.5336,1526
IBAF,31.5902,55.5673,1503
FINES,61.4436,26.0771,1471
AAK,42.6375,74.4942,1455
ALNE,24.0561,55.7509,1436
KHGB,30.3755,56.4768,1418
KRBR,29.9822,56.7605,1415
AHBU,28.8640,51.2950,1391
IBRJ,31.9080,51.2600,1381
QIR1,28.4764,53.0442,1343
JHBN,32.2312,50.6657,1336
FAQ,24.7453,55.5924,1328
YZKH,32.3901,54.5916,1229
TORD,13.1477,1.6947,1219
MSFE,25.3596,56.1595,1198
HOQ,23.5824,57.3109,1151
BVAR,53.0249,70.3885,1143
MLR,45.4909,25.9450,1125
NGRK,29.6440,56.7304,1091
ANAR,33.1897,53.7288,1066
SMDO,23.0589,58.0492,1053
NOA,61.0397,11.2148,1034
CLL,51.3077,13.0026,1013
ARCES,69.5349,25.5058,1008
KIV,43.9553,42.6863,997
BSY,22.7446,57.1995,995
DBIC,6.6701,-4.8563,991
ARQ,23.3366,56.5219,991
AKASG,50.7012,29.2242,977
KRSH,33.9693,52.1354,975
RAYN,23.5225,45.5032,953
AKTO,50.4348,58.0164,943
CHMN,29.8608,57.5396,942
MZR,23.0024,53.4794,920
KURBB,50.6226,78.5304,915
MNK,54.5021,27.8833,896
YKA,62.4932,-114.6053,883
KURK,50.7154,78.6202,866
KHMZ,33.7390,49.9590,827
EIL,29.6699,34.9512,822
KAZ1,29.6252,51.6395,810
TAFT,31.7228,54.1711,801
MHTO,20.9865,57.9680,797
KBZ,43.7286,42.8975,795
ASF,32.1730,36.8473,783
NASN,32.7990,52.8080,771
MASF,25.3712,56.1592,770
KKAR,43.1034,70.5115,767
SONM,47.8347,106.3950,753
OBN,55.1138,36.5687,738
GEYT,37.9295,58.1171,733
AJN,24.5626,54.9865,724
MMAI,33.0153,35.4031,723
ARU,56.4293,58.5615,722
KSH,39.5167,75.9731,702
WBK,22.6100,58.9700,698
ASAO,34.5480,50.0253,698
ISFB,34.3518,52.2406,695
TVBK,29.9860,56.7612,687
ILAR,64.7714,-146.8866,682
GTA,39.4106,99.8144,677
KHC,49.1309,13.5782,671
GNI,40.1495,44.7414,649
KBAM,29.1356,58.4523,642
ASAR,-23.6664,133.9040,635
CMAR,18.4575,98.9429,634
GERES,48.8451,13.7016,620
HFS,60.1335,13.6945,616
KK31,43.1034,70.5115,606
TKDS,33.6134,57.1221,606
SHMA,25.8565,50.9640,601
IDHR,34.6997,46.3867,601
ABKAR,49.2556,59.9431,597
BR131,39.7253,33.6390,596
TNSJ,33.9633,56.6089,595
NB2,61.0397,11.2148,593
JMDO,22.3701,58.1035,588
ROKH,32.3458,51.0352,588
SAKB,25.9782,50.5365,585
IDI,35.2880,24.8900,579
NIL,33.6500,73.2517,579
KBL,34.5408,69.0432,577
SLWR,24.0696,51.6913,577
AKBB,50.7012,29.2242,576
KLMR,60.8539,39.5186,566
LAR1,27.6694,54.3746,560
DMTO,17.7163,54.9475,559
TABS,33.6490,57.1190,551
TRNA,24.7355,51.2125,549
KIEV,50.6944,29.2083,547
MORC,49.7768,17.5425,543
TPRV,33.0281,56.6858,543
MAKZ,46.8080,81.9770,539
BNDS,27.3993,56.1713,538
BOSA,-28.6137,25.2560,538
BURAR,47.6148,25.2168,535
GENO,27.4000,56.1723,517
UMZA,22.7138,55.1609,514
IVRN,34.9954,51.7273,511
JRN,24.9422,52.8491,498
GHVR,34.4800,51.2950,489
KSRS,37.4540,127.9230,487
MK31,46.7937,82.2904,486
WRA,-19.9426,134.3390,475
WHFO,17.9190,53.7706,474
WMQ,43.8211,87.6950,473
IDMV,35.5772,52.0322,467
ANTO,39.8689,32.7936,465
SMRA,24.7453,50.8239,460
NRIK,69.3396,87.5550,456
LZH,36.0867,103.8440,453
DPC,50.3502,16.3222,446
BRVK,53.0581,70.2828,432
ATD,11.5300,42.8470,424
BILL,68.0389,166.2711,422
ZAA0,53.9481,84.8188,421
ESDC,39.6743,-3.9631,421
JASK,25.8671,57.8663,420
JLN,22.1505,59.4108,404
OJC,50.2195,19.7984,404
SCHQ,54.8319,-66.8336,403
BIDO,23.5211,58.1269,403
CSS,34.9622,33.3306,401
ULN,47.8652,107.0528,393
IQOM,34.8424,51.0703,388
BNI,45.0522,6.6786,380
ABEH,30.6000,50.2531,379
SHGR,32.1083,48.8013,376
IKOM,34.1745,47.5102,376
DOK,18.6180,54.1288,376
YAK,62.0311,129.6811,373
VOIR,45.4371,25.0496,363
VRI,45.8657,26.7277,362
LBTB,-25.0145,25.5970,352
TIXI,71.6490,128.8665,350
SUMG,72.5763,-38.4538,350
CHTO,18.8138,98.9438,348
TIRR,44.4581,28.4128,348
LANS,49.1505,19.4678,348
KEST,35.7318,9.3460,346
QAMS,33.7360,51.3964,339
ABTO,17.3538,53.2966,338
ARTI,56.3879,58.3849,338
AMIS,31.6653,49.2866,336
FIA1,61.4445,26.0793,334
SNGE,35.0925,47.3470,333
GHWR,23.9635,52.8755,328
BTK,40.0667,70.8157,327
HSAM,34.2116,48.6023,326
DAVA,47.2867,9.8803,326
HHC,40.8494,111.5640,324
KANR0,30.9407,55.4047,323
MZJN,28.0597,54.6518,321
HAGD,34.8220,49.1397,320
IKFM,33.5244,47.8469,320
PLOR,45.8512,26.6498,317
VYHS,48.4940,18.8361,314
VSR,51.2162,39.1664,314
EKA,55.3331,-3.1592,310
DQM,19.9289,57.5393,304
BRG,50.8732,13.9428,302
ILBA,33.6245,46.2074,299
NC405,61.1128,11.7153,297
NIAN,27.5596,56.8349,293
ARSB,41.3274,72.9728,291
IGHG,34.3294,46.5685,288
FETA,47.0211,10.7291,287
SOC,43.5833,39.7167,284
VRAC,49.3083,16.5935,284
MZWR,23.7610,53.8799,283
MBAR,-0.6019,30.7382,281
VRH,51.2025,41.7215,281
VTS,42.6180,23.2350,281
BUR08,47.6440,25.2002,280
LPSR,52.6012,38.9282,280
BSRN,31.9651,59.1259,279
SPITS,78.1777,16.3700,278
TESR,46.5118,26.6489,277
MOTA,47.3448,11.1037,277
TOA0,13.1477,1.6947,276
ALN,40.8972,26.0456,270
TAM,22.7917,5.5233,270
WTTA,47.2638,11.6363,270
KIS,46.9980,28.8180,269
IFIR,35.6415,52.7536,268
KDJ,41.1272,77.1944,266
XAN,34.0394,108.9214,265
BOOM,42.4922,75.9422,259
GAR,39.0000,70.3160,259
CFR,45.1780,28.1362,254
NRN,41.4222,75.9700,250
IVIS,34.5264,46.8496,249
AGG,39.0222,22.3303,249
ILIN,34.9186,46.9624,248
KOLS,48.9333,22.2731,246
SQTA,47.2205,11.2087,246
SHAO,18.0228,55.6251,245
IRAZ,35.4046,49.9290,245
AB31,49.2556,59.9431,244
TARG,41.7291,77.8048,242
INK,68.3065,-133.5254,241
KMI,25.1233,102.7400,237
KONO,59.6491,9.5982,237
KHRK,29.2543,50.3133,234
GTMR,32.4705,49.1123,233
BELG,52.3934,47.6244,231
KIRV,58.5850,49.4158,230
WATA,47.3357,11.5763,227
ANN,44.8000,37.4330,226
RBK,17.5035,54.2039,225
ELL,36.7482,29.9085,224
SORM,48.1349,28.3513,221
SHRO,35.9900,56.0100,220
IKOO,32.4241,59.0044,220
SEY,62.9328,152.3822,219
KWP,49.6314,22.7075,215
PALK,7.2728,80.7022,214
KRLC,50.0753,16.7817,214
KBA,47.0784,13.3447,214
KSAR,37.4421,127.8844,212
ITM,37.1797,21.9267,210
MOS,55.7383,37.6250,210
OKC,49.8375,18.1472,209
KLR,49.2300,131.7500,202
CHGR,38.6569,69.1582,202
SUW,54.0125,23.1808,202
KMBO,-1.1268,37.2523,199
RETA,47.4871,10.7623,198
FNA,40.7838,21.3762,197
QAM,33.7606,51.4397,197
DRGR,46.7916,22.7111,197
IDOB,33.7874,48.1774,194
UPC,50.5074,16.0121,193
DAMV,35.6302,51.9708,193
PRU,49.9883,14.5417,193
TLY,51.6807,103.6438,192
IANJ,35.4672,53.9144,192
LSA,29.7000,91.1500,189
DOBD,31.9903,54.5118,187
NGCH,25.3587,61.1364,187
ISP,37.8226,30.5221,186
SHK1,32.3280,50.8845,186
MOA,47.8495,14.2659,186
MAK,42.9610,47.5050,185
GYA0B,37.9295,58.1171,185
TIP,39.1786,16.7583,184
UMQ,25.5252,55.6623,184
IGLO,36.5024,53.8302,183
PAB,39.5458,-4.3483,183
QABG,35.7085,49.5824,181
KVAR,43.9557,42.6952,181
VSU,58.4620,26.7347,180
LIT,40.1008,22.4900,179
FITZ,-18.0982,125.6401,177
ITEG,32.8965,58.7488,176
SIM,44.9490,34.1160,175
KBD,29.1756,47.6933,175
ZHSF,29.6110,60.7750,172
SENIN,46.3633,7.2993,171
GEC2,48.8451,13.7016,168
PRZ,42.5000,78.4000,168
RDF,28.9259,47.5497,168
KKOM,34.1744,47.5119,166
USRK,44.1998,131.9888,166
YSS,46.9539,142.7550,165
ARR,45.3675,24.6336,165
ECH,48.2158,7.1583,165
BPAW,64.0997,-150.9873,164
PSZ,47.9184,19.8944,164
IPRN,36.2419,52.3381,164
MANT,38.4908,28.5578,164
ABTA,46.7474,12.5123,163
IKMR,33.5178,48.3803,162
KHNJ,27.9477,57.7056,162
ILGA,41.0521,33.7165,161
VORD,50.9660,39.2930,161
DOPR,45.9674,25.3887,160
LSZ,-15.2766,28.1882,159
FIA0,61.4436,26.0771,159
MA2,59.5753,150.7680,159
NB201,61.0495,11.2939,158
BZS,45.6167,21.6167,156
LVZ,67.8979,34.6514,155
BNN,38.8520,35.8460,155
UMR,29.5519,47.7158,154
RDO,41.1462,25.5375,154
ISHM,35.8067,53.2922,154
ZEI,42.7881,43.9014,153
MJAR,36.5417,138.2090,152
QALM,36.4320,50.6465,152
CD2,30.9100,103.7580,151
KCHF,34.2750,47.0404,150
KSHB,30.2412,55.1174,149
PETK,53.1082,157.6989,149
DAG,76.7714,-18.6547,148
BSD,55.1139,14.9147,147
HYB,17.4169,78.5531,147
BR101,39.7254,33.6391,147
VORR,51.6717,39.2082,147
MK32,46.7937,82.2904,146
TOLK,68.6408,-149.5724,145
GEVA,38.3122,43.0586,144
CONA,47.9282,15.8618,144
DGZ,49.7005,87.4316,143
MRVT,37.6593,56.0893,143
ILAS,35.3822,52.9589,143
MODS,48.3736,17.2774,142
SHRT,33.6460,60.2910,142
SBZV,36.3883,57.6106,141
KSHD,30.3452,57.5125,141
KHL1,27.6380,53.3007,141
MIB,29.8032,47.3388,141
DAMY,14.5725,44.3917,141
NRCA,42.8336,13.1143,140
NC602,60.7353,11.5414,140
SHL,25.5667,91.8833,140
GROC,43.2027,45.7961,139
DAVOX,46.7805,9.8795,139
MDOK,43.1631,77.0481,139
CTI,46.0481,11.6498,138
ARSA,47.2505,15.5232,138
GHAJ,31.3034,35.5665,137
RST,29.5003,46.9972,136
KEV,69.7553,27.0067,136
KARP,35.5472,27.1612,135
NJ2,32.0517,118.8540,135
BHD,33.2700,44.3800,134
QRN,28.7444,47.9177,134
NCK,43.4955,43.5956,134
SCRK,63.9769,-143.9859,133
GYA,26.4586,106.6640,132
KSP,50.8428,16.2931,132
ESK,55.3167,-3.2050,132
MARD,37.3139,40.7789,131
WLF,49.6646,6.1526,131
ARA0,69.5349,25.5059,130
IBDR,33.1100,45.9300,130
IBZA,34.4696,47.8605,129
QSPA,-89.9279,145.0000,129
SANT,36.3710,25.4590,129
DRK,39.4776,71.7995,129
GZR,45.3933,22.7767,129
CHTH,35.9080,51.1260,129
BORK,53.0461,70.3184,128
SRVN,27.4034,62.3982,128
TBLG,41.7309,44.7382,128
SFJD,66.9960,-50.6215,126
NSR,31.0100,46.1400,126
SNQR,34.8578,47.6280,126
NBO00,61.0307,10.7777,125
IUG,42.1470,70.0310,125
NACGM,54.9037,26.7830,123
CHVC,50.5881,16.0547,123
SIRT,37.5011,42.4392,121
ISFR,37.0538,58.0000,121
TKM2,42.9208,75.5966,121
BIZ,46.9392,26.1042,121
MDUB,40.4711,31.1976,120
ZAA1,53.9524,84.8190,120
KARS,40.6276,43.0788,120
KDAK,57.7828,-152.5835,119
BOD,57.8189,114.0039,119
UZH,48.6310,22.2930,119
TSUM,-19.2022,17.5838,119
TLCR,45.1861,28.8150,119
BUR31,47.6440,25.2002,118
IKRK,35.4000,44.3400,118
SPA0,78.1777,16.3700,118
KRUC,49.0619,16.3952,118
MORH,46.2149,18.6435,118
FFC,54.7250,-101.9780,118
PABE,55.5052,23.9680,117
PSI,2.8010,98.9240,117
MK01,46.7700,82.3003,116
PDGK,43.3290,79.4900,116
APA,67.5690,33.4051,116
ABPO,-19.0174,47.2275,116
MCK,63.7323,-148.9349,114
GOPC,49.9140,14.7870,114
NEY,43.2489,42.7222,114
TOA1,13.1529,1.6919,112
CN2,43.8014,125.4480,112
IALA,36.0829,52.8099,111
IBND,27.4489,56.5399,111
SOKA,46.6780,15.0327,111
A36M,71.9871,-125.2472,111
HRFI,30.0364,35.0370,111
PVCC,50.5282,14.5689,110
BORA,39.8801,30.4534,109
BFO,48.3301,8.3296,108
ARPR,39.0929,38.3356,108
KECS,48.4832,20.4856,107
SNJK,35.4303,47.0821,107
KSH2,39.1453,75.5662,107
FURI,8.8967,38.6783,107
HGHA,35.4880,48.8569,107
ZRDN,30.9675,56.5356,105
OSTC,50.5565,16.2156,105
HARR,44.6900,27.9310,105
NKC,50.2331,12.4479,105
IGZV,36.3859,50.2184,105
BR231,39.8417,32.7760,104
IMAR,65.9835,-153.7491,103
GAZ,37.1721,37.2113,102
EZN,39.8258,26.3253,102
ZAK,50.3819,103.2806,102
MZN1,28.0597,54.6518,102
MDVR,44.7815,21.7128,101
SCO,70.4833,-21.9500,101
ULM,50.2497,-95.8750,101
GRFO,49.6909,11.2203,101
MVO,41.1644,-7.0289,100
BMAR,67.4291,-144.5806,100
SONA0,47.8347,106.3950,99
JAVC,48.8591,17.6707,99
BTHS,24.0459,50.8460,99
CM31,18.4575,98.9429,99
QIZ,19.0294,109.8430,98
CRVS,48.9022,21.4614,98
PKIN,27.5770,85.3965,98
AAA,43.2090,76.9150,98
KUU,43.8930,76.3390,98
DANN,28.3500,83.7600,97
UZB,43.1470,79.0220,97
GOF,45.0580,43.0430,97
EKS2,42.6615,73.7772,96
NC204,61.2759,10.7629,96
NC303,61.2251,11.3690,96
BOQSS,25.8689,49.3758,95
MDJ,44.6164,129.5920,95
AKH,41.4100,43.4928,95
MILM,46.9186,28.8127,94
SRS,41.1172,23.5922,93
RTB,33.0295,40.3077,92
HRA,34.3868,62.2438,92
DMN,27.6090,85.1060,92
DSB,53.2452,-6.3762,92
COLA,64.8738,-147.8511,91
MUD,56.4550,9.1733,91
PMRV,39.4283,-7.3917,90
MOY,51.6667,100.9931,90
IHSB,35.4378,51.2757,90
NAO01,60.8442,10.8865,89
SOH,40.8217,23.3539,89
LIC,6.2244,-5.0278,88
PRNI,30.3519,35.0046,88
SHA1,43.7380,42.6571,88
DAWY,64.0655,-139.3910,88
TREC,49.2948,15.4871,88
FUORN,46.6202,10.2635,88
SHLS,43.1611,79.8852,87
HNVD,34.3154,48.2606,87
TIC,6.6447,-5.0200,87
BCAR,63.0656,-141.7851,87
TUE,46.4722,9.3472,86
GTA2,39.4866,99.7594,86
OBKA,46.5092,14.5489,86
CHBR,25.5950,60.4820,86
LESA,47.4243,12.6770,85
KIC,6.3606,-4.7411,85
GUN,27.9106,85.8794,85
SATY,43.0590,78.4060,85
SVE,56.8270,60.6370,85
TDK,45.0020,78.4060,84
SMOL,48.5139,17.4287,84
CAST,63.4188,-152.0844,84
AHWZ,31.3300,48.6438,83
MZPU,36.4398,51.5687,83
AFRZ,33.4252,59.0150,83
KKN,27.7900,85.2800,83
KBS,78.9256,11.9417,83
SLWS,24.7978,50.6437,82
ANM,64.5646,-165.3732,82
PESTR,38.8672,-7.5902,82
KOWA,14.4967,-4.0167,82
GURO,38.5509,42.0322,82
GRA1,49.6919,11.2217,82
TIR,41.3477,19.8650,82
WR1,-19.9426,134.3395,81
NHDN,31.3928,60.0502,81
E19K,67.4572,-157.2316,81
YKB5,62.4932,-114.6053,81
IMYA,36.3416,60.1017,81
ISR,45.1188,26.5431,80
GRF,49.6919,11.2217,79
FRU1,42.8123,74.6284,79
MTE,40.3997,-7.5442,79
KTK1,69.0117,23.2371,79
PCBR,39.8403,-7.4775,79
APE,37.0689,25.5306,78
ZSN,47.4500,84.8660,78
PKI,27.5710,85.4090,78
EGAK,64.7774,-141.1581,78
VSL,39.4960,9.3780,78
EVN,27.9587,86.8117,77
TXAR,29.3338,-103.6670,77
TRO,69.6325,18.9281,77
DZA,42.8920,71.3310,77
KAPI,-5.0142,119.7517,77
KPKS,43.4660,78.6840,77
HSRG,35.2418,48.2787,77
IDAH,32.7390,59.8680,76
BTLS,45.0410,74.0460,76
RAMN,26.9500,86.6000,76
IMHD,35.6853,50.6675,76
GHRR,46.0605,27.4080,75
IKRD,36.7759,59.5150,75
HUMR,44.5281,24.9804,75
BTO,40.6056,110.0208,75
MYKA,46.6299,13.6416,75
KFJS,28.1866,47.9416,74
GRG,40.9567,22.4014,74
BALB,39.6400,27.8800,74
BDRS,33.9543,48.8808,74
JNU,33.1217,130.8783,74
AS31,-23.6651,133.9053,73
ARE0,69.5348,25.5057,73
LOT,45.4481,23.7694,73
IIGN,55.3503,26.2225,72
GKN,28.0030,84.6370,72
LPAZ,-16.2879,-68.1307,72
GOMU,36.1984,94.8145,72
SSB,45.2792,4.5417,72
AQU,42.3539,13.4019,72
AML,42.1311,73.6941,72
MAW,-67.6039,62.8706,72
KOPT,40.0179,40.4972,72
CUC,39.9931,15.8156,71
YLV,40.5667,29.3728,71
JSSH,25.9122,57.3869,71
TLB,44.5858,28.0420,71
RES,74.6867,-94.9000,71
TRPA,48.1304,22.5391,70
PDYAR,59.6553,112.4408,70
HDA,64.4091,-146.9482,70
SUR,-32.3800,20.8117,70
SOCY,12.1870,53.9874,70
GSI,1.3039,97.5755,69
PRGR,61.6362,45.6272,69
SIRR,46.2675,21.6597,69
IPAY,36.4500,58.9960,69
HAMF,70.6424,23.6843,69
ASAJ,44.1165,142.5968,69
C36M,69.3475,-124.0703,68
RND,63.4062,-148.8530,68
PDG,42.4302,19.2553,68
AK11,50.6784,29.1677,68
PYUN,28.1000,82.9900,68
TIA,36.2114,117.1240,68
MLY,65.0308,-150.7390,68
AKT,41.4800,47.7300,68
PGAV,41.9653,-8.2698,68
ZNJK,36.6700,48.6850,67
UCH,42.2275,74.5134,67
PBAR,38.1750,-7.0390,67
KZIT,30.9063,34.3972,67
ZEA,53.7380,127.2500,67
ARG,36.2161,28.1261,67
WHN,30.5436,114.3500,66
CHM,42.3190,69.6030,66
MMLI,32.4379,35.4216,66
TULEG,76.5374,-68.8237,66
HIA,49.2667,119.7420,66
OZUR,46.0957,25.7864,66
JIRN,27.6600,86.1900,66
PVIS,40.7157,-7.8945,66
USP,43.2669,74.4997,66
MAJO,36.5427,138.2070,66
PLCA,-40.7328,-70.5508,65
BLY,44.7488,17.1839,65
SOEI,-9.7553,124.2672,65
SGDS,43.4520,74.6300,65
PPLA,62.8962,-152.1894,65
DOT,63.6487,-144.0620,65
PZH,26.5033,101.7425,65
STEI,67.9300,15.2420,65
MBRI,29.7942,34.9140,65
POLO,41.3738,-7.7942,64
WRAB,-19.9333,134.3500,64
TPGR,44.8565,28.4196,64
BJI,40.0403,116.1750,64
BZK,41.9600,34.0035,64
ONI,42.5903,43.4525,64
COVR,45.8456,26.2043,64
TSHB,33.6912,56.4676,64
BIOA,47.6913,13.6383,64
IPM,4.4795,101.0255,64
AKAS,36.2327,29.6052,64
CEP,33.8235,71.9090,64
OSL,59.9372,10.7227,63
CKRC,48.8199,14.3095,63
IALM,34.8601,48.1676,63
KRVR,31.6517,56.8586,63
BRZS,49.9820,72.6780,63
NEHR,45.4272,26.2952,63
HAKT,37.5579,43.7071,63
VAY,41.3211,22.5701,63
NIE,49.4182,20.2996,63
C23K,69.8360,-150.6126,62
KOLN,27.7700,83.6000,62
ODD1,59.9120,6.6280,62
COLD,67.2274,-150.2013,62
SRSL,36.2123,45.4339,62
ZFRI,30.5540,35.1780,62
ENH,30.2718,109.4870,61
IAKL,36.6022,58.7566,61
DOMB,62.0424,9.0642,61
NB200,61.0397,11.2148,61
ISAL,55.5711,26.1255,61
MDM,64.9588,-148.2300,60
MDT,32.8140,-4.6070,60
THW,32.7943,71.7427,60
NWAO,-32.9270,117.2340,60
KNT,41.1619,22.8981,60
PBRG,41.8048,-6.7413,60
MCH1,51.9974,-2.9983,60
SKAR,60.6808,8.3044,60
CIMO,46.3116,12.4448,60
SPB2,78.1742,16.3846,59
BOJS,45.5040,15.2520,59
PRED,46.4428,13.5650,59
NSS,64.5300,11.9670,59
MDB,46.1417,24.3806,59
MAHB,36.7666,45.7054,59
MURB,43.2630,12.5246,59
TAPT,34.8842,57.1597,58
ZST,48.1961,17.1025,58
KBK,42.6564,74.9478,57
TNCH,25.0289,98.5197,57
PVRL,41.2756,-7.7161,57
PFVI,37.1328,-8.8268,57
BLS5,59.4229,6.4560,57
FRB,63.7467,-68.5467,57
OTUK,48.2445,72.3378,57
IL31,64.7714,-146.8866,57
KONS,66.4992,13.1193,57
MARR,46.6760,23.1189,56
SEM,50.4080,80.2500,56
HEH,50.2534,127.4127,56
TMCR,64.1643,38.0352,56
TNSS,43.0370,76.9470,56
MATP,-20.4258,28.4994,56
CEST,42.5987,1.2541,56
KIBK,-2.3591,38.0433,55
F20K,67.0486,-155.7251,55
EVO,38.5320,-8.0130,54
RONA,47.6997,16.2963,54
NOR,81.6000,-16.6833,54
GIDE,36.9230,49.9102,54
HMDT,32.2530,35.5260,54
ZVC,49.4389,14.1923,54
BMR,47.6736,23.4960,54
TRF,63.4502,-150.2893,53
EPYK,66.3701,-136.7191,53
AKN,62.1783,6.9974,53
PBEJ,38.0264,-7.8664,53
BER,60.3838,5.3339,53
G19K,66.1434,-157.0870,53
INVG,56.4273,-4.0452,53
GEM,33.2106,35.6632,53
LVV,49.8190,24.0310,52
ZCCA,44.3509,10.9765,52
KESW,54.5886,-3.1048,52
LJU,46.0438,14.5274,52
INTR,42.0115,13.9046,52
DHY,63.0753,-147.3759,52
SNOP,42.0195,35.2068,51
COP,55.6853,12.4325,51
OHR,41.1114,20.7989,51
MESJ,37.8395,-8.2199,51
MSL,36.4000,43.1100,51
MOR8,66.1713,14.4411,51
UCC,50.7983,4.3594,50
SAQZ,36.2645,46.1809,50
ILB,64.7714,-146.8866,50
ILON,69.3712,-81.8243,50
H21K,65.6571,-152.8050,50
D22K,68.8799,-152.6821,50
FETY,36.6353,29.0835,50
SBUM,2.4500,112.2200,49
BRLS,43.0300,69.8360,49
LYN,34.5510,112.4680,49
SRO,47.8133,18.3133,49
XLT,43.8998,116.0805,49
BMDN,33.6716,48.8246,49
PET,53.0239,158.6531,48
JRKH,35.9079,60.3494,48
KRMI,30.1174,34.7250,48
MORF,37.3044,-8.6526,48
ANDN,37.5800,36.3452,48
J25K,64.6130,-145.3697,48
CMMT,18.8128,98.9480,48
KULA,38.5144,28.6607,48
BORG,64.7474,-21.3268,48
KKUL,39.1713,32.9173,47
IMND,37.2575,55.4069,47
HYT,60.8250,-137.5040,47
KEMA,39.2688,38.4932,47
KBN,40.6236,20.7874,47
HOMB,58.2702,8.5052,47
FOEL,52.8898,-3.2012,46
SKO,41.9721,21.4396,46
TAS,41.3250,69.2950,46
CHCP,33.6583,73.2638,46
KZA,42.0778,75.2496,46
IHRS,38.3183,47.0420,46
ARK,41.7789,71.9645,46
C18K,68.6483,-161.1943,46
CHMS,42.9986,74.7513,46
PRAR,47.3617,26.2276,46
PVAQ,37.4037,-7.7173,46
TRKS,41.4725,71.1673,46
TIY,37.7131,112.4340,46
PHP,41.6847,20.4408,45
TOKA,40.3232,36.4783,45
PMR,61.5922,-149.1308,45
POKR,65.1171,-147.4335,45
KNRA,-15.6769,128.7627,45
KLST,36.5179,51.0590,45
BJT,40.0183,116.1680,45
ASAI,40.9178,76.5210,45
PBKT,16.5700,100.9700,45
OPO,-18.5706,47.1879,45
TURR,46.0550,26.0157,45
TTA,62.9301,-156.0116,45
I30M,65.2225,-136.3767,45
ULHL,42.2456,76.2417,45
B20K,70.0079,-157.1599,45
DSI,31.5700,35.3800,45
KDWAN,-23.3804,24.6608,44
LODK,3.4219,35.3616,44
HILR,49.5562,119.7508,44
HERR,44.8810,22.4160,44
BIR,46.2664,27.6264,44
ODBI,45.7633,27.0558,44
MAKGR,-25.8118,24.8008,44
BJRD,37.7000,57.4080,44
ESRB,25.2200,54.2339,44
ARBE,59.4365,25.9841,44
KULM,5.2900,100.6500,43
ALKP,-29.9418,22.2467,43
MMA0B,33.0153,35.4031,43
HLM1,52.5184,-2.8807,43
PCAS,40.0528,-8.4983,43
SOP,47.6833,16.5583,43
MPLH,47.1702,17.5395,43
CLZ,51.8416,10.3724,43
CIT,52.0211,113.5519,43
IDID,55.3148,26.7390,43
MSBI,31.3126,35.3580,43
CWF,52.7383,-1.3072,42
ZHDN,29.3990,60.8102,42
GRMI,38.8081,47.8938,42
NATI,33.2620,35.7364,42
LUBAR,49.9205,27.7576,42
LOF,68.1310,13.5420,42
MTSE,58.7144,23.8146,42
FOO,61.5980,5.0440,42
NVAR,38.4296,-118.3036,42
ERBR,45.7146,40.4835,42
MENT,62.9381,-143.7194,42
DIKM,41.6496,35.2578,42
CJR,46.7133,23.5981,42
VNDA,-77.5172,161.8528,41
LZDM,35.9563,103.6956,41
EPOS,41.5035,42.7279,41
CESX,42.6085,12.5868,41
K27K,64.0292,-142.0758,41
EDMD,54.8312,-1.9636,41
STIP,41.6943,22.1862,41
RAFI,31.7230,46.1140,41
IAS,47.1931,27.5530,41
DL2,38.9061,121.6280,40
MTUR,45.2261,25.0630,40
CPUP,-26.3306,-57.3292,40
JOW,26.8322,128.2745,40
BVA0,53.0249,70.3885,40
ASK,60.4830,5.1950,40
FUR,48.1655,11.2763,39
GHB,29.3790,52.5372,39
RAZG,43.5662,26.5079,39
KRM1,30.5029,57.2714,39
KS15,37.4421,127.8844,39
NHRD,24.7220,49.0150,39
PAIG,39.9272,23.6797,39
STU,48.7719,9.1950,39
LEOM,46.4733,28.2467,39
SHAA,37.5619,68.1236,39
YUK,44.0347,145.8614,39
KELT,40.1486,39.2556,39
INU,35.3488,137.0170,39
CCB,64.6467,-147.8050,39
SCM,61.8333,-147.3280,39
LAST,35.1611,25.4786,39
AYDN,37.6608,27.8792,39
IZAR,55.7497,26.2458,39
NONG,18.0635,103.1457,39
PPT2,-17.5896,-149.5764,39
PLG,40.3739,23.4456,38
RUE,52.4800,13.7800,38
BCA,41.4450,41.6223,38
J20K,64.1767,-154.1467,38
KTH,63.5530,-150.9220,38
F21K,67.2221,-153.4830,38
NRS,61.1595,-45.4188,38
G24K,66.7004,-147.4754,38
KMPD,48.5630,26.4600,38
UTTA,17.7443,100.5541,38
IM3,65.9835,-153.7490,38
WLF1,53.2894,-4.3966,38
THE,40.6322,22.9650,38
RIDG,63.7399,-144.8462,38
I23K,65.1479,-149.3603,38
SABO,45.9875,13.6337,38
DLBC,58.4372,-130.0270,38
BNX,45.7394,127.4045,38
HSPB,77.0019,15.5332,38
KLV,38.0437,22.1504,38
BLGI,32.7334,35.1913,37
EDI,55.9233,-3.1875,37
JSA,49.1879,-2.1709,37
KSM,1.4733,110.3083,37
FCC,58.7617,-94.0867,37
TAPN,27.3500,87.7100,37
SMAN,26.1780,48.0650,37
UMPA,16.2057,98.8603,37
BKNI,0.3262,101.0396,37
CM01,18.4205,98.9588,37
BUR04,47.6182,25.2122,37
ODAN,26.8600,87.3900,37
VLC,44.1594,10.3864,37
WET,49.1440,12.8782,36
ISRB,37.8250,47.6667,36
YTIR,31.3630,35.1160,36
NANT,18.8000,100.7000,36
WOL,51.3127,-1.2228,36
BATM,41.6040,41.6936,36
JETT,69.5557,20.4095,36
BATI,-10.2065,123.6633,35
EUNU,80.0533,-86.4158,35
NVS,54.8406,83.2344,35
QSDN,36.5036,49.1740,35
SIMJ,38.6585,69.0083,35
ILULI,69.2121,-51.1048,35
CRAI,20.2289,100.3734,35
PLVB,43.3870,24.6207,35
WRH,64.4713,-148.0900,35
MONM,51.8396,-2.8054,35
D25K,69.3220,-146.3751,35
IMON,33.1922,59.6667,35
CHKK,43.8540,76.9880,35
RC01,61.0894,-149.7367,35
MFTR,44.1779,28.4224,35
TBJM,35.2679,60.3292,35
K29M,63.8433,-137.5201,35
COI,40.2080,-8.4124,35
E25K,68.1207,-145.5680,35
KOGS,46.4481,16.2503,35
OTAV,0.2376,-78.4508,35
G27K,66.8088,-141.6549,35
SLTI,32.2405,35.0403,34
MSEY,-4.6737,55.4792,34
PHPEN,-25.4755,22.8573,34
PDAR,42.7667,-109.5579,34
STOK,66.3330,13.0177,34
PRA,50.0703,14.4331,34
SULR,44.6785,26.2551,34
GUR,37.9363,22.3423,34
MOL,62.5700,7.5480,34
WUS,41.1990,79.2180,34
CLDR,39.1431,43.9170,34
HORT,40.5978,23.0996,34
PBA,11.6559,92.7428,34
CHOS,38.3868,26.0550,34
DGAR,-7.4121,72.4525,34
LABN,44.6413,40.7236,34
ANKY,35.8670,23.3012,34
DIVS,44.0982,19.9917,34
TRI,45.7089,13.7642,34
FRU,42.8333,74.6167,33
UBR,47.6807,10.1080,33
GANJ,40.6460,46.3220,33
BISRR,45.5481,26.7099,33
BJI2,40.0188,116.1702,33
MMB,41.5470,23.7495,33
YHNB,24.6697,121.3757,33
IEMG,37.4155,58.6522,33
ESBB,39.6755,-3.9617,33
J26L,64.5012,-143.5636,33
HABR,48.4730,135.0510,33
LPHEP,-23.3630,25.8596,33
ASYS,27.5046,44.3412,33
KIRS,39.1329,33.9168,33
SLIT,57.6287,22.2905,33
RGN,54.5477,13.3214,33
DBG,74.3071,-20.2193,32
GEA0,48.8368,13.7019,32
B21K,69.6211,-154.6128,32
SEKA,41.2090,47.1980,32
DOU,50.0960,4.5950,32
UTHA,15.5586,99.4451,32
BRDH,22.6770,91.6425,32
STAL,46.2601,12.7104,32
TNTI,0.7718,127.3667,32
TOLI2,1.1112,120.7817,32
AS01,-23.6647,133.9510,32
FAUS,67.3820,15.2878,32
SML,61.8070,-148.3318,32
DBF,25.5831,56.3165,32
PBUR,56.0236,21.9294,32
PAOL,41.0312,14.5675,32
H24K,65.8371,-147.8781,32
BODT,37.0621,27.3104,32
LKD2,38.7889,20.6578,32
STHS,49.4167,21.2437,31
SUE,61.0570,4.7610,31
VAE,37.4783,14.4119,31
WAG,23.6671,55.4891,31
AAE,9.0292,38.7656,31
MOX,50.6447,11.6156,31
PRP,65.5174,-145.5246,31
KER,34.3850,47.1319,31
NEEM,77.4450,-51.0650,31
PMTG,39.0690,-8.2253,31
KLU,61.4924,-145.9227,31
ESY,55.9178,-2.6144,31
LBWR,53.4016,-1.7248,31
IGT,39.5325,20.3325,31
ARCR,47.0855,24.3537,31
FDMO,43.0365,13.0873,31
DID,37.5063,23.2368,31
BTO2,40.7437,109.8780,31
DESE,11.1180,39.6352,31
SKN,61.9800,-151.5317,31
LOEI,17.5093,101.6244,30
PCVE,37.6320,-8.0390,30
KGCAE,-22.8538,22.2068,30
POO,18.5295,73.8492,30
PLD,42.1469,24.7475,30
CUKT,37.2474,43.6076,30
E24K,68.0748,-148.4868,30
XOR,39.3661,23.1919,30
PSA00,-21.5726,119.8459,30
KHSK,26.7568,57.0528,30
BEL,51.8355,20.7888,30
OUR,40.3344,23.9819,30
TYV,50.8630,142.6560,30
FYU,66.5660,-145.2320,30
I28M,65.4483,-139.9355,30
L14K,61.3416,-162.6829,30
MDSI,-4.4861,104.1783,30
DRO,37.9523,21.7104,30
DRUM,56.9126,-2.4865,30
IL1,64.7716,-146.8860,30
OFRI,32.6210,34.9850,30
B22K,70.3400,-153.4196,30
MAUC,49.3655,17.8278,30
PSN,43.6375,28.1359,29
USA0B,44.1999,131.9887,29
VADS,70.1202,29.3605,29
SUA,61.4636,-150.7467,29
PHET,12.9100,99.6300,29
M27K,62.3579,-141.8780,29
LAWE,56.2601,-5.3990,29
K20K,63.3569,-154.0700,29
BSEG,53.9353,10.3169,29
SLVN,21.3338,103.9050,29
BCLA,50.4196,5.3029,29
WPS,53.4004,-4.4986,29
KNGR,50.6043,97.5171,29
PTOM,39.6180,-8.4107,29
NAX,39.1740,45.4950,29
L27K,63.0618,-141.8275,29
THKV,35.9157,50.8788,29
GBN,45.4078,-61.5128,29
MEM,50.6087,6.0096,28
VLDR,45.8443,28.0808,28
HYA,61.1660,6.1870,28
G31M,66.9227,-134.2708,28
VLX,37.3703,22.3793,28
NEUR,43.2631,42.7016,28
RSBS,51.9530,-4.7448,28
KOOLE,-22.9931,20.1956,28
ABGH,36.7352,54.7994,28
SONA1,47.8468,106.4032,28
D23K,68.9656,-150.6807,28
SKT,61.9800,-151.5317,28
YER,37.1347,28.2828,28
JURR,44.7661,28.8769,28
J19K,63.9940,-155.6214,28
MNGR,40.7730,47.0850,28
ONER,46.3349,26.3940,28
SZH,43.2653,25.9763,28
SSE,31.0956,121.1867,27
HOPEN,76.5100,25.0100,27
H31M,65.8052,-134.3426,27
E27K,68.1861,-141.5951,27
PRD,43.1602,27.4099,27
LKGWB,-24.1135,21.7823,27
KSDI,33.1920,35.6590,27
JMIC,70.9866,-8.5052,27
WIN,-22.5667,17.1000,27
VANB,38.5950,43.3890,27
GKP,53.2697,17.2367,27
CSKK,47.3631,18.2605,27
SRAK,14.0120,102.0425,27
PNCL,38.1118,-8.5289,27
DEL,56.4701,13.8705,27
MCD,57.5828,-3.2542,27
RDOG,68.0541,-162.9080,27
SVSK,39.9170,36.9980,27
IRK,52.2431,104.2711,27
DIGO,40.4147,43.3742,27
KFJS2,28.3481,48.3957,27
LIS,38.7180,-9.1505,26
VLI,36.7182,22.9370,26
SHMJ,32.7270,35.7640,26
DAV,7.0700,125.5790,26
ZHN,43.1680,78.4350,26
COPA,44.1343,25.2172,26
PANO,17.1476,104.6122,26
CHBG,43.0129,42.0850,26
AOS,39.1703,23.8800,26
IAFJ,35.8560,51.7125,26
ICESG,69.0900,-39.6500,26
G23K,66.7108,-150.0239,26
UJAP,31.9520,35.4644,26
E21K,68.4414,-153.9721,26
BEHE,46.4702,16.7755,26
ANGG,65.6160,-37.6370,26
VISS,45.8033,14.8393,26
ROTZ,49.7669,12.2070,26
IKIA,36.2070,53.6837,26
WB2,-19.9428,134.3511,26
TAVA,37.4657,28.9132,26
NVR,41.3500,23.8619,26
SANI,-2.0496,125.9881,26
RQBS,27.3401,45.9610,26
F28M,67.6136,-139.8717,26
MTN,-12.8436,131.1327,26
KKB,41.8417,23.1287,26
F15K,65.7077,-164.6483,26
PSARD,39.6003,-8.1623,26
ZKR,35.1147,26.2170,26
LRW,60.1360,-1.1779,25
LIA,39.8981,25.1831,25
D24K,69.1532,-148.8233,25
PHRA,18.4989,100.2290,25
PGB,42.5137,24.1734,25
KONT,37.9453,32.3605,25
AXAR,38.7664,22.6590,25
KNK,61.4131,-148.4585,25
PAX,62.9699,-145.4699,25
HKZM,35.3775,48.9045,25
IAZR,37.6783,45.9800,25
KVT,41.0806,36.0464,25
NPW,19.7785,96.1376,25
SKNT,16.9742,103.9815,25
MYKOM,1.7900,103.8500,25
LKRN,38.7100,48.7790,25
SRE,44.6622,23.2052,25
SADO,44.7694,-79.1417,25
RPSI,2.6951,98.9240,25
RZN,41.6941,24.7388,25
SMG,37.7087,26.8370,25
ABNA,48.6705,15.4332,25
IVI,61.2058,-48.1712,25
CEL,38.2594,15.8939,25
L19K,62.1816,-154.8543,25
SRN,39.8800,20.0005,24
KS01,37.4766,127.8940,24
MORW,-29.0679,116.0403,24
IDGL,55.0730,-7.5100,24
AKTK,50.4348,58.0164,24
SVAN,38.1511,41.1984,24
I27K,65.6035,-141.6153,24
LADK,38.2000,32.3648,24
GAMB,63.7758,-171.7035,24
HNS,37.3991,114.7073,24
TTG,42.4302,19.2553,24
PUK,42.0427,19.8928,24
H23K,65.8251,-149.5432,24
PURM,46.5293,29.8723,24
DHR,26.3039,50.1389,24
SMLA,31.1283,77.1667,24
MBWA,-21.1590,119.7312,24
JHJ,33.1192,139.7833,24
NORES,60.7353,11.5414,24
NRDL,52.4943,10.1073,24
KMI2,25.1481,102.7472,24
KHOR,25.6227,51.5119,24
MANEM,37.5423,71.6801,24
IMOG,36.1082,59.3393,24
MI28,50.9305,27.6694,24
WINA,48.1074,16.0731,24
TJN,36.3772,127.3638,24
MNAS,42.4894,72.5067,24
SECR,45.0355,26.0676,24
VASR,46.6415,27.7911,24
BOVS,43.6351,21.7057,24
GVD,34.8391,24.0874,24
BALY,39.7403,27.6195,24
LCO,-29.0111,-70.7010,23
H29M,66.2191,-138.3689,23
PRK,39.2461,26.2717,23
HPK,53.9581,-1.6241,23
SULT,38.1988,33.5156,23
SNF,50.5086,4.2833,23
BR104,39.7074,33.6414,23
KEPZ,36.9015,31.6039,23
MPSI,0.3374,119.8980,23
ES19,39.7006,-3.8991,23
AKDM,38.3285,42.9800,23
KPL,57.3391,-5.6527,23
MAKU,39.3548,44.6833,23
E22K,68.1343,-151.8132,23
SVRH,39.4469,31.5230,23
CISI,-7.5557,107.8153,23
KKM,6.0443,116.2147,23
J16K,63.2842,-160.6021,23
VOI,-21.9065,46.7933,23
BUD,47.4836,19.0239,23
DARE,38.5712,37.4832,23
DHK1,36.8606,42.8665,23
NDI,28.6853,77.2159,23
NEA2,64.5928,-149.0694,23
TOKT,40.3203,36.5448,23
MSSA,44.3162,9.5174,23
N19K,60.8132,-154.4838,23
FAKI,-2.9192,132.2489,23
IMRD,38.7133,45.7030,23
INCN,37.4830,126.6330,23
WALJ,31.5620,35.8110,22
QASN,33.5328,36.2761,22
MAT,36.5427,138.2070,22
KMRS,37.5053,36.9000,22
IBBN,52.3072,7.7566,22
OUL,65.0859,25.8926,22
E29M,68.3889,-137.8969,22
LAKA,38.2401,21.9785,22
GDLE,54.4218,-0.8157,22
TURN,36.7753,28.2444,22
F31M,67.4410,-133.7420,22
GRTLG,-21.3619,21.2157,22
D19K,68.4946,-158.1151,22
YULB,23.3924,121.2973,22
YKW3,62.5608,-114.6160,22
CORM,40.1785,34.6302,22
DHRM,32.2500,76.3000,22
ILP6,35.4736,50.4257,22
SARP,31.9215,72.6718,22
DRME,42.1867,19.1843,22
KDZ,41.6302,25.3396,22
BRBR,33.4113,35.9508,22
ATAL,38.6926,23.0213,22
BORU,57.6345,12.7697,22
RMAH,25.3450,46.8840,22
MSF,65.9113,29.0402,22
KZRD,31.0119,56.6286,22
MD01,32.8680,-4.7591,22
SESA,47.1132,14.5668,22
SFK,40.0172,73.5063,22
JOF,62.9182,31.3124,22
LEF,35.1193,32.8903,22
EAB,56.1881,-4.3400,22
SHEL,-15.9588,-5.7457,22
ISHB,38.2833,45.6170,21
VAM,35.4069,24.1997,21
TOTH,33.3613,36.4283,21
JAGI,-8.4702,114.1521,21
BUG,51.4406,7.2693,21
JAVS,45.8934,14.0643,21
BSYO,22.7310,57.2402,21
LEIR,66.1118,13.1151,21
EDA,3.7789,10.1534,21
URFA,37.4410,38.8213,21
DY2G,66.4740,-46.2639,21
PMOZ,32.8230,-17.1970,21
E18K,67.4213,-160.6027,21
SSLB,23.7875,120.9540,21
STRD,51.7763,-2.1639,21
PCAB,41.7102,-8.0270,21
H17K,64.9370,-159.9126,21
RCBR,-5.8275,-35.9014,21
I21K,65.1800,-151.9822,21
ELND,42.9287,25.8751,21
CHAI,15.9018,101.9864,21
TBI,-23.3489,-149.4608,21
KMY,59.2120,5.2470,21
ICOR,44.1168,27.8009,21
RETH,52.7379,9.3611,21
G21K,66.5156,-153.5058,21
RLS,38.0578,21.4667,21
GIRR,46.9551,26.5008,21
RJOB,47.7372,12.7957,21
DLV,11.9433,108.4867,20
J30M,64.5753,-136.3304,20
AGRB,39.5755,42.9920,20
C27K,69.6260,-143.7114,20
NKL,53.1500,140.6800,20
TRQA,-38.0567,-61.9795,20
K24K,63.8036,-145.7784,20
C26K,69.9175,-144.9122,20
LWLI,-5.0175,104.0589,20
HCY,42.4473,18.4938,20
ALE,82.5033,-62.3500,20
F30M,67.6106,-135.7863,20
HSKC,50.6072,13.4317,20
VLS,38.1772,20.5897,20
LEM,-6.8266,107.6175,20
LVC,-22.6100,-68.9100,20
KS19,37.5019,127.8669,20
VARL,45.8996,27.8487,20
ARIRA,26.2324,48.8869,20
BJO1,74.5020,18.9990,20
D20K,68.7132,-156.6132,20
PBDV,37.2430,-7.9312,20
VLY,37.8524,23.7942,20
GHO,61.7722,-148.9240,20
SUKH,17.4821,99.6310,20
SIRN,37.4962,42.4130,19
PRAC,12.4726,99.7929,19
SHUT,38.5530,30.5511,19
KASI,-5.5236,104.4967,19
SALO,45.6183,10.5243,19
BLKB,43.6227,22.6750,19
ISK,41.0656,29.0592,19
H22K,65.8937,-151.3773,19
DYA,50.4352,-3.9309,19
BBJI,-7.4626,107.6500,19
NEW,48.2642,-117.1227,19
TLBR,44.5445,28.0467,19
BSR2,30.2927,47.6191,19
GULT,40.4323,30.5150,19
TNS,50.2225,8.4473,19
LONY,44.6197,-74.5829,19
E28M,68.6043,-139.5349,19
SYO,-69.0088,39.5921,19
ARTV,41.1849,41.9283,19
F19K,66.8332,-157.7728,19
DSHG,42.0001,44.7181,19
G30M,66.9808,-136.2216,19
ARLS,41.8527,74.3355,19
IGLA,53.4195,-9.3750,19
L26K,63.0254,-143.3478,19
GCAM,37.7002,27.2335,19
YKAW1,62.4822,-114.4842,19
SWQJ,31.4046,36.0995,19
GUMO,13.5891,144.8686,19
VAL,51.9394,-10.2442,19
LBNH,44.2401,-71.9259,19
DALY,36.8171,28.6536,19
VLAD,43.9986,24.4038,19
VLA,43.1196,131.8848,19
HGN,50.7640,5.9317,19
STEB,49.9343,17.7728,19
VRTB,39.1603,41.4558,18
GTTG,51.5451,9.9647,18
ZKTA,41.6380,46.6220,18
SILT,41.1530,29.6430,18
LPL,45.5164,6.7324,18
KRUS,41.3689,21.2488,18
PHSR,41.6307,27.5239,18
STKA,-31.8769,141.5952,18
SNART,58.3387,7.2097,18
E23K,68.0584,-149.6163,18
CLTB,37.5786,13.2156,18
EVR,38.9167,21.8087,18
AQBJ,29.7280,35.0500,18
MI29,50.4180,27.8500,18
AK21,50.7764,29.0419,18
BBB,52.1847,-128.1130,18
RSDY,40.3972,37.3273,18
BRY,42.9016,18.5389,18
PMAR,32.7237,-16.9137,18
PTK,38.8920,39.3920,18
MNAI,-4.3605,102.9557,18
JDRJ,30.7280,35.6660,18
FLTG,52.3306,11.2372,18
KEBE,36.4470,33.7132,18
BNGB,38.9913,40.6790,18
M17K,61.4009,-157.4375,18
SVRC,38.3784,39.3063,18
H18K,65.1527,-158.3633,18
KRND,37.3830,23.1502,18
PYL,36.8955,21.7420,18
LPG,45.4977,6.7514,18
F24K,67.5187,-147.8871,18
QYSM,27.8540,46.8750,18
HNTI,33.0830,35.1740,18
IMMV,35.4606,23.9811,18
TCOL,64.8735,-147.8618,18
KORT,37.0007,30.3503,18
SLV,21.3252,103.9067,17
GZH,23.0869,113.3440,17
SHBH1,23.5212,51.5741,17
BHL,33.9042,35.6542,17
M26K,62.4013,-142.9963,17
DRLN,49.2560,-57.5042,17
TPUB,23.3005,120.6296,17
M19K,61.9037,-154.3915,17
LLW,52.8492,-3.6650,17
KARA,37.2607,35.0546,17
H19K,65.5276,-156.4494,17
BIGH,58.4933,-3.9105,17
SAHE,40.8525,30.8536,17
HAL,44.6377,-63.5920,17
YOJ,24.4617,123.0108,17
YURE,36.8259,35.6324,17
SARI,38.4072,36.4182,17
G17K,65.5011,-160.6514,17
G18K,65.8950,-158.6540,17
EDRB,41.8470,26.7440,17
VAGH,66.7303,13.2705,17
F17K,66.4420,-161.2502,17
AK09,50.6151,29.2846,17
TANN,50.4149,12.4616,17
SRTM,37.9911,41.9223,17
SENK,40.5614,42.3505,17
BERE,36.3474,33.2229,17
MRSI,0.4771,121.9406,17
AMT,37.5324,21.7089,17
MALK,8.3968,80.5425,17
BOSR,46.0749,25.6611,16
TOPG,44.8764,28.3782,16
KTUT,40.9870,39.7667,16
MD31,32.8670,-4.7590,16
KULU,39.0426,33.0023,16
FABU,57.0011,12.7184,16
SGRR,44.2228,25.9743,16
ASSE,52.1303,10.6729,16
K17K,62.7161,-158.3014,16
PTEO,37.5456,-8.7242,16
PMAFR,38.9554,-9.2827,16
LOR,47.2683,3.8589,16
M14K,60.7515,-161.9600,16
KULLO,74.5805,-57.2201,16
AK08,50.6338,29.2548,16
MMRI,-8.6357,122.2376,16
YKAW3,62.5616,-114.6099,16
RAUS,66.4366,14.0416,16
YEDI,39.4377,40.5443,16
MLSI,4.2668,96.4040,16
ERM,42.0150,143.1571,16
CLF,48.0258,2.2600,16
TAOE,-8.8549,-140.1482,16
ESLA,39.6743,-3.9631,16
BLEU,56.3040,15.8145,16
FRGS,45.1577,19.8102,16
CAVI,40.2022,29.8425,16
L20K,62.4787,-153.8798,16
EBL,55.7733,-3.0436,16
MBDF,44.7269,6.7714,16
KOZT,37.4805,35.8267,16
IKL,36.2386,33.6853,16
G16K,65.3936,-162.3547,16
AK10,50.5990,29.2513,16
AYDB,37.9466,27.8908,16
DDI,30.3225,78.0556,16
PEA0B,53.1082,157.6989,16
HOFOF,25.3994,49.9026,16
YOZ,39.6400,35.3200,16
SNY,41.8278,123.5780,16
F26K,67.6946,-144.1455,16
LUNU,55.6320,13.4464,16
KFJS1,28.1866,47.9416,16
GOA,15.4917,73.8247,16
LOD,39.8890,32.7640,16
LTK,38.0230,22.9670,16
BALJ,32.0873,35.6400,16
M16K,61.0224,-158.9593,15
NPS,35.2625,25.6125,15
C16K,68.2746,-165.3436,15
KUR,45.2333,147.8667,15
G29M,66.9116,-138.0223,15
NGP,21.1699,79.0509,15
TBLU,63.2518,10.2607,15
DGRG,41.4507,45.3732,15
SRDT,14.3495,99.1212,15
PTL,38.0489,23.8647,15
NEST,40.4147,21.0489,15
SRCK,40.0417,30.6259,15
L18K,62.2195,-156.6886,15
EREA,38.4199,23.9318,15
CART,37.5868,-1.0012,15
CANT,40.6061,33.6196,15
MHMT,18.1764,97.9310,15
VAF,63.0422,22.6715,15
PYA1,44.0625,43.0958,15
JMB,42.4911,26.5297,15
KAC,57.4999,-5.2982,15
SIVA,35.0175,24.8100,15
SIGR,39.2114,25.8553,15
GIMEL,46.5336,6.2655,15
YRC,53.2506,-4.5741,15
C24K,69.7200,-148.7009,15
CABF,46.6111,6.0875,15
E46A,46.3665,-84.3062,15
PERS,46.6359,15.1167,15
SMTH,40.4709,25.5304,15
VSLR,43.4612,40.0324,15
PGBU,55.8115,-4.4837,15
MPEP,43.3560,23.7401,15
KDZE,41.3132,31.4429,15
MALT,38.3134,38.4273,15
UPM,43.2031,18.9051,15
PANC,45.8723,27.1477,15
KCSI,3.5220,97.7715,15
WANAN,26.8988,48.4775,15
TNA,65.5606,-167.9239,15
BJUU,56.0739,13.0237,15
BHPL,23.2410,77.4245,15
I26K,65.3064,-143.1541,15
SHEM,52.7295,174.0994,15
I17K,63.8864,-160.6950,15
CHBY,38.5823,32.8901,15
KARJ,32.0169,35.5508,15
SET,36.2000,5.4000,15
D27M,69.2430,-140.9648,15
SERE,38.9463,33.5640,15
M29M,62.4435,-138.4624,15
M31M,62.2024,-134.3906,15
DZM,-22.0710,166.4440,15
MERS,36.8677,34.5222,15
SCTE,40.0724,18.4675,15
AMAZ,31.5325,34.9154,15
AK07,50.5507,29.2044,14
AK05,50.6197,29.2036,14
GYA0,37.9295,58.1171,14
EDM,53.2217,-113.3500,14
ARMT,40.5656,28.8616,14
SMF,46.6453,3.8411,14
MOE,38.5228,-8.3506,14
KOPR,39.9916,41.8534,14
CUT,62.4047,-150.2690,14
YAYX,38.9386,33.8115,14
TVSB,39.4497,29.4615,14
LOZB,43.3701,26.5930,14
J14K,62.7492,-163.5540,14
J17K,63.3965,-159.0777,14
J18K,63.4650,-156.7154,14
DELO,44.5177,-77.6186,14
RNPP9,51.4120,25.8905,14
EREN,35.5300,34.1700,14
NEUB,51.2083,11.7752,14
ISOG,65.5480,-38.9757,14
TEH,35.7367,51.3817,14
JBP,23.1667,79.9833,14
RJF,45.3044,1.5164,14
SLJL,37.6493,57.8915,14
TAHT,36.3757,36.1852,14
KSHT,32.9820,35.8110,14
DRE,46.1733,13.6450,14
PAYA,19.3603,99.8692,14
WME,53.3966,-4.3034,14
BDHA,13.9750,45.5670,14
MQOL,20.6638,37.0507,14
HSUJ,32.1050,36.1930,14
SVW2,61.0973,-155.5809,14
DFRA,36.5450,5.8769,14
OHAK,57.2225,-153.2875,14
BKB,-1.2605,116.8963,14
DOMR,43.2920,41.6240,14
DSF,38.4112,22.5271,14
N18K,60.6801,-155.8897,14
TMU,24.2296,94.3003,14
BOK,23.7948,85.8858,14
ATHU,37.9665,23.7845,14
CMAH,36.6250,7.4197,14
PBCC,49.6857,13.9956,14
KEK,39.7130,19.7987,14
ATH,37.9722,23.7167,14
F25K,67.5933,-145.6430,14
ES06,39.6757,-3.9521,14
KHAL,38.3703,29.4917,14
KSV,48.3150,25.0667,14
PETR,45.7230,27.2310,14
MRKA,38.7058,23.5875,14
SIMI,38.6585,69.0083,14
LUWI,-1.0418,122.7717,14
CADS,46.2280,13.7369,14
LKR,38.6506,22.9994,14
NUUK,64.1800,-51.7300,13
TUC,32.3098,-110.7847,13
IWEX,52.3743,-6.7745,13
PDSI,-0.9118,100.4617,13
SBF,43.8631,7.4352,13
SBA,-77.8503,166.7560,13
HKPS,22.2776,114.1415,13
MUGIO,45.9219,9.0417,13
LFF,44.9395,0.7402,13
ABSA,36.2733,7.4778,13
BR105,39.7180,33.6173,13
HARP,62.3987,-145.1568,13
MAHO,39.8959,4.2665,13
BBLS,43.8660,19.4050,13
H27K,66.2305,-141.5265,13
TREB,42.7170,18.3500,13
MRMT,40.6032,27.5957,13
L16K,61.7105,-159.4747,13
EFOR,44.0795,28.6323,13
JBG,42.4230,70.5440,13
JGF,35.6040,137.3542,13
JCJ,27.0955,142.1846,13
DAGI,41.0778,41.9142,13
MUSM,38.7240,41.5118,13
PARRA,38.8153,-8.0402,13
ALMR,39.1555,-8.5768,13
AMR2,31.9899,47.1902,13
SKR,50.6830,156.1170,13
KSANE,-17.8002,25.1619,13
MJB9,36.5458,138.2039,13
KUQ,58.1090,-68.4113,13
NACB,24.1738,121.5947,13
URLA,38.3602,26.5955,13
C19K,69.1049,-159.5874,13
GRR,48.3883,-0.8583,13
YOVA,37.5871,44.2896,13
DEV,45.8833,22.9033,13
JMN,33.7315,133.8763,13
RCHB,50.1560,5.2280,13
G26K,66.9498,-143.7848,13
NEO,39.3067,23.2235,13
FORT,-30.7790,128.0590,13
D62A,47.0819,-69.0501,13
MATE,40.6493,16.7047,13
L29M,63.1090,-138.1290,13
AK02,50.6573,29.2057,13
PTO,41.1386,-8.6022,13
CIFT,39.3612,31.0625,13
SAHR,45.7266,26.6855,13
BR106,39.7338,33.6180,12
ANX,38.5933,21.9209,12
BOZC,39.8419,26.0528,12
BLKN,64.3185,-96.0024,12
HANI,38.4147,40.3994,12
ROSF,48.3364,-3.2736,12
ADVT,40.4332,29.7383,12
CASP,42.7908,10.8652,12
AK06,50.5858,29.1985,12
VIVF,44.8561,4.6728,12
GAL1,54.8664,-4.7114,12
M22K,61.7531,-150.1205,12
MI30,50.7460,28.1890,12
RAC,50.0833,18.1942,12
IBST,37.7000,46.8920,12
PVO,38.6167,21.5259,12
SHBH2,24.0916,51.3045,12
K15K,62.2938,-161.5308,12
SJPF,43.1133,-1.2250,12
CGJI,-6.6135,105.6929,12
BHUJ,23.2540,69.6540,12
K13K,61.9331,-164.6555,12
MNTX,31.6985,-105.3821,12
DIM,42.0457,25.5778,12
LTX,29.3339,-103.6670,12
RNPP8,51.3362,25.8548,12
PSBE,39.5142,-8.7955,12
YUK4,61.3448,-138.6462,12
M20K,61.8823,-153.1318,12
RNPP5,51.2291,25.8855,12
JTM,40.7895,141.0647,12
NE56,46.6760,30.8990,12
RER,-21.1590,55.7460,12
DAT,36.7290,27.5778,12
KUM,5.2902,100.6492,12
MNSI,0.7955,99.5796,12
OHH,40.5244,72.7850,12
BMRD,50.3025,4.7675,12
KLSI,-4.6900,104.7300,12
BKSI,-5.3219,120.1224,12
CRES,45.8260,15.4569,12
CASM,36.2600,6.4900,12
GAZI,36.2347,32.3157,12
SEW,60.1043,-149.4526,12
KASTN,51.2027,8.4162,12
KAAM,0.4926,72.9949,12
BTLR,42.6639,46.2222,12
MARCO,40.2972,15.8063,12
UPNV,72.7829,-56.1395,12
QUIF,47.9167,-3.1656,12
KLYT,41.2530,29.0420,12
SLE,47.7645,8.4924,12
BOLV,38.7183,30.9502,12
IRSR,26.9625,60.8738,12
KFL,38.1096,20.7880,12
PGF,42.5483,8.9994,12
MTBS,43.1300,76.4290,12
AVF,46.7906,3.3526,12
AVE,33.2981,-7.4133,12
HOMI,40.0452,41.9055,12
KIZK,36.4803,34.1437,12
HINF,47.8167,6.8531,12
FLN,48.7625,-0.4819,12
BAL3X,47.9355,29.6013,12
TVAN,38.5286,43.4061,12
JAY,-2.5148,140.7047,11
AFSR,39.4468,33.0707,11
AMRR,44.6103,27.3354,11
N15K,60.1686,-160.0921,11
YUK3,61.7755,-140.4595,11
SIJI,-0.8691,131.2661,11
C21K,69.1565,-154.7833,11
PUL,59.7728,30.3222,11
ERIK,40.6708,26.5132,11
D17K,67.6988,-163.0831,11
NEWG,55.1173,-4.2300,11
C17K,68.4753,-163.1776,11
BATG,47.2767,-66.0599,11
SMIA,38.8791,23.2090,11
OLDB,51.6609,-2.5515,11
CHUM,63.8827,-152.3152,11
JNKS,41.0528,75.6258,11
CEYT,37.0100,35.7480,11
TGI,20.7685,97.0341,11
FYTO,39.4086,22.9396,11
KRJI,-2.0912,101.4619,11
ONAU,57.3965,11.9177,11
LISJ,31.2400,35.4810,11
BCI,42.3666,20.0675,11
CLGH,55.0828,-6.1106,11
ARXS,44.2130,77.8270,11
CTYL,41.4750,28.2891,11
SPMN,45.2246,-92.8037,11
DGMT,48.4702,-104.1959,11
KAVA,40.9967,24.5137,11
CKFL,36.4000,6.7200,11
OSSC,43.5236,11.2458,11
PLVO,45.0396,-77.0754,11
MANZ,49.9862,12.1083,11
RAF,61.0230,21.7640,11
HWQ,34.2780,35.9463,11
AUSIV,39.4396,31.5397,11
SAUV,40.7401,30.3271,11
MTLF,43.3411,2.2175,11
QRNJ,32.3350,35.5750,11
MSHR,42.5800,131.1570,11
CNSH,28.1819,112.9311,11
WRGLY,63.2281,-123.4584,11
GELI,40.3980,26.4741,11
SHOFU,24.9790,49.7770,11
TUDR,45.5939,27.6687,11
ISO,44.1833,7.0500,11
ZOU,46.5567,12.9733,11
MMA0,33.0152,35.4031,11
STRU,59.0345,11.1825,11
MFF,46.6022,-0.1458,11
STON,42.8716,17.6999,11
CTGM,60.9650,-141.3330,11
EYMN,47.9462,-91.4950,11
GLG1,34.1136,45.9096,11
HAPS,44.0862,18.9507,11
JKA,44.1188,142.5930,11
JIR1,36.7077,49.8021,11
GIRL,-22.6430,114.2340,11
H20K,65.4924,-154.8808,11
BDRM,37.0653,27.4442,11
QZH,24.9431,118.5920,11
AGMN,48.2978,-95.8619,11
AKKU,36.1587,33.5508,11
ATE,43.0859,-0.7007,11
UCM,40.3077,-3.2442,10
HRT,40.8217,29.6680,10
M24K,62.1067,-146.1750,10
PLOR1,45.8520,26.6466,10
PKSM,46.2119,18.6413,10
WAT6,62.5808,-147.7400,10
KKHK,34.1374,58.6340,10
DBAD,41.0183,41.6947,10
N17K,60.5269,-157.1867,10
LATE,42.6137,11.8040,10
THR6,36.3562,25.3975,10
CAF,44.9258,2.0644,10
TEKE,36.1427,33.1141,10
FLT1,52.3306,11.2372,10
THL,39.5647,22.0145,10
SSPA,40.6358,-77.8876,10
SSF,47.0615,3.5060,10
EYAK,60.5487,-145.7500,10
BNALP,46.8719,8.4261,10
MGRS,44.4170,17.0840,10
PECO,43.9340,-76.9939,10
PEA1,53.1132,157.6984,10
THERA,36.3670,25.4753,10
TWG,22.8207,121.0720,10
CY604,34.3393,34.5121,10
UBPT,15.2800,105.4700,10
UBBA,50.8188,10.0010,10
LMN,45.8520,-64.8060,10
KIZT,38.8800,31.8800,10
WTSB,51.9663,6.7989,10
SNAA,-71.6707,-2.8379,10
KHON,16.3378,102.8230,10
PDO,38.5986,21.1833,10
AK03,50.7263,29.2217,10
ORIF,44.9183,5.8800,10
MANR,43.8168,28.5876,10
KZN,40.3067,21.7708,10
BCAM,40.8158,32.0656,10
A21K,71.3221,-156.6175,10
UGM,-7.9125,110.5231,10
G40A,45.2684,-90.2006,10
VILL,38.1642,23.3122,10
DKL,39.0713,26.9053,10
ACSO,40.2319,-82.9820,10
IR5,35.2128,50.5811,10
DQRL,33.7057,35.5702,10
SWN1,51.5131,-1.8004,10
USAK,38.7143,29.0181,10
FARO,62.2296,-133.3481,10
BMRM,60.9677,-144.6051,10
CFA,-31.6048,-68.2375,10
CEY,45.7388,14.4267,10
IFR,33.5169,-5.1269,10
G15K,64.9941,-164.0386,10
EDU,56.5475,-3.0142,10
TEOL,45.3600,11.6700,10
KZRT,41.3866,44.3987,10
NBO02,61.0492,10.8569,10
PMNB,-18.5373,-46.4380,10
JAN,39.6567,20.8508,10
CCA1,50.1866,-5.2277,10
O18K,59.8542,-155.2080,10
O16K,59.5938,-158.0932,10
TEY,45.0360,136.6030,10
TIH,46.9000,17.8930,10
SERG,38.4133,22.0566,10
EMAL,36.7620,-4.4292,10
CAEH,36.7800,6.8500,9
TGY,14.1022,120.9367,9
TGUH,14.0570,-87.2730,9
PUNG,44.2782,22.9325,9
DELI,39.9979,33.9204,9
J29N,64.4525,-138.2164,9
J55A,43.2657,-77.8167,9
NNA,-11.9873,-76.8422,9
M15K,60.6947,-160.6884,9
YLL,53.1402,-4.1704,9
LSK,40.1499,20.5987,9
O30N,60.7704,-136.0906,9
TCF,46.2881,2.2100,9
CDAG,39.6236,34.3719,9
BUKO,45.4423,-79.3989,9
NHFOF,25.5720,49.2740,9
NAYO,14.3152,101.3209,9
KALE,38.3911,22.1398,9
AK18,50.7221,29.0676,9
IHSH,37.3050,47.2630,9
DGPR,13.1776,92.9305,9
BARN,61.0599,-141.6601,9
JZAX,40.0928,67.7118,9
CTEI,36.0630,6.4063,9
GNBR,42.3889,46.9639,9
DYBB,37.9531,40.1394,9
AK01,50.6911,29.2131,9
MAYO,63.5958,-135.8921,9
MCARA,61.3836,-143.0240,9
SPNC,40.6860,30.3083,9
MNCI,8.2815,73.0598,9
ERBA,40.6814,36.7547,9
CHGN,56.3014,-158.4142,9
N49A,40.9220,-84.1825,9
CHVG,42.7183,42.0841,9
BHK,31.3947,76.3809,9
LINV,58.1470,-5.1970,9
LIJA,36.9061,-5.4038,9
LHSI,-3.8267,103.5233,9
P17K,59.1953,-156.4394,9
BRLK,59.7642,-150.8860,9
F52A,45.7951,-79.3227,9
CAMP,42.5358,13.4090,9
BUY,40.8523,29.1181,9
RPR,18.8579,79.2939,9
ROSC,4.8400,-74.3200,9
CTKS,41.2364,28.5066,9
PVL,43.1226,25.1731,9
H16K,64.6379,-162.2390,9
BINY,42.1993,-75.9861,9
MDND,47.8481,-99.6029,9
BEBN,50.7965,5.6772,9
F18K,66.6001,-159.6514,9
I29M,65.3609,-138.3063,9
LAMP,18.5226,99.6322,9
HTL,50.9944,-4.4850,9
KEF,62.1672,24.8703,9
SURR,45.7540,22.1246,9
TNCL,39.1146,39.5422,9
AUMIH,39.8679,31.4832,9
HSNJ,30.2560,35.6870,9
SISI,-1.3265,99.0895,9
L17K,62.1344,-158.2972,9
MUKL,14.4760,49.0360,9
LEHL,44.4739,26.8194,9
EAK,40.6862,43.6069,9
CMIG,17.0910,-94.8840,9
PDRR,46.7829,27.4421,9
COCO,-12.1901,96.8349,9
HAU,48.0056,6.3481,9
MSO,46.8292,-113.9406,9
KLNR,54.6044,20.2094,9
ETSF,42.8986,-0.5592,9
MEF,60.2172,24.3958,9
MDRS,13.0680,80.2463,9
ITBZ,38.2333,46.1470,9
TTSI,-3.0451,119.8190,9
GUMA,43.0627,13.3352,9
GRNR,50.7690,136.4220,9
CUSAR,39.4185,36.2444,9
ENEZ,40.7362,26.1530,9
ELZG,38.4978,38.9844,8
GRER,45.3801,26.9746,8
ISHR,35.8061,51.2889,8
NV01,38.4296,-118.3035,8
THAS,40.6064,24.7194,8
BAIF,50.0592,4.2078,8
SIV,-15.9913,-61.0722,8
KRTS,36.5731,35.3749,8
KRIK,40.3374,40.9271,8
MMNY,42.7319,-77.9066,8
MME1,57.3149,-2.9647,8
A22K,71.0033,-154.9742,8
A19K,70.2043,-161.0713,8
TRTT,7.8362,99.6912,8
DUG,40.1950,-112.8133,8
DSRI,-0.4793,104.5778,8
URV,14.9469,77.2597,8
GORT1,52.9903,11.3075,8
PLOUS,38.0315,-8.4212,8
PLN,50.4851,12.1573,8
TRD,8.5080,76.9585,8
NIS1,36.6023,27.1782,8
NIKH,52.9721,-168.8550,8
THR3,36.4091,25.4008,8
BLCB,38.3853,27.0420,8
CORL,37.8943,13.3038,8
MRON,33.0152,35.4030,8
AAM,42.3012,-83.6567,8
YAHY,38.0947,35.3630,8
WVT,36.1297,-87.8300,8
ALFC,35.1560,32.5990,8
PFO,33.6117,-116.4594,8
BMO,44.8525,-117.3060,8
EVGI,38.6210,20.6560,8
SBM,2.4529,112.2140,8
KTHA,36.2566,23.0621,8
KHRJ,23.8360,47.6810,8
MAZI,37.4593,40.4467,8
NJS,16.5541,79.3060,8
COAL,40.2548,34.9860,8
HAWK,34.5211,36.4055,8
KGS1,34.5059,45.5888,8
LDM,5.1777,118.4980,8
M30M,62.5763,-136.7935,8
GEZN,39.2833,67.7154,8
HOM,59.6583,-151.6430,8
KCTX,40.2655,28.3565,8
BOZ,45.5970,-111.6297,8
PAL,41.0055,-73.9079,8
F14K,65.4742,-166.3288,8
ILTH,54.0279,-6.3362,8
O19K,60.1952,-154.3201,8
O14K,59.2533,-161.2638,8
BTMN,37.8911,41.2701,8
KYTH,36.2652,23.0468,8
E17K,67.0820,-161.8262,8
LAO,46.6885,-106.2231,8
LDF,48.5936,-0.1222,8
SGRT,41.7546,15.7437,8
SGMF,48.2542,-2.5569,8
EKB,55.3339,-3.1923,8
G53A,45.1222,-78.6237,8
P53A,39.4868,-81.3896,8
HYBB,17.4187,78.5520,8
P33M,60.2114,-132.8174,8
F51A,45.9284,-79.9150,8
TEVE,36.4359,33.4430,8
O52A,40.1158,-81.8361,8
CBN,38.2046,-77.3732,8
IASR,47.1777,27.5748,8
R58B,37.9636,-77.8787,8
GCSA,64.7461,-156.8792,8
F49A,45.7627,-82.0423,8
SAATT,70.8113,-51.6311,8
S57A,37.7605,-78.9536,8
MCWV,39.6581,-79.8456,8
TASB,39.9838,44.2384,8
SHBL,33.3483,35.7438,8
BASK,38.0523,44.0040,8
NATX,31.7598,-94.6610,8
NEF,43.2643,27.2752,8
D28M,69.3286,-138.7367,8
BAYB,40.2586,40.2576,8
BGES,50.3845,5.0869,8
YITV,31.9466,35.4233,8
SIRC,39.3363,35.1481,8
M18K,61.4907,-155.8242,8
LYLS,22.0384,47.2447,8
E48A,46.4809,-82.1653,8
BALM,61.0362,-142.3450,7
PQI,46.6710,-68.0168,7
PPI,-0.4568,100.3970,7
GUDG,42.4646,44.4772,7
MLAZ,39.1410,42.5495,7
ISHV,37.5347,57.7027,7
ISA,35.6628,-118.4740,7
NVL,-70.7667,11.8333,7
BWN,64.1717,-149.4650,7
DIV,61.1295,-145.7717,7
CHLP,18.5058,84.0573,7
B18K,69.3641,-161.8016,7
EBNR,36.2905,1.5302,7
TJOU,58.0320,11.6250,7
KAMT,39.3690,33.7130,7
K22A,42.6507,-106.5240,7
CBKS,38.8140,-99.7374,7
BAYT,40.3935,40.1410,7
N32M,61.1512,-133.0818,7
N31M,61.4862,-135.7796,7
N30M,61.4593,-137.0885,7
KURC,41.8456,32.7430,7
KUKN,67.8227,-115.0897,7
SLVT,41.2300,28.2100,7
RCY,33.4965,35.8357,7
RCLA,15.4568,78.9551,7
AK22,50.7608,29.0712,7
NKME,42.7670,18.9530,7
THAL,38.0372,22.6631,7
KSCO,39.0112,-102.6273,7
TX31,29.3342,-103.6678,7
TZTN,36.5439,-83.5490,7
BHJ,23.2540,69.6540,7
PWL,60.8593,-148.3350,7
PVM,17.2493,81.6239,7
GULE,37.2837,34.7765,7
PMSA,-64.7742,-64.0490,7
PMPST,33.0788,-16.3334,7
TRSU,48.0950,22.9570,7
EPF,43.0308,0.3400,7
DVE,42.9569,46.1261,7
TRIZ,38.3655,22.0727,7
SLY1,35.5784,45.3667,7
T25A,37.1388,-104.4108,7
SZAC,34.7550,32.8820,7
CHGQ,49.9105,-74.3748,7
CKHR,36.0167,5.5122,7
MORS,49.1330,23.8940,7
KRBG,40.3932,27.2977,7
ERPA,42.1175,-79.9891,7
PKME,45.2644,-69.2917,7
Q24A,38.9641,-105.1492,7
D48A,47.1743,-81.8072,7
PLE,43.3300,19.3889,7
ADKI,15.8446,79.9686,7
WPM1,53.2581,-3.9048,7
ORL,52.5389,99.8100,7
I20K,64.7962,-154.4783,7
O49A,40.1880,-84.3353,7
RSSD,44.1212,-104.0359,7
KNHM,32.8837,35.5791,7
L15K,61.6780,-161.4869,7
E53A,46.3784,-77.6638,7
ANVS,42.7861,77.6672,7
VNA3,-71.2428,-9.6687,7
EFP,38.4269,21.9058,7
JCT,30.4794,-99.8022,7
THR5,36.4172,25.3479,7
TIGA,31.4389,-83.5898,7
E54A,46.4339,-77.1869,7
MAMC,35.1710,33.2180,7
MAKR,39.0132,22.1317,7
KDU,-12.6869,132.4727,7
BBO1,54.7367,-3.2464,7
BDFB,-15.6412,-48.0141,7
ELDT,40.4900,33.4269,7
P16K,59.0314,-157.9906,7
THN,32.4409,75.7576,7
FLWY,44.0827,-110.6993,7
BLA,37.2113,-80.4205,7
SSN,61.4636,-150.7467,7
HDMB,36.9640,32.4860,7
HDIL,40.5559,-89.2940,7
SRSP,18.9283,78.3433,7
SRO2,47.7627,18.3940,7
GLI,60.8792,-147.0959,7
ERZN,39.5866,39.7220,7
SKIA,39.1665,23.4661,7
N14K,59.9237,-161.6852,7
MYLDM,5.1800,118.5000,7
E20K,68.2575,-156.1885,7
ANKE,9.5927,39.7339,7
RNF,66.6090,26.0135,7
RMNI,30.5964,34.7620,7
RKT,-23.1197,-134.9733,7
PEMO,45.6773,-77.2466,7
DDEM,40.8923,41.7507,7
Q54A,38.9836,-80.8338,7
WVOR,42.4339,-118.6370,7
TPTI,3.2600,97.1800,7
DZET,38.8055,68.8270,7
ETRT,35.3900,1.3000,7
KSU1,39.1009,-96.6094,7
PATY,12.9232,100.8657,7
ALGO,45.9544,-78.0509,7
SUF,62.7192,26.1506,7
PB11,-19.7610,-69.6558,7
KDHN,38.5211,32.1164,7
AVNS,38.8065,34.8474,7
HSNB,47.2769,-66.0601,7
R33M,59.3946,-130.9673,7
F22K,67.5076,-152.1790,7
MDP,5.1014,-52.6416,7
MDNY,40.3690,28.8840,7
V53A,35.6694,-82.8124,7
ULC,41.9636,19.2445,7
BUM,42.3007,18.8936,7
AHRW,50.5410,7.0760,7
HRV,42.5064,-71.5583,7
PCON,2.3280,-76.3970,7
LFK,35.2792,33.5325,7
TOC4,13.1216,1.6994,7
KERG,37.4146,34.1250,7
MVCO,37.2103,-108.4986,7
WACR,52.7247,0.6267,7
CM05,18.4013,98.9451,7
BVCY,62.4141,-140.8606,7
STKI,0.0656,111.4772,7
HCB,37.3439,36.9081,7
WRAK,56.4191,-132.3466,7
KIJV,44.0049,16.4047,7
SHNK,42.3717,45.6539,7
E50A,46.4232,-80.7378,7
ZRSH,40.9904,43.6716,7
PSAD2,-21.6175,119.9630,7
PSAA1,-21.5767,119.8363,7
GOGA,33.4112,-83.4666,7
SRLM,16.1000,78.8917,7
SRFHA,29.0340,44.6050,7
SDSI,-0.9324,101.4282,7
YESY,37.7825,33.7431,7
CUZAR,39.8882,37.7705,7
CUKAN,39.3163,37.4667,7
M13K,60.4135,-163.3500,7
M11K,60.3849,-166.2011,7
E51A,46.5333,-79.4924,7
LOUT,37.9879,22.9743,6
LGTI,29.3990,80.0879,6
SIMRM,20.1332,92.8852,6
E38A,46.6058,-91.5541,6
E47A,46.4547,-83.2777,6
YOTC,3.9835,-76.3450,6
YRE,52.9810,-4.4254,6
BAGO,37.9905,30.7886,6
POGA,-27.3460,31.7070,6
SOTA,2.1350,-76.6080,6
PSTR,42.6510,130.8040,6
YNCB,38.0399,126.9258,6
GOR1,52.9903,11.3075,6
PSAD3,-21.6433,119.7798,6
LRAL,33.0348,-86.9978,6
EMMW,44.7075,-67.4573,6
BESE,58.5794,-134.8551,6
KSGAH,37.7076,126.4465,6
GGN,45.1184,-66.8421,6
Q51A,39.0260,-83.3456,6
EANR,35.9500,1.1000,6
M23K,61.7929,-147.7262,6
WR8,-19.9558,134.5005,6
WTLY,60.1133,-128.7961,6
HAVZ,41.0743,35.7180,6
COEN,-13.9574,143.1749,6
WERN,50.2874,12.3761,6
WHY,60.6597,-134.8806,6
CLUD,46.4569,12.8814,6
KIBS,40.4197,31.8524,6
BNGL,38.9521,41.1499,6
VLDQ,48.1124,-77.4536,6
CMLA,37.7637,-25.5243,6
CMRD,37.6623,34.9902,6
SURC,36.8793,38.6128,6
HORN,37.8466,-5.2582,6
VRDI,61.2278,-143.4535,6
SLK,60.5117,-150.2231,6
TEND,11.7925,41.0043,6
AK04,50.7226,29.1660,6
AK12,50.6437,29.1549,6
AK15,50.6951,29.1240,6
UNV,53.8452,-166.5045,6
KTHR,36.2447,22.9939,6
MEEK,-26.6376,118.6135,6
KSSEO,37.4879,126.9188,6
WAT1,62.8295,-148.5509,6
VNA2,-70.9252,-7.3927,6
DBBC,7.0175,-76.2097,6
QZH2,24.9469,118.5989,6
R11A,38.3489,-115.5854,6
TNR,45.6520,24.2730,6
CMAI,19.9325,99.0453,6
KSSES,36.7893,126.4531,6
KSSWO,37.2669,126.9669,6
SAW,61.8070,-148.3316,6
SCER,39.8613,37.1286,6
WUAZ,35.5169,-111.3739,6
SMRT,18.0505,-63.0746,6
PENT,40.1958,21.1384,6
HEKM,38.8790,37.9591,6
O22K,60.4814,-149.7241,6
ILIC,39.4520,38.5678,6
FRF,43.5607,6.6468,6
NEV,39.9540,27.2630,6
KBKI,-3.2995,116.1670,6
KCHK,39.6107,45.1995,6
N16K,60.4742,-158.7690,6
WMOK,34.7379,-98.7810,6
ABAH,48.2961,21.2397,6
MRIV,-20.2980,57.4970,6
BNSI,-4.4005,120.1065,6
SCTR,45.6741,27.9949,6
HEF,68.4071,23.6622,6
BLIS,38.4146,42.1152,6
I42A,43.8908,-88.9134,6
P52A,39.6337,-82.1325,6
HVS,51.1358,93.7022,6
G55A,45.2532,-76.7187,6
ELK,40.7448,-115.2390,6
KZIL,38.2575,30.1412,6
O15K,59.1767,-159.8246,6
JHJ2,33.1117,139.8167,6
EGMT,48.0240,-109.7547,6
E52A,46.2851,-78.6569,6
L55A,42.1831,-78.4368,6
KMSC,35.1420,-81.3333,6
KLRI,18.0693,76.5977,6
PLAI,-8.8275,117.7765,6
H55A,44.5505,-77.1829,6
RUDO,43.6180,19.3700,6
CCM,38.0557,-91.2446,6
CDF,48.4122,7.2761,6
O54A,40.1821,-80.3778,6
WBSI,-9.6411,119.3911,6
CHIC,4.6295,-73.7318,6
OLIL,38.7338,-88.0991,6
ADZR,63.9295,38.2853,6
SALP,32.0686,35.1914,6
SAML,-8.9488,-63.1832,6
D47A,47.0558,-83.1038,6
Q32M,58.9601,-132.2691,6
EDC,40.3468,27.8634,6
PGOR,44.9080,26.9846,6
ERMK,36.6416,32.9128,6
BIA,41.0194,21.3239,6
KOVH,46.0883,18.0999,6
KPJI,-7.3330,108.9310,6
MOOW,43.7486,-110.7450,6
FDRN,51.2693,51.7694,6
S32K,57.4688,-134.5763,6
S34M,57.9128,-131.1312,6
R55A,38.2825,-80.1195,6
OGNE,40.9451,-102.0330,6
T35M,56.9811,-130.2496,6
OXF,34.5118,-89.4092,6
ANMO,34.9459,-106.4572,6
DHL1,32.6810,47.2807,6
FIGM,32.1330,-1.2620,6
RSA,34.8840,-5.8210,6
SKAG,59.4601,-135.3290,6
DURS,39.6011,28.4742,6
SDCO,37.7456,-105.5012,6
GLMI,44.8245,-84.6174,6
GMM,54.2390,-5.9510,6
GO01,-19.6685,-69.1942,6
PYAG,39.0508,125.7580,6
KSJDO,34.4700,126.3166,6
MIAR,34.5454,-93.5765,6
MK04,46.7715,82.2951,6
KSCWO,38.0833,127.5167,6
U33K,56.1146,-133.1210,6
BERA,40.7027,19.9494,6
KSBAR,37.9770,124.7142,6
SIT,57.0569,-135.3244,6
FOMA,-24.9757,46.9789,6
ROSA,38.7195,-28.2415,6
TBHD,35.4133,59.2361,6
AK20,50.7430,29.0100,6
ICQ,49.5223,-67.2715,6
SFIN,40.3790,-87.0967,6
N23A,40.8947,-105.9440,6
N41A,40.7077,-90.8552,6
NAI,-1.2739,36.8037,6
SDV,8.8861,-70.6333,6
LHO,53.5451,-1.8548,6
PRMA,44.7637,10.3131,6
D52A,46.9764,-78.4117,6
SONA4,47.8400,106.4043,6
SONB3,47.8341,106.4147,6
ATAB,37.4696,38.2949,6
G22K,66.9214,-151.5073,6
NKY,42.8130,18.9932,6
DILA,6.4343,38.2867,6
ISCO,39.7997,-105.6134,6
MLA1,58.3055,-3.3627,6
POIN,72.7012,-77.9620,6
PPBI,-2.1616,106.1364,6
PPD,65.5174,-145.5246,6
LLD,55.3331,12.2150,6
LON,46.7500,-121.8100,6
ZRNK,52.9508,69.0042,6
LTVH,47.3849,21.9006,5
LPW,52.1136,-4.0681,5
BAIL,44.0201,23.3450,5
LTY,47.2578,-120.6703,5
833A,28.3236,-99.3939,5
E43A,46.3758,-86.9954,5
LMQ,47.5483,-70.3267,5
BAND,40.3553,28.0992,5
EMUR,37.8422,-1.2405,5
TUTA,39.4019,42.8137,5
BGNE,41.4083,-98.1502,5
BGD,41.2645,43.5986,5
KSCHC,37.7776,127.8145,5
BELA,-77.8750,-34.6269,5
KSIJA,37.9867,128.1111,5
MHLO,36.6898,24.4017,5
BHH,55.0931,-3.2181,5
SDA,42.0519,19.4986,5
SKHT,13.7408,79.7095,5
SJES,43.2613,19.9734,5
MON,43.7306,7.4250,5
KPRO,39.9549,21.3632,5
DRV,-66.6650,140.0090,5
KMBL,-31.3669,121.8821,5
ERZM,39.9053,41.3658,5
SAUI,-7.9826,131.2998,5
TPI,-2.7563,107.6534,5
BMN,40.4315,-117.2218,5
BLWY,-20.1400,28.6100,5
SBV,-13.4584,49.9212,5
KSMUS,37.8881,126.7594,5
KHWEE,-21.9464,25.4469,5
ACER,40.7867,15.9427,5
ABTX,32.6238,-99.6431,5
MSTX,33.9696,-102.7724,5
KHJ1,28.3490,58.1649,5
TOC5,13.1282,1.6751,5
TOC2,13.1568,1.7204,5
TOC1,13.1721,1.7017,5
MUKU,48.4536,22.6874,5
TOB4,13.1386,1.6838,5
BOURR,47.3950,7.2313,5
AUBOZ,39.9106,30.0325,5
SKY,38.8778,24.5500,5
BBOO,-32.8102,136.0588,5
SGF,67.4421,26.5261,5
SGD,39.6126,20.2343,5
ADCV,38.8080,42.7245,5
BRIU,48.3380,23.0203,5
BRDR,37.6963,30.0613,5
SAN1,60.0179,-1.2392,5
F64A,45.8633,-68.3496,5
DRBR,48.2073,26.6091,5
F48A,45.8278,-82.6185,5
S31K,57.9616,-136.2320,5
N59A,40.9168,-75.7703,5
N53A,40.8065,-80.8377,5
N25K,61.6061,-144.5982,5
KARO,39.3089,41.0493,5
SFTF,48.2050,5.0383,5
SEUS,17.4928,-62.9814,5
UGL,49.0780,142.0660,5
KUDL,28.1442,76.4892,5
KU6,66.0255,29.8907,5
NBMO,-3.3107,-40.0414,5
BSSI,-6.1428,120.4904,5
KAMA,37.1861,36.6677,5
KAGI,41.1384,34.4782,5
JMM,37.8660,140.7930,5
JSC,34.2817,-81.2603,5
RSO,60.4622,-152.7540,5
RPZ,-43.7146,171.0539,5
NGRR,46.8375,27.4422,5
KUZU,36.7735,37.0750,5
V35K,55.3279,-131.6150,5
UZHM,48.6290,22.2910,5
BBTS,14.6613,-16.5332,5
L22K,62.5258,-150.7703,5
JFWS,42.9143,-90.2481,5
VBMS,32.2185,-90.5177,5
BVA2,53.0189,70.3912,5
BUR07,47.6427,25.2324,5
SLMH,36.2139,37.9278,5
VRF,67.7480,29.6090,5
NISR,36.6117,27.1283,5
WIMM,51.5210,11.5050,5
AHID,42.7654,-111.1004,5
WHTX,31.9913,-97.4561,5
J57A,43.4099,-75.9968,5
ROOS,34.1694,37.2891,5
IVA,42.8718,19.8931,5
BW06,42.7667,-109.5583,5
L61B,42.4498,-72.6802,5
L42A,42.0040,-89.6670,5
EIBI,39.0269,1.3436,5
EGYH,47.4171,17.3318,5
WDD,35.8373,14.5242,5
WCI,38.2290,-86.2938,5
AK14,50.6306,29.1076,5
AK13,50.6123,29.0606,5
CAPN,60.7683,-151.1539,5
TEKS,44.5492,19.5287,5
DIDY,37.4765,23.2118,5
RLMT,45.1221,-109.2673,5
O20K,60.0815,-152.6240,5
O20A,40.1348,-108.2416,5
O17K,59.7733,-157.0946,5
TGA,50.6046,4.5223,5
O53A,40.2493,-81.2129,5
AK19,50.7222,29.0116,5
AK16,50.6700,29.1058,5
IGRN,38.2203,69.3266,5
VALR,61.3593,30.8835,5
G25K,66.7653,-146.1013,5
T47A,36.9881,-87.1055,5
REFA,39.9060,38.7651,5
OUF,64.3673,24.7314,5
G62A,45.2186,-70.5319,5
G47A,45.1730,-83.8551,5
VNA1,-70.6503,-8.2624,5
VLO,40.4686,19.4955,5
PAGF,48.5551,5.7251,5
PAF,-49.3506,70.2133,5
PACT,38.7680,-8.8333,5
P32M,59.5898,-133.7147,5
APSI,-0.9108,121.6487,5
LATQ,47.3836,-72.7819,5
LARF,43.0380,-0.9875,5
R32K,58.2747,-134.5181,5
SMRI,-7.0492,110.4407,5
W52A,35.0935,-83.9277,5
SUTC,37.4765,30.9996,5
SUSD,44.4429,-98.9556,5
W50A,35.2002,-85.3119,5
W18A,35.1181,-109.7357,5
ALFO,45.6283,-74.8842,5
CMBY,7.0109,93.9266,5
CMBC,0.9408,-77.8250,5
PBSI,-0.0547,98.2800,5
HJU,38.0429,125.7253,5
PD31,42.7667,-109.5579,5
CMDR,40.4942,32.4750,5
GENI,-2.5927,140.1678,5
SII,56.5593,-154.1842,5
EADA,38.1673,-4.5771,5
Q52A,38.9622,-82.2669,5
PELI,41.3005,33.3117,5
SNSI,2.4089,96.3267,5
CORI,41.9724,2.0488,5
CRZF,-46.4296,51.8612,5
CRAG,55.4689,-133.1230,5
GEYV,40.4842,30.2958,5
GIVF,50.1022,4.8233,5
SOK,14.4944,-16.4562,5
PLOR3,45.8540,26.6455,5
PHIT,17.1893,100.4165,5
ECK,55.1811,-3.1272,5
ECHA,36.1500,1.3667,5
UPP,59.8576,17.6229,5
BBAL,39.5427,33.1230,5
CTG,60.9649,-141.3401,5
GO06,-39.5839,-71.4720,5
PVY,42.5945,19.9587,5
GZT,37.3553,37.5641,5
GZH2,23.6520,113.6540,5
PMG,-9.4062,147.1590,5
SRIT,8.5955,99.6020,5
CUALT,39.2734,36.7526,5
SPBR,45.7492,26.7505,5
SPA2,78.1759,16.3766,5
GULA,38.3443,34.2360,5
PPCY,34.8847,32.3450,5
SPSI,-3.9646,119.7691,5
GOLH,37.2369,29.5611,5
GRB4,49.4678,11.5595,5
D54A,47.1520,-76.6570,5
D51A,47.0904,-79.3733,5
LSQQ,49.0580,-76.9796,5
ZALF,32.9221,37.3342,5
YUVA,40.3910,31.6872,5
S51A,37.6392,-83.5935,4
SAIM,37.9766,36.0823,4
SANL,37.1712,38.9892,4
FBE,50.9212,13.3541,4
LMR,43.3339,6.5092,4
LOGN,60.8240,-141.0048,4
LOHW,43.6124,-110.6040,4
656A,29.3689,-82.5348,4
YTVT,29.8921,35.0591,4
F10A,45.9734,-117.2277,4
RUND,60.4135,5.3672,4
FIB1,61.4441,26.0845,4
SCHL,45.5007,27.8302,4
SCHLR,45.4702,27.8314,4
FLOC,1.5827,-75.6527,4
FLOS,66.3365,13.3647,4
ROI,32.2482,35.4878,4
SCIA,41.9069,-93.2153,4
ESPY,40.9167,38.7273,4
ESCA,43.8310,7.3744,4
RMOT,32.8509,35.6657,4
YIGI,40.9631,31.4485,4
FRNY,44.8350,-73.5883,4
SDPT,55.3493,-160.4766,4
RAR,-21.2125,-159.7730,4
RAZA,33.5638,48.9056,4
G43A,45.2572,-87.6861,4
EMHD,36.2008,2.9530,4
SESP,38.1200,-2.5452,4
RAFF,37.2225,14.3624,4
GADA,40.1909,25.8986,4
GCUF,1.2260,-77.3450,4
GDH,69.2500,-53.5330,4
R9F13,52.2206,21.1413,4
M53A,41.4393,-80.6750,4
M54A,41.5079,-79.6647,4
M55A,41.4686,-78.7649,4
Y14A,33.9383,-113.0048,4
YAH,60.3608,-141.7480,4
LHJ2,37.1664,50.0616,4
SEVA,44.5300,33.6800,4
SFNV,36.4180,40.1116,4
EJON,42.4487,2.8886,4
ECAL,41.9413,-6.7371,4
ECSD,43.7337,-96.6141,4
GDZ,39.0888,29.4811,4
E62A,46.6201,-69.5227,4
EATA,39.8622,42.4916,4
GLA,33.0515,-114.8271,4
GLAT,36.2694,-89.2876,4
GLB,61.4417,-143.8123,4
GO04,-30.1727,-70.7993,4
Q16K,58.6774,-156.6556,4
Q19K,58.9287,-153.6446,4
M57A,41.3372,-77.1280,4
M65A,41.5620,-70.6466,4
MACK,40.9432,39.7686,4
LBOS,13.8710,45.2490,4
LCRM,33.6860,-4.8580,4
LDSI,2.8860,98.1570,4
LEPH,-23.8582,27.7973,4
LGD,41.8347,46.2423,4
Q23K,59.4296,-146.3499,4
SIMA,39.0833,28.9825,4
E44A,46.6199,-85.9214,4
GOLS,46.0108,15.6245,4
PVMO,36.4137,-89.6997,4
X48A,34.4517,-87.0452,4
X51A,34.5658,-84.8574,4
DOGA,38.1058,31.6682,4
GRB1,49.3912,11.6522,4
GRD1,11.1350,35.0560,4
PSAD1,-21.4547,119.8301,4
PTBC,6.5395,-74.4563,4
GRA2,49.6546,11.3590,4
SKJI,-7.0053,106.5563,4
DIYA,37.9234,40.1208,4
DJES,44.6660,22.5200,4
DMBR,46.7629,27.3455,4
PRYS,-26.9253,27.3598,4
PSAC1,-21.5333,119.8091,4
SLM,38.6361,-90.2361,4
DION,38.0779,23.9331,4
L56A,42.1365,-77.5591,4
LANF,48.9806,7.8053,4
MASI,-3.1415,102.2396,4
SMPI,-1.9855,138.7100,4
DBOC,41.3453,41.6666,4
DDFL,41.4458,46.1183,4
DED,36.9614,34.7993,4
GRUS,43.8886,20.7153,4
GUD,40.6430,-4.1540,4
SMY,52.7295,174.0994,4
SNCC,33.2479,-119.5244,4
SNOW,43.4625,-110.7550,4
SOE,-32.7117,25.5617,4
SOEG,68.2034,-31.3762,4
SOKR,59.5955,56.7906,4
H04A,44.6837,-122.1862,4
WHAR,35.2902,-92.2885,4
AJM,26.4243,74.6293,4
WLRA,9.1000,38.6990,4
D55A,47.0190,-75.4732,4
D05A,47.1881,-121.9888,4
PLNA,42.4762,23.4255,4
H17A,44.3951,-110.5762,4
PMPS,33.0570,-16.3330,4
H56A,44.5930,-76.2594,4
PLDF,45.9698,3.6212,4
SPA1,78.1797,16.3755,4
SPB1,78.1796,16.3906,4
SPB5,78.1823,16.3683,4
SPIA,57.1766,-170.2477,4
WB0,-19.7671,134.3930,4
KTN,21.2857,99.5898,4
AKCD,38.2956,37.9224,4
PLBC,59.4567,-136.3650,4
CVNA,-31.4822,19.7617,4
CTBH,7.2210,124.2460,4
CUGUR,38.7237,37.2719,4
PHWY,41.3016,-105.4578,4
HEX,51.0668,-3.8025,4
HHU,39.9273,127.5288,4
HIN,60.3960,-146.5035,4
HAWA,46.3925,-119.5326,4
CRUC,1.5677,-76.9510,4
HKA,22.6421,93.5995,4
HKT,29.9500,-95.8333,4
HLID,43.5625,-114.4138,4
PEA0,53.1082,157.6989,4
PBKI,-2.7047,111.6697,4
HNLY,32.7780,78.9720,4
HOLU,48.5270,22.3840,4
PCA,60.0967,-140.2570,4
AKHS,38.8788,27.8138,4
AKSY,38.6497,33.7607,4
STAC,49.0295,15.2996,4
STEP,39.3767,27.7183,4
STLK,61.4982,-151.8349,4
CNJI,-7.3090,107.1296,4
CNP,59.5251,-151.2373,4
CM36,18.5182,99.0954,4
CMB,38.0346,-120.3865,4
CMBO,36.4709,25.4056,4
SUSE,40.2086,38.2025,4
PAKC,41.3747,-77.9325,4
KSHUK,34.6838,125.4518,4
KSICN,37.2907,127.4167,4
KSJEU,35.4935,126.9298,4
KSKWJ,35.1599,126.9910,4
KSL,36.1500,29.5833,4
MELI,35.2938,-2.9350,4
CM02,18.4344,98.9466,4
CM04,18.3997,98.9789,4
CM33,18.8177,98.9466,4
CM35,18.6781,99.1539,4
P51A,39.4818,-83.0601,4
HWUT,41.6069,-111.5652,4
SWZ,-27.1823,25.3317,4
SZD1,29.4863,60.8655,4
OUK,31.2070,-7.8660,4
TATO,24.9754,121.4880,4
CEME,42.5467,18.9177,4
MJMS,26.0470,45.6577,4
VOR,51.7311,39.2000,4
ORDU,40.9910,37.8571,4
ORV,39.5545,-121.5004,4
OSI,34.6145,-118.7235,4
TCHB,32.6692,35.9688,4
TEIG,20.2263,-88.2764,4
ODNJ,41.0829,-74.6056,4
ODSR,46.2969,25.2919,4
OGAG,44.7878,6.5397,4
TGL,60.7541,-142.8292,4
TGTN,61.5267,-128.2727,4
CALN,43.7522,6.8894,4
BWLO,44.1174,-81.1382,4
C09A,47.8006,-118.2741,4
ARMA,-30.4183,151.6293,4
ARNB,35.8608,35.9722,4
AMTX,34.8837,-101.6808,4
O51A,40.1470,-82.6056,4
IGDI,39.8681,44.0780,4
NVLJ,44.5635,14.8711,4
IMP,24.8311,93.9466,4
O28M,60.7718,-140.1906,4
BUR01,47.6147,25.2167,4
NUUG,71.5386,-53.2001,4
IOMK,54.2605,-4.5662,4
TIO,30.9267,-7.2617,4
BSTI,50.5835,5.5667,4
J47A,43.2382,-84.8214,4
J52A,43.2407,-80.4764,4
BRAL,31.1687,-87.0506,4
BROLN,-21.0997,27.3342,4
MND,22.0157,96.1148,4
VIKU,58.5017,16.6992,4
VIS,17.7210,83.3287,4
MLS,42.9578,1.0947,4
NORC,5.5635,-74.8692,4
JMU,32.7811,74.8310,4
NHSC,33.1067,-80.1778,4
TOA3,13.1422,1.6933,4
TOAD,58.8499,-125.2333,4
TOB2,13.1532,1.7071,4
TOB3,13.1376,1.7042,4
TOB5,13.1536,1.6806,4
TOC3,13.1370,1.7205,4
NDNU,48.5947,27.3664,4
KOLL,48.5787,18.4024,4
KOM,1.7922,103.8467,4
VALD,43.6899,23.4356,4
ATKA,52.2027,-174.1955,4
MMSI,-2.6900,118.9100,4
MNCY,8.2667,73.0333,4
JSK1,25.6379,57.7701,4
TOC7,13.1638,1.6787,4
BMRO,44.5952,-81.2174,4
JVM,49.2169,-2.2068,4
TPRI,0.9184,104.5263,4
BLSH,42.8569,23.2792,4
BMNS,43.1080,75.6690,4
K43A,42.7044,-88.3320,4
K50A,42.7749,-82.6231,4
TRY,42.7311,-73.6669,4
MOQ,45.3120,-72.2541,4
BIDA,35.0138,36.3212,4
BIL,68.0467,166.4056,4
KAF,62.1128,26.3061,4
KAND,41.0943,30.1922,4
BGF,46.5578,2.8464,4
BGKT,41.1810,28.7730,4
BGOL,38.9882,40.6711,4
N55A,40.7808,-78.9862,4
KBSD,37.0013,40.5430,4
KBU,34.5151,69.1347,4
BERU,48.2336,22.6464,4
MVH1,57.9250,-4.1825,4
MVIF,43.8963,7.1525,4
KDI,-3.9574,122.6192,4
UALR,34.7751,-92.3429,4
BBKI,-3.4625,114.8411,4
KLBO,45.3566,-80.2132,4
V51A,35.8033,-84.3511,4
AYKD,37.4144,36.8067,4
MUSN,-22.2878,29.8600,4
UNM,19.3290,-99.1780,4
BARS,42.8165,21.8153,4
BAZ1,27.8484,60.1869,4
KLINJ,43.1694,18.5853,4
MSAB,44.0910,27.8256,4
UPR,38.2836,21.7864,4
BANO,45.0198,-77.9280,4
V48A,35.7400,-86.8219,4
250A,31.9778,-86.2677,4
352A,31.4793,-84.9274,4
ZAA0B,53.9481,84.8188,4
456A,30.7248,-82.0223,3
S54A,37.7997,-81.3114,3
435B,30.7827,-97.5850,3
ZEDA,38.9665,27.0771,3
ZOMB,-15.3833,35.3500,3
ZIMR,43.6572,25.3652,3
F55A,45.8338,-76.3510,3
F44A,45.9737,-86.4226,3
SAIH,22.4894,92.9874,3
SACV,14.9702,-23.6085,3
S58A,37.6126,-78.0511,3
LPK,40.3727,26.7602,3
FFD,43.4701,-71.6533,3
RPOR,43.6996,40.2662,3
S14K,56.2848,-159.5532,3
S12K,55.7030,-162.0610,3
RUP,49.7017,7.0593,3
KIRK,41.7817,27.0972,3
KIF,69.0432,20.8040,3
MRZ1,42.2246,79.8597,3
MRAK,45.0130,16.9000,3
F42A,45.7587,-88.1347,3
F41A,45.7387,-89.1046,3
F33B,45.8398,-96.2929,3
SAOF,43.9863,7.5553,3
S44A,37.6936,-89.2551,3
S22A,37.7461,-106.8293,3
FELD,47.8753,8.0030,3
MTDJ,18.2261,-77.5345,3
MTAI,2.1980,128.2758,3
KHZ,-42.4160,173.5390,3
URZ,-38.2593,177.1109,3
KK07,43.0891,70.5008,3
RTC,33.9880,-6.8570,3
RSL,45.6883,6.6256,3
RSC,58.3485,-5.1684,3
SBSI,1.3988,99.4310,3
RRH,57.9197,-6.6882,3
FKH,34.2448,36.4102,3
FIC1,61.4384,26.0596,3
AB03,49.2511,59.9431,3
LHMI,5.2288,96.9472,3
EVOP,38.5280,-8.1236,3
V55A,35.8518,-81.2149,3
KMMI,-7.0500,113.9667,3
BASO,44.0133,-81.6648,3
ULDT,40.1422,29.1361,3
BC3,33.6551,-115.4537,3
YFRK,30.1942,35.1298,3
YAYL,36.0343,36.1070,3
ENIJ,36.9717,-2.2069,3
SDMD,39.4102,-76.8403,3
SDDR,18.9821,-71.2878,3
SDD,18.4579,-69.9134,3
RKY,40.6875,27.1777,3
UDBI,44.5279,15.7644,3
U73B,-33.9164,-71.4198,3
KDM,6.9160,116.8330,3
KHLT,14.7970,98.5893,3
KHL,38.3232,29.5232,3
B06A,48.5183,-121.4845,3
AYVA,39.3083,26.6903,3
RIY,45.3250,14.4830,3
G08A,45.2904,-118.9595,3
FXWY,43.6381,-111.0268,3
FVM,37.9840,-90.4260,3
ELO,56.4706,-3.7119,3
SELS,43.2195,21.1190,3
SEHB,38.2686,128.2525,3
SEAG,41.7643,44.8034,3
REDW,43.3624,-110.8520,3
KAVV,41.0638,29.0600,3
N20K,61.2001,-152.2089,3
KMER,37.7685,32.3680,3
MPSM,0.5891,100.1383,3
BBCM,-5.0392,120.0580,3
BCK,37.4608,30.5890,3
G42A,45.2418,-88.4277,3
SDNR,31.5000,76.9700,3
Y22D,34.0739,-106.9210,3
R50A,38.2816,-84.3274,3
G65A,45.2002,-67.5632,3
RAKU,48.0259,24.1663,3
RAG,60.3863,-144.6773,3
EKAR,39.2559,42.0640,3
SFS,36.4656,-6.2055,3
Y58A,33.9057,-79.6665,3
Y52A,33.8640,-84.0626,3
Y49A,33.8577,-86.4119,3
ECHE,39.5908,-0.9678,3
EFI,-51.6753,-58.0637,3
N54A,40.9617,-79.9892,3
N51A,40.9183,-82.3748,3
N47A,40.8801,-85.6942,3
BG3,34.9930,-82.9317,3
MVL,39.9992,-76.3506,3
U65B,-34.9642,-71.7886,3
BELC,34.0006,-115.9982,3
U55A,36.5023,-81.0472,3
R16K,57.5673,-157.5742,3
QRWL,33.5477,35.6822,3
GIUM,45.4850,28.2081,3
GIBL,36.8301,-5.9674,3
E58A,46.3721,-73.2771,3
E56A,46.5436,-75.0341,3
TTIG,30.5470,-8.4410,3
BHOU,50.3537,6.0051,3
BHGR,28.6876,76.9390,3
TSLK,38.8249,20.6554,3
NBMA,-7.3654,-38.7641,3
TWGB,22.8177,121.0799,3
K55A,42.7278,-78.0696,3
N58A,40.8396,-76.7158,3
GESM,4.8421,96.1278,3
GEMT,40.4350,29.1890,3
GEC2B,48.8451,13.7016,3
LEGS,45.9488,15.3177,3
M44A,41.3882,-88.0432,3
LDAQ,47.9636,-71.2443,3
Q20K,58.6097,-152.3942,3
Q17K,58.2637,-155.8865,3
MOF,47.8517,7.1332,3
KNMB,24.4638,118.3884,3
MOPA,-23.5173,31.3977,3
TUL3,35.9105,-95.7918,3
KALB,43.4059,28.4162,3
KAGH,36.9330,59.9500,3
TUL1,35.9104,-95.7919,3
GO02,-25.1626,-69.5904,3
GMJI,-8.2732,113.4441,3
GLHS,37.1560,29.4983,3
PWJI,-8.0220,111.8039,3
PVCP,13.5960,124.1540,3
GPSM,4.8693,96.0904,3
GOLR,44.8399,24.9629,3
GOET,57.0350,9.2250,3
TRIP,37.5278,22.2708,3
TRBA,13.2310,44.1150,3
NBPS,-4.3940,-41.4457,3
NBPB,-5.5432,-39.5837,3
NBLA,-10.9925,-37.7890,3
KRAR,56.0120,92.8729,3
KRAI,-3.3184,128.3947,3
KRAB,8.2215,99.1965,3
KORU,48.1573,23.1339,3
SIUC,37.7149,-89.2176,3
M52A,41.5405,-81.3570,3
M50A,41.4035,-83.0428,3
DWPF,28.1103,-81.4327,3
SJG,18.1117,-66.1500,3
XAUDM,-18.5395,21.3382,3
X40A,34.4873,-92.8342,3
TPSI,4.9232,96.0170,3
TPNV,36.9488,-116.2495,3
NBCL,-4.2243,-38.2910,3
TRUS,44.2235,20.4063,3
TRQ,46.2176,-74.5513,3
WVL,44.5648,-69.6575,3
WRKA,-25.0375,128.2961,3
MATQ,49.7589,-77.6376,3
PSJM,-6.9686,106.5491,3
PTN,44.5700,-74.9819,3
GRC2,48.8680,11.3750,3
GRB5,49.1111,11.6789,3
GRB3,49.3439,11.8065,3
GRB2,49.2712,11.6691,3
DSL,39.1338,21.0963,3
DRWC,36.6211,36.6667,3
PSAB2,-21.5552,119.8612,3
PSAB1,-21.5689,119.8219,3
PSAA3,-21.5781,119.8548,3
PSAA2,-21.5627,119.8468,3
DLMT,45.3625,-112.5964,3
TPAW,43.4901,-110.9510,3
TOUF,44.0137,7.2483,3
TOS,41.0360,34.0230,3
BNDI,-4.5224,129.9045,3
NBPA,-5.7503,-37.1121,3
BKZ,-39.1657,176.4926,3
BLSP,22.0979,82.1772,3
SKMB,54.7176,9.4385,3
SKLT,7.1700,100.6200,3
GRA3,49.7623,11.3193,3
PTGA,-0.7308,-59.9666,3
PSUB,39.9274,-75.4514,3
ACOM,46.5480,13.5130,3
GRNC,60.7315,-141.7558,3
AUTN,43.9955,7.4275,3
ATAH,-7.1351,-78.3944,3
NBTA,-9.1218,-38.0632,3
NBPV,-6.4177,-35.2906,3
NCB,43.9708,-74.2236,3
K05A,42.7258,-120.8934,3
JTU,34.5275,129.3963,3
JTS,10.2908,-84.9525,3
DHBB,14.5710,44.3900,3
PSAC2,-21.5626,119.9008,3
SMRF,43.9760,5.5750,3
GRTK,21.5115,-71.1327,3
LBL,45.2323,3.2470,3
TOA2,13.1477,1.7004,3
JIS,58.2762,-134.3831,3
JER,31.7724,35.1981,3
JMSI,-2.6372,101.8875,3
TOD,49.6059,8.8038,3
JQE,49.2000,-2.0383,3
JOSI,30.5558,79.5582,3
NEGRR,45.5373,27.8771,3
MMPY,62.6189,-131.2625,3
LASF,44.0761,3.8570,3
WR0,-19.9597,134.5405,3
AFDM,38.9480,-120.9720,3
ACRG,5.6415,-0.2072,3
MCAR,61.3836,-143.0240,3
L40A,42.0628,-91.2218,3
SOFL,62.0689,-6.9658,3
DARN,35.1769,57.4198,3
DAC,36.2770,-117.5937,3
MNTR,46.7585,27.5295,3
KOHI,25.7203,94.1081,3
NEA,64.5772,-149.0770,3
BOPT,51.1118,5.6350,3
GTBY,19.9268,-75.1108,3
PNTR,39.0891,-119.5997,3
PNL,59.6687,-139.3970,3
PMST,38.7368,-9.1833,3
GUZR,43.9963,40.1184,3
GULN,36.1837,33.5436,3
L44A,42.1782,-87.9119,3
WMELI,35.3173,-2.9518,3
AHAR,38.4895,47.0513,3
KVN,39.0510,-118.1000,3
MCCM,38.1448,-122.8802,3
H43A,44.4697,-87.7704,3
H41A,44.6164,-89.6534,3
H25L,66.2670,-145.8187,3
PLSI,0.2373,100.5540,3
BRNJ,40.6828,-74.5660,3
J56A,43.2760,-76.8579,3
J54A,43.2728,-78.6392,3
J48A,43.2986,-83.7849,3
NLWA,47.3917,-123.8691,3
PLID,45.0877,-116.0003,3
D56A,47.0485,-74.7568,3
D53A,47.0795,-77.7001,3
D46A,46.8910,-84.0357,3
GVDS,34.8387,24.0588,3
SPCR,61.2003,-152.2091,3
SPB3,78.1737,16.3584,3
BTNL,50.5862,6.1297,3
IRM,34.1574,-115.1451,3
IR3,35.4761,51.0238,3
NIG,38.1100,34.6100,3
SPA3,78.1773,16.3588,3
D41A,47.0605,-88.5657,3
PLAL,34.9824,-88.0755,3
PKST,47.2590,18.0343,3
WES,42.3847,-71.3221,3
WDC,40.5799,-122.5411,3
AK23,50.7625,29.1254,3
AK17,50.6851,29.0574,3
HHAR,36.2817,-93.9399,3
PINE,43.7921,-120.9407,3
PIN,60.0959,-140.2525,3
HALT,35.9106,-89.3395,3
HALK,6.0877,80.6806,3
THR7,36.4224,25.4284,3
O29M,60.3024,-138.5755,3
INDER,48.5016,51.6950,3
BSKQ,50.6487,4.0796,3
BRSE,59.7417,-150.7414,3
TKL,35.6580,-83.7740,3
HAJJ,15.6990,43.5990,3
H62A,44.5743,-71.1559,3
CTAK,40.6478,34.7914,3
CZD,33.0320,-5.0410,3
CWC,36.4399,-118.0802,3
HLG,54.1847,7.8839,3
HIZ,-38.5129,174.8557,3
PDKS,46.0612,14.9978,3
CRQ,60.7523,-143.0926,3
CRNS,46.0807,14.2613,3
ANWB,17.6685,-61.7856,3
VMUR,38.9894,43.5716,3
KSCHJ,36.8729,127.9748,3
BTAS,40.5706,30.9999,3
THT2,36.4351,25.4218,3
CRLT,41.1290,27.7360,3
SRSI,-2.5316,120.8778,3
SRBI,-8.0848,115.2127,3
MFID,43.4151,-115.8278,3
MEZF,48.5019,5.0519,3
MEZ,48.5140,23.5140,3
HNH,43.7053,-72.2856,3
PBMO,36.7786,-90.4297,3
PEL,-33.1436,-70.6853,3
HMDM,6.7731,73.1822,3
CPCT,35.4498,-84.5218,3
COWI,46.1003,-89.1369,3
SSSI,2.6749,97.9708,3
PCI,-0.9054,119.8366,3
CAVK,40.6917,26.1677,3
CASY,-66.2792,110.5364,3
IMW,43.8970,-110.9390,3
NYDR,38.7135,20.6983,3
O56A,40.2683,-78.5663,3
ANB2,33.0375,40.3200,3
ANAF,36.3567,25.7726,3
AKO,37.4615,35.4460,3
AKMC,35.0270,32.3300,3
CNNC,35.2393,-77.8901,3
ALMG,31.7896,35.4611,3
KSBON,36.5000,127.8000,3
C40A,47.9154,-89.1514,3
OGILY,65.3609,-138.3063,3
OG01,46.3300,6.6830,3
HORU,49.2138,26.4263,3
KSI,-3.6517,102.5929,3
PAHR,39.7065,-119.3842,3
PB01,-21.0432,-69.4874,3
CMAS,40.7257,0.3139,3
SUJ,40.1029,124.4937,3
SUCK,60.0720,-143.7790,3
CM34,18.8511,99.1498,3
CM32,18.6533,98.8469,3
CM15,18.4524,98.9245,3
CM12,18.4061,98.9254,3
CM09,18.4439,98.9908,3
I63A,44.0505,-70.5809,3
I55A,44.2161,-77.6817,3
I51A,43.8036,-81.0231,3
W13A,35.0990,-113.8854,3
VSVD,55.9810,23.9298,3
AMBH,46.3501,20.7258,3
KSTBA,37.1226,128.9523,3
KSSKC,38.2899,128.5219,3
MESR,47.1499,22.9494,3
MESA,60.1785,-141.9505,3
T50A,37.0204,-84.8384,3
T45A,37.0196,-88.6447,3
SWI,-0.8630,131.2598,3
SWET,35.2163,-85.9320,3
P54A,39.6020,-80.4796,3
HZVA,30.7677,35.2801,3
HYF,47.2685,2.6394,3
T57A,36.9983,-79.2538,3
CHOM,41.0970,40.7611,3
CHAN,35.5192,24.0425,3
P08K,56.6011,-169.5484,3
OZLJ,45.6153,15.4673,3
I39A,43.8543,-91.5231,3
I07A,44.0820,-119.5042,3
CBTN,-23.8405,32.1843,3
TATR,45.5977,28.0499,3
CHNA,54.8310,-159.5895,3
CHN,54.8310,-159.5895,3
P45A,39.5277,-87.7439,3
P42A,39.5853,-90.3443,3
P29M,59.6304,-137.7381,3
CEU,35.8987,-5.3731,3
CHIR,55.8218,-155.6225,3
152A,32.6686,-84.7188,3
MPRN,30.3627,35.1543,3
AAL,60.1780,19.9936,3
LKWY,44.5652,-110.4000,3
LOMF,47.3508,6.8275,3
FALKS,51.6819,11.2655,3
LOSSI,68.1910,17.7915,3
LRM,45.8222,-112.4510,3
YKR8,62.4932,-114.6050,3
YUK6,60.9432,-138.3626,3
YUK8,61.2844,-139.7646,3
ZAG,45.8270,15.9870,3
ZAGS,43.8126,22.2328,3
ZGR,30.1190,-5.6200,2
ZAIG,22.7690,-102.5670,2
121A,32.5324,-107.7851,2
Z50A,33.2540,-85.9226,2
LUCF,43.8925,7.3462,2
LUBP,13.7340,120.2460,2
YNR,44.7155,-110.6792,2
555A,30.1212,-82.9666,2
658A,29.4220,-81.2578,2
BAYC,39.7413,26.5469,2
F43A,45.8313,-87.1694,2
F39A,45.9153,-90.9190,2
BBS,47.4644,7.5092,2
BBRC,34.2623,-116.9207,2
KHLU,19.5920,-155.8931,2
MT08,-33.4052,-70.1334,2
MPMC,36.0580,-117.4890,2
MPHEP,-22.9070,30.1778,2
BANR,45.3825,21.1355,2
BAI,41.1070,16.8790,2
UREC,7.7517,-75.5327,2
MSU,38.5123,-112.1772,2
MSNA,-22.3452,30.0232,2
RTZL,38.0760,20.7715,2
RTK,29.0333,76.4143,2
OUZ,-35.2197,173.5961,2
T58A,36.9454,-78.5338,2
T55A,37.1170,-80.7843,2
CIDE,41.8821,32.9471,2
P17A,39.4730,-110.7400,2
OZAP,38.6614,43.9928,2
KSDEI,37.2558,126.1049,2
KSDDC,37.9000,127.0577,2
KSD,-30.5410,29.4167,2
TBO,48.6472,-89.4085,2
CCAR,33.9172,-91.7716,2
TATN,32.5787,10.5295,2
TAR1,40.5259,17.2843,2
P30M,60.1218,-136.9598,2
P19K,59.6524,-153.2319,2
I47A,44.0193,-84.5096,2
VT1,44.3317,-72.7536,2
KSR,-25.8517,26.8972,2
KSPA,41.5570,-75.7681,2
KSJEO,35.9379,127.2928,2
P18K,59.3922,-155.2292,2
T49A,37.1050,-85.5334,2
T48A,37.1094,-86.3943,2
SZP,17.5510,120.4560,2
SWSC,32.9451,-115.7999,2
I04A,43.7941,-122.4113,2
HVD,-30.6050,25.4967,2
HUMO,42.6071,-122.9567,2
P49A,39.5342,-84.7164,2
OXZ,-43.3259,172.0383,2
OVD,57.3170,10.2060,2
OUZM,30.9090,-6.7600,2
PASC,34.1714,-118.1852,2
SURA,9.1663,99.6295,2
CMJI,-7.7837,108.4485,2
P48A,39.4605,-85.4258,2
CIS,33.4019,-118.4150,2
CM13,18.4211,98.9069,2
KSTL,35.2092,25.3375,2
I62A,43.8743,-71.3359,2
I52A,44.0680,-80.1770,2
I49A,43.9400,-82.8246,2
I48A,44.1873,-83.7022,2
TDRA,33.0400,-2.0290,2
TDNI,0.5744,97.8196,2
I45A,44.0361,-86.2348,2
ORIO,45.4515,-75.5110,2
OK048,36.4162,-96.9437,2
CALF,43.7528,6.9218,2
OGDI,44.1093,6.2253,2
IBZR,45.6681,26.0567,2
PB14,-24.6260,-70.4038,2
HRAO,-25.8902,27.6859,2
HPIG,26.9360,-105.6647,2
HOPE,-54.2836,-36.4879,2
PB08,-20.1411,-69.1534,2
CPD,18.0368,-65.9151,2
MHIT,19.3148,97.9632,2
PALB,40.4589,-77.1678,2
PAGZ,7.8480,123.3820,2
PAGS,40.2278,-76.7221,2
PACC,41.3227,-79.0769,2
PABI,0.1236,99.8719,2
P57A,39.4835,-78.0126,2
STVI,18.3514,-64.9539,2
STNU,48.7106,24.5014,2
STNC,53.0913,-2.2062,2
CO01,-29.9773,-70.0939,2
CNPM,59.5258,-151.2360,2
CNIL,36.3700,-6.0545,2
STIA,35.2020,26.0909,2
STFN,38.1766,23.5440,2
ALLY,41.6492,-80.1448,2
VRHR,51.0955,41.6246,2
KSH0,32.9816,35.8110,2
KSGUS,36.0371,126.7819,2
KSEUS,36.3519,128.6870,2
KSDGY,37.6904,128.6742,2
KSB,57.2098,-5.4230,2
BYBT,41.4685,34.7667,2
SSRD,55.4800,9.6300,2
WAL1,60.2564,-1.6173,2
TETR,39.3445,21.2747,2
CAUP,16.9440,121.8230,2
CASI,4.6288,95.5767,2
CARD,44.0261,10.4821,2
CAN,-35.3208,148.9990,2
NYAT,-25.3675,27.5669,2
O48B,40.2571,-85.1553,2
MIDY,37.4063,41.3983,2
MIDW,28.2156,-177.3698,2
W57A,35.1529,-79.9928,2
W53A,35.1696,-83.1630,2
ALCI,34.2139,77.1844,2
ALBI,25.3091,81.8084,2
AKUT,54.1352,-165.7719,2
CRAR,44.3250,23.7999,2
HEC,34.8294,-116.3350,2
HDC,10.0017,-84.1127,2
HBAR,35.5550,-90.6572,2
AKL,20.7018,77.0146,2
W41B,35.1736,-92.2479,2
W39A,35.1960,-93.7840,2
PCAN,38.4637,-28.4853,2
HOED,-24.4127,30.9324,2
HODGE,34.2315,-82.2586,2
HNR,-9.4352,159.9472,2
PERV,37.9461,42.5417,2
PEHC,41.7787,22.9001,2
COR,44.5856,-123.3038,2
SSW,51.9667,-1.8499,2
SSSM,-1.5641,101.2375,2
CVSR,45.7944,26.1238,2
HKR,37.5780,43.7408,2
PDMCI,34.3034,-114.1415,2
CRPR,18.0064,-67.1096,2
CRLZ,-43.5747,172.6232,2
AMPL,38.9224,21.2135,2
APYP,17.8620,121.2430,2
VLKR,43.0465,44.6773,2
KSCEA,36.8231,127.2575,2
J08A,43.3580,-118.4743,2
IZVR,45.5432,27.7672,2
BTMT,38.1923,41.4888,2
BTIN,41.6362,32.2504,2
BSZH,47.2996,20.2670,2
THZ,-41.7625,172.9052,2
THTN,35.5616,8.6881,2
WANN,52.4107,13.1251,2
HELC,6.1908,-75.5288,2
PINB,38.6769,36.4027,2
PHDHD,-20.1957,24.5372,2
PGRA,39.0293,-27.9813,2
THR8,36.4070,25.4788,2
THR2,36.4468,25.4353,2
IM04,65.9745,-153.7828,2
ILS,59.9570,-153.0703,2
J43A,43.3808,-88.4185,2
NPOC,19.3930,-155.1096,2
TLIG,17.5627,-98.5665,2
BSI,5.4964,95.2961,2
BRYW,41.9178,-71.5388,2
BRRC,7.1072,-73.7120,2
CTKT,40.6231,34.7897,2
BOYT,41.4206,34.9036,2
BOST,51.2382,2.9387,2
SPAK,48.1023,8.7858,2
SOOWA,-20.5628,26.2178,2
PLEV,38.4124,21.4073,2
H53A,44.5736,-78.5832,2
H52A,44.6422,-79.8888,2
CVDA,44.3336,28.0374,2
PKSG,47.3918,18.3907,2
WERD,50.4476,12.3064,2
WDLM,-26.4238,27.4222,2
AKDA,40.1035,41.3636,2
WBO,45.0007,-75.2751,2
MEDO,43.1646,-78.4546,2
KTD,49.3191,8.0826,2
KSYOW,37.1737,128.4558,2
PKRO,43.9643,-79.0714,2
PKM,34.8885,-119.8136,2
SPU,61.1817,-152.0540,2
SPCP,61.2655,-152.1550,2
SPB4,78.1789,16.3482,2
SPB,-23.5920,-47.4320,2
TKB,42.3509,42.9943,2
BTNR,31.6490,34.8719,2
IVAS,43.5764,20.1524,2
NV11,38.4320,-118.1554,2
KRSI,-1.8200,119.4200,2
KRMB,41.5230,-123.9080,2
KRI,-16.8307,29.6151,2
JASI,-1.4145,101.4584,2
TNG,-6.1717,106.6462,2
BPSM,-1.1924,100.5900,2
H08S3,-7.6275,72.4838,2
H08S2,-7.6453,72.4933,2
TMTMM,-3.2979,129.5300,2
J61A,43.3462,-72.5535,2
J59A,43.4647,-74.5041,2
NPH,19.4120,-155.2810,2
NLU,39.9548,-112.0750,2
JCUZ,19.3841,-155.1016,2
JCC,40.8175,-124.0296,2
JBK,34.3350,-2.5670,2
JASL,26.9245,70.9031,2
KS10,37.4961,127.9302,2
MLSB,37.2953,27.7765,2
D57A,47.0172,-73.8878,2
D50A,47.1668,-79.8412,2
WALA,49.0586,-113.9120,2
TOB1,13.1613,1.6934,2
SNKL,-28.2753,27.7714,2
GUIM,10.6260,122.5890,2
GSC,35.3018,-116.8057,2
GUNZ,50.3635,12.3316,2
GULI,25.2911,110.3661,2
H08S1,-7.6453,72.4744,2
H08N3,-6.3454,70.9919,2
WLVO,43.9236,-78.3970,2
WLAR,33.6875,-93.1120,2
AGRA,27.2305,77.9438,2
AFYO,38.7871,30.2988,2
KUBS,44.4123,21.6749,2
H40A,44.6220,-90.3905,2
PMBI,-2.9270,104.7720,2
PMAN,38.6327,-28.0890,2
ACON,11.9680,-85.1740,2
WGLY,63.2281,-123.4584,2
H08N2,-6.3251,71.0001,2
H08N1,-6.3421,71.0143,2
SNZO,-41.3103,174.7050,2
ARVC,35.1269,-118.8301,2
ATAF,35.8737,4.2772,2
ASCN,-7.9327,-14.3601,2
MNTQ,45.5003,-73.6228,2
MNMC,-19.1311,-69.5955,2
MNGI,12.8923,74.8677,2
NEE2,34.7676,-114.6188,2
TOBO,45.2257,-81.5234,2
BOM,18.8976,72.8127,2
BOLS,43.8289,21.9532,2
BOLP,16.3810,119.9130,2
PSAB3,-21.5933,119.8549,2
DDMP,6.1045,125.7113,2
DBC,43.0200,46.8300,2
SMPP,16.1503,120.6800,2
SMLC,8.8010,-74.0713,2
MARP,2.8430,-75.9550,2
MALC,4.0130,-77.3352,2
NIAQ,70.7887,-53.6641,2
JHMI,1.0821,127.4783,2
JNW,71.0290,-8.4280,2
TOO,-37.5714,145.4910,2
JMIU,28.5690,77.2920,2
JSG,34.6760,138.1845,2
MMC7,33.0221,35.3926,2
ADK,51.8830,-176.6841,2
ACTO,43.6087,-80.0624,2
GRHM,-33.2767,26.3767,2
GRGR,12.1324,-61.6540,2
PPT,-17.5682,-149.5761,2
SMKI,-0.4461,117.2085,2
VES,35.8409,-119.0847,2
VCNR,39.2956,-119.6503,2
AUKIR,39.2772,30.5308,2
VALF,42.4018,2.0173,2
KOME,42.8505,19.5152,2
NBRF,-8.6795,-35.1272,2
NC605,60.7770,11.4103,2
JWT,35.2825,135.4015,2
DEMI,39.0428,28.7162,2
SLR,-25.7350,28.2817,2
DNZL,37.6897,29.0464,2
PSAC3,-21.6218,119.8278,2
DLH,32.5417,75.9667,2
SKMP,6.5194,124.5429,2
NC600,60.7473,11.4584,2
BO02,-34.7925,-70.7815,2
BMSI,-2.0664,102.3154,2
K49A,42.7835,-83.4556,2
K48A,42.8032,-84.1197,2
K47A,42.6704,-84.9993,2
K40A,42.6999,-91.1383,2
BLDU,-30.6147,116.7091,2
BLSM,-3.1402,102.8072,2
GRAC,36.9961,-117.3662,2
PSMA,36.9950,-25.1288,2
L54A,42.2345,-79.3162,2
L48A,41.9438,-84.4329,2
GRM,-33.3133,26.5083,2
TRSI,2.0256,98.9594,2
BILI,68.0580,166.4490,2
WSTMM,-3.4530,129.9950,2
ACCN,43.3843,-73.6678,2
ABKT,37.9304,58.1189,2
ABH,49.8797,7.5467,2
PSDA,38.1140,20.5841,2
PTSM,2.0119,99.1660,2
PTLC,0.1710,-74.7970,2
PTJ,45.9070,15.9680,2
GRC3,48.8897,11.5848,2
DRAG,38.6839,20.5746,2
DRWO,43.8719,-78.7300,2
DYR,36.7622,22.3337,2
PROD,38.2589,22.9006,2
DMLN,38.2385,20.3734,2
E39A,46.3777,-90.5557,2
SINO,42.0184,35.2019,2
DYDN,39.5436,43.6889,2
DWDS,24.5403,44.8352,2
DUS,42.0902,44.7019,2
X58A,34.5548,-79.3388,2
WWPI,-2.3130,136.3773,2
TPFO,33.6060,-116.4544,2
NC401,61.0804,11.7994,2
NC400,61.0791,11.7189,2
NC304,61.2784,11.3320,2
NC200,61.2807,10.8354,2
KOMG,-29.7970,17.4837,2
NBB40,66.5130,13.0097,2
NBB05,67.0368,14.0306,2
NBAN,-9.6686,-36.2746,2
GHAR,32.1220,13.0863,2
GGERF,55.8410,-4.2220,2
GF16,25.6672,95.4117,2
MATF,45.8308,-0.2883,2
MASS,40.6333,17.1445,2
MASM,5.2985,95.5967,2
SJAF,42.4840,2.8792,2
TROLL,-72.0082,2.5300,2
TRIYO,-2.0601,99.5830,2
TRIS,-37.0682,-12.3152,2
NBLI,-7.3645,-36.9497,2
KPD,48.5630,26.4600,2
KOTAN,60.1301,-124.0527,2
MOKO,26.3210,94.5156,2
SJAC,3.2730,-73.9510,2
E09A,46.5139,-118.1455,2
Q56A,39.0401,-79.1871,2
Q55A,38.9952,-80.0812,2
M48A,41.4846,-84.7171,2
M46A,41.4079,-86.3524,2
LBMI,-0.6379,127.5008,2
PYM,45.7505,3.0078,2
MOD,41.9025,-120.3029,2
KMSI,0.5745,123.9807,2
MORE,24.2360,94.3010,2
MONP2,32.8920,-116.4223,2
TUQ,35.4358,-115.9239,2
KAIM,59.9268,-144.4188,2
KAD,17.3077,74.1835,2
K62A,42.6651,-72.2345,2
K57A,42.7313,-76.5163,2
GMRC,34.7846,-115.6599,2
SFX,31.0375,-114.8503,2
GILDE,66.9293,14.1897,2
Q44A,38.9032,-89.0170,2
EBAD,38.7556,-7.0133,2
E60A,46.3689,-71.4469,2
SHPR,36.5055,-115.1602,2
TT01,62.9066,-156.0204,2
TSPI,-1.4733,132.0898,2
U15A,36.4280,-112.2915,2
TZRR,30.7850,-5.5690,2
TYRN,39.7110,22.2325,2
TWSI,-8.7381,116.8821,2
TWGBT,22.8176,121.0799,2
N57A,40.7556,-77.5509,2
SHOC,35.8995,-116.2753,2
EDFI,-8.7497,121.6903,2
EGRIP,75.6268,-35.9915,2
EGOR,37.1101,-4.1096,2
EDW2,34.8811,-117.9939,2
SGSI,3.6860,125.5286,2
BGLC,60.1205,-143.2841,2
BFZ,-40.6817,176.2463,2
BFSC,34.2388,-117.6585,2
MWC,34.2237,-118.0582,2
BEY,42.8718,19.8931,2
U54A,36.5209,-81.8204,2
N2TV,67.5675,15.1252,2
N2SV,67.8913,13.0098,2
SG1,40.8400,16.6790,2
R47A,38.2957,-86.5270,2
R11B,38.3489,-115.5854,2
QUA2,42.2789,-72.3525,2
SERI,37.1609,24.4853,2
EMIN,37.7675,-6.6724,2
ELIM,-34.5967,19.7450,2
ELGU,36.8678,-3.6266,2
ELFO,43.1930,-81.3163,2
EIDS,-25.3691,151.0817,2
SEYT,39.5200,30.8500,2
SEYD,37.4057,31.8380,2
LGNH,18.5110,-72.6058,2
LLSM,-5.6004,104.8094,2
AB02,49.2591,59.9466,2
AB01,49.2556,59.9431,2
Y60A,34.0046,-78.2163,2
ECEU,35.8978,-5.3768,2
ECAT,39.6062,40.9742,2
ECAB,38.0753,-5.4186,2
BCX,42.3350,-71.1705,2
BCIP,9.1665,-79.8373,2
REAL,36.4840,-5.2078,2
G39A,45.2867,-91.1698,2
RDCM,-1.2955,119.5525,2
RASA,44.2144,27.1493,2
EQTA,37.2072,-3.4426,2
Y12C,33.7503,-114.5238,2
GCIS,45.8672,15.6275,2
GAYA,24.8030,85.2320,2
GAS1,38.3861,48.8405,2
R49A,38.2916,-85.1714,2
G54A,45.3979,-78.0898,2
G45A,45.0404,-85.6571,2
RAGM,60.3870,-144.6750,2
RABL,-4.1912,152.1637,2
B08A,48.3584,-119.3332,2
RICC,50.5439,14.0978,2
G06A,45.2357,-120.6351,2
FUSE,46.4142,13.0011,2
EMIJ,36.5645,-4.7727,2
ELSH,51.1482,1.1345,2
SEK,-28.3233,27.6250,2
RED,60.4196,-152.7742,2
N2IH,67.9662,15.9367,2
KBUK,41.2366,32.6270,2
U49A,36.5129,-85.7796,2
U35K,55.9154,-130.0257,2
U32A,36.3795,-99.0014,2
MTP,18.0972,-65.5525,2
BBGH,13.1434,-59.5588,2
BEIL,34.5417,36.1847,2
AB08,49.2387,59.9280,2
AB07,49.2410,59.9593,2
AB06,49.2611,59.9693,2
AB05,49.2736,59.9431,2
EPT,31.7717,-106.5060,2
EPLO,49.6737,-93.7258,2
EPID,37.6144,23.1189,2
SDHHI,19.3895,-155.2940,2
UDYN,13.9670,43.9670,2
KESN,40.8259,26.6800,2
KEIM,-28.7040,20.9680,2
MXZ,-37.5623,178.3066,2
KHKI,-8.3643,115.6080,2
KHET,28.0741,75.8064,2
KHAM,49.9990,36.2481,2
V58A,35.7940,-79.1150,2
ETOB,38.6447,-1.5478,2
ESPR,36.8686,-5.8562,2
ROEST,67.5202,12.1045,2
FMP,33.7126,-118.2938,2
ROBS,46.2445,13.5094,2
RO37A,47.4602,24.4502,2
REVF,43.7400,7.3675,2
RO02A,46.9461,25.3083,2
RMSM,-2.6233,102.7617,2
FURC,36.4670,-116.8632,2
FUL,32.6476,-16.8922,2
FSK,38.4593,20.5623,2
LUPA,40.5987,-75.3718,2
YERR,38.9852,-119.2406,2
YBH,41.7320,-122.7104,2
AB09,49.2614,59.9181,2
LHSM,-4.1780,103.5742,2
FRNF,45.3867,2.5627,2
ESPN,12.1950,-84.3002,2
ERPM,-26.3433,28.2418,2
AYAN,28.4823,77.1265,2
V54A,35.7771,-81.9478,2
V52A,35.8417,-83.5959,2
KLBR,-31.5915,117.7546,2
KKR,29.9615,76.8207,2
BASI,-10.2189,120.5777,2
BART,37.7772,-25.1689,2
BAR,32.6801,-116.6722,2
UPI,-28.3620,21.2527,2
UMMG,70.6771,-52.1210,2
BBSI,-5.4875,122.5704,2
EUZM,39.7072,39.6976,2
F07A,45.8951,-119.9278,2
EZM,39.9053,41.3623,2
SBJI,-6.1200,106.1300,2
SBC,34.4417,-119.7133,2
SASM,4.8795,95.4825,2
SASI,0.1241,99.8754,2
SAP3,36.4356,25.3454,2
SAP2K,36.4108,25.4457,2
RRSI,0.8410,100.3461,2
RRR,57.8577,-5.8067,2
FLDN,60.2390,-123.4754,2
FIRE,61.1426,-150.2164,2
FID,60.7388,-146.5389,2
FGSL,45.1571,19.8104,2
AB04,49.2578,59.9371,2
LIBD,48.1505,7.6030,2
LSPA,51.9558,178.5714,2
451A,30.6160,-85.7467,2
060A,27.0361,-80.3618,2
255A,31.9263,-82.4758,2
ZAHL,33.8580,35.8853,2
ZRT,33.1015,35.2902,2
ZARC,7.4923,-74.8580,2
ZIRO,27.5266,93.8499,2
109C,32.8889,-117.1051,2
SABA,17.6205,-63.2429,2
ROSB,-2.8967,-44.1246,2
ROROS,62.5615,11.5552,2
RYN,38.6282,-118.5230,2
RUBR,39.0517,-120.1549,2
KK01,43.1054,70.5061,2
MQZ,-43.7061,172.6538,2
CGRP,45.8803,11.8024,2
CGL1,40.6548,17.4762,2
CFAA,-31.6048,-68.2375,2
CER,-33.3617,19.2933,2
CHIPN,-20.2334,32.6466,2
CHBT,12.7526,102.3300,2
253A,32.0612,-84.1294,2
214A,31.9559,-112.8115,2
154A,32.6131,-83.1066,2
147A,32.6738,-88.2708,2
MPR,18.2117,-67.1398,2
AAI,-3.6870,128.1945,2
FALS,54.8564,-163.4175,2
SAMS,41.3610,36.1872,2
FAIRA,56.1087,-118.8648,2
F59A,45.8513,-72.7833,2
ZHG,33.4460,-6.6420,1
143B,32.7032,-91.4036,1
146A,32.6368,-89.0573,1
146B,32.6368,-89.0573,1
LR04,-39.8802,-73.4258,1
LR05,-40.2300,-72.0044,1
LRDF,42.9378,2.5387,1
257A,31.9746,-81.0261,1
319A,31.3757,-109.2809,1
330A,31.4063,-101.1752,1
346B,31.3876,-89.4649,1
429A,30.6248,-101.8938,1
431A,30.6824,-100.6079,1
433A,30.7544,-99.0910,1
441B,30.7498,-93.1898,1
Z35B,33.3309,-97.2530,1
Z35A,33.3308,-97.2530,1
LUMB,26.1382,14.7520,1
LUJL,29.1192,21.3027,1
LTZ,-42.7816,172.2710,1
LR03,-39.6322,-72.3457,1
LPCM,-3.5012,119.5378,1
LTHK,37.7095,20.8367,1
LTBQ,32.0557,23.9210,1
LSHF,29.9868,14.2477,1
LRMC,35.4795,-117.6821,1
LRL,35.4795,-117.6821,1
YUBA,39.3376,-120.5372,1
A034A,46.9113,13.0779,1
A031A,48.4272,13.4975,1
A029A,47.4301,13.7610,1
F26A,45.8512,-102.6697,1
SAP1,36.3579,25.3957,1
S47A,37.5946,-86.8779,1
S45A,37.6774,-88.5804,1
S43A,37.5716,-90.0754,1
S39B,37.6909,-93.3226,1
S39A,37.6910,-93.3226,1
FDFM,14.7349,-61.1597,1
FDF,14.7333,-61.1503,1
FCAR,35.8898,-92.1242,1
FASA,40.8162,17.3541,1
FARB,37.6978,-123.0011,1
SAO,36.7640,-121.4472,1
SANVU,-15.4471,167.2032,1
SANA,15.3870,44.2050,1
SAM,14.8411,-61.1638,1
SBD1,52.9055,-3.2585,1
SBD,50.5653,-4.6856,1
SART,40.6889,27.1800,1
SARAR,30.3780,41.9350,1
RREF,4.9010,-75.3470,1
FILF,42.5603,2.5603,1
RWWY,41.6889,-107.2102,1
RUZG,40.7242,31.7936,1
RUSF,43.9412,5.4837,1
RUBB,54.3262,-130.2523,1
RSSM,2.5979,98.7830,1
F04A,45.9325,-122.4193,1
F40A,45.9190,-90.1217,1
F37A,45.7243,-92.6264,1
F36A,45.8618,-93.5241,1
F33A,45.8398,-96.2929,1
ES01,39.6703,-3.9475,1
ETOS,39.7678,2.8144,1
ETH05,26.8664,40.1870,1
ETH04,26.6724,40.4281,1
RODM,-19.6962,63.4413,1
ROCAM,-19.7555,63.3698,1
FOZ,-43.5321,169.8155,1
FORD,36.6879,-121.7805,1
FNO,35.2571,-97.4006,1
FLET,44.7225,-72.9522,1
ROC1,-32.9759,-71.0156,1
RO34A,46.4139,22.9964,1
RO13A,43.8299,24.7919,1
SCI2,32.9799,-118.5470,1
SC01,19.4272,-70.7277,1
SBLHI,19.4270,-155.2680,1
RIM,19.3953,-155.2740,1
G03D,45.2115,-123.2641,1
FW07,32.7025,-97.7861,1
FW06,32.9726,-97.5569,1
RGRI,-0.3491,102.3338,1
RO10A,45.1565,21.7779,1
RO07A,46.3320,27.1086,1
RNPP2,51.3266,25.8896,1
RNPP1,51.3498,25.7657,1
FSUO,30.4455,-84.2988,1
FRMA,35.0188,25.8555,1
FPAL,34.5403,-85.6113,1
RMGR,44.6627,22.6922,1
SCZ2,33.9954,-119.6351,1
SCOT,41.3920,-122.8538,1
ES10,39.6580,-3.9026,1
EMAZ,42.9490,-8.9765,1
ELS,33.6478,-117.4270,1
SDS1,36.1492,45.4858,1
RESF,42.8077,0.3385,1
RDMU,40.5708,-109.5695,1
G38A,45.1693,-91.8549,1
G28A,45.0749,-100.9161,1
G26A,45.2937,-102.5990,1
RCP,11.5600,122.7450,1
EOSO,28.0718,-15.5525,1
ENPP,11.2060,119.4250,1
SDKM,5.6410,117.1950,1
SDAG,38.4396,30.9175,1
SCZP,15.7744,119.9115,1
RLSI,2.0687,99.8455,1
RKGY,-34.6094,116.9773,1
R54A,38.1809,-80.9904,1
R53A,38.3307,-81.9513,1
R52A,38.3366,-82.6443,1
R51A,38.3001,-83.5834,1
GDU01,-13.7200,-39.5753,1
GDM,45.2038,6.1163,1
GBAS,45.9348,14.4423,1
RAO,-29.2517,-177.9180,1
G63A,45.1147,-69.6186,1
G61A,45.2827,-71.5273,1
G60A,45.0977,-72.3337,1
G59A,45.0807,-73.1809,1
G58A,45.1492,-74.0540,1
G46A,45.3176,-84.8621,1
EMLI,35.3000,-2.9500,1
EMB,38.9747,-120.1027,1
R48A,38.4001,-85.8714,1
R46A,38.2124,-87.5114,1
R45A,38.2926,-88.2812,1
R42A,38.2804,-90.7944,1
R41A,38.2976,-91.3795,1
R40B,38.2909,-92.2684,1
R40A,38.2909,-92.2684,1
R32B,38.4225,-98.7111,1
R32A,38.4225,-98.7111,1
R31K,58.4133,-135.7398,1
R18K,57.5665,-154.4524,1
ELAN,0.0000,0.0000,1
EKR9,55.3137,-3.0732,1
EKB6,55.3466,-3.1506,1
EIL2,29.6724,34.9519,1
R61A,38.3303,-75.3390,1
E57A,46.4117,-74.1471,1
SHO,35.8995,-116.2753,1
QIS,-20.5577,139.6052,1
GEML,40.4646,29.2116,1
GEDZ,39.0444,29.4104,1
GDXM,38.8078,-122.7947,1
Q53A,38.8586,-81.5251,1
Q50A,38.8436,-83.9790,1
Q49A,39.0050,-84.8956,1
Q48A,38.9295,-85.7311,1
Q47A,38.9362,-86.4261,1
Q45A,38.8948,-88.1565,1
EBER,36.8979,-2.8896,1
EGSI,-5.3526,102.2767,1
EGRO,37.5342,-7.4831,1
SHAB,43.5389,28.6057,1
PYZ,-46.1663,166.6807,1
GO07,-43.1142,-73.6644,1
GO05,-35.0099,-71.9303,1
GO03,-27.5937,-70.2347,1
GNW,47.5644,-122.8253,1
GNAR,35.9652,-90.0178,1
GHMI,-0.3563,127.8797,1
GF11,24.1895,96.3369,1
GF09,25.1368,96.2192,1
Q43A,38.9410,-89.6991,1
Q41A,38.9539,-91.2317,1
EAU,55.8454,-3.4474,1
EAGL,40.6249,-120.7289,1
E64A,46.4184,-67.8285,1
E63A,46.4220,-68.4220,1
E61A,46.4312,-70.4890,1
PV19,38.3098,-108.9831,1
PV18,38.2462,-108.9090,1
PV17,38.2799,-108.9595,1
GOLM,31.7040,-4.9520,1
GOLD,52.9220,9.4255,1
GO09,-51.2707,-72.3381,1
GO08,-48.4648,-72.5566,1
PV16,38.3112,-108.9159,1
E28B,46.5748,-100.6934,1
E26A,46.4712,-102.4621,1
E08A,46.4911,-119.0595,1
E55A,46.4538,-76.0572,1
E45A,46.3563,-85.1774,1
E42A,46.4301,-87.9140,1
E41A,46.4643,-88.9636,1
SILI,36.3670,33.9239,1
PTGB,-24.7161,-52.0648,1
PSUT,38.5337,-113.8547,1
PSMN,37.0031,-25.0654,1
PSLI,-5.9373,105.5100,1
PSET,37.8233,-25.7208,1
PV03,38.2543,-108.8480,1
PUH,19.3740,-155.2160,1
PTH,29.5857,80.2040,1
GRC4,49.0857,11.5250,1
GRC1,48.9951,11.5200,1
DRS,-12.4313,130.8993,1
E07A,46.5585,-119.8548,1
E03A,46.5459,-123.5632,1
SKDS,45.5464,14.0143,1
SJMP,12.4610,121.1190,1
GMARE,-19.3893,22.1625,1
SLSM,-0.8313,100.6534,1
SLMT,47.2418,-113.4935,1
DNP,-8.6772,115.2102,1
PS4A,55.3460,-161.8565,1
PRVS,42.5077,22.0758,1
PRTV,-33.0669,19.0921,1
PRNS,35.3649,24.5015,1
PRMD,39.5299,21.0965,1
PRAS,41.3525,24.5502,1
DKH,35.4880,-5.3608,1
DIY,37.8958,40.2263,1
SLBS,23.6858,-109.9443,1
SKSM,-1.9460,101.3497,1
SKOMA,-24.5153,23.9328,1
DRCO,43.8766,-78.7023,1
GQP,13.9050,122.4460,1
GRSN,40.9244,38.2681,1
GRN,45.2425,5.7452,1
GRJI,-6.9145,112.4793,1
PR06,18.0557,-66.7247,1
PR05,18.0467,-66.8606,1
PR04,17.9783,-66.6706,1
PR03,18.0665,-66.9378,1
PR02,18.0128,-66.7700,1
PR01,18.0347,-67.0678,1
PPSM,-5.3182,104.0156,1
DGB,38.0521,26.8826,1
DESF,38.4127,22.5321,1
DENT,37.7540,29.0330,1
DIB,53.2025,-132.4767,1
DHS,16.2887,-61.7652,1
SMCO,39.1776,-106.9739,1
SMSM,-0.0059,100.1710,1
PPSI,-2.7630,100.0096,1
GUJM,-7.1715,111.2034,1
GTSI,-0.5981,101.4888,1
GTOI,0.6358,123.0105,1
GTK,27.3191,88.6019,1
PONG,31.9533,75.9500,1
POHA,19.7575,-155.5325,1
PNSH,42.6351,44.6163,1
SMSI,0.9885,122.3654,1
DECC,34.2535,-118.3338,1
DCZ,-45.4647,167.1535,1
DBKI,-1.6792,114.9079,1
DBJI,-6.5538,106.7497,1
SMPL,42.0945,9.2847,1
SMMC,35.3142,-119.9958,1
D03D,47.5347,-123.0894,1
CZSB,-7.7299,-72.7049,1
D61A,47.2022,-70.1868,1
D60A,46.9139,-70.9237,1
D58A,47.0954,-72.8826,1
D49A,47.2726,-81.3562,1
GUNE,38.9025,35.6250,1
GUMT,40.4600,39.4800,1
H04D,44.5234,-122.7377,1
GYB5,37.9206,58.1085,1
GYB4,37.9332,58.0980,1
GYB1,37.9205,58.1259,1
DANT,40.2946,-121.8021,1
DALR,45.3629,26.5966,1
SNJI,-7.7800,111.7590,1
SMTB,-8.8617,-47.5887,1
H58A,44.4176,-74.1798,1
H57A,44.4624,-75.3905,1
H48A,44.7006,-83.3249,1
H47A,44.5994,-84.2062,1
H46A,44.5397,-85.2034,1
H45A,44.6232,-86.0440,1
H42A,44.5091,-88.5311,1
GYA1,37.9232,58.1173,1
PMPB,36.2159,-120.8013,1
PLTM,49.6050,34.5450,1
PLP,11.1650,124.9790,1
PLOR5,45.8455,26.6635,1
PLIO,41.7505,-82.6284,1
D30A,47.1082,-98.7576,1
D26A,47.0301,-102.4357,1
D08A,47.0573,-118.9210,1
CVS,38.3453,-122.4584,1
CUPR,18.3074,-65.2825,1
SQUM,23.5847,58.1765,1
H39A,44.6797,-91.2833,1
PLAR,44.9142,26.0274,1
PKSN,46.8972,19.8673,1
PKSKA,50.4337,-114.1229,1
PKSI,-4.0428,103.2639,1
PKS9,46.5870,18.2789,1
PKS7,47.0473,19.1609,1
PKS6,46.5998,19.5645,1
PKS2,46.4920,19.2131,1
PKDT,7.8920,98.3350,1
SPR3,38.9989,-114.3314,1
SPMM,4.7083,116.4650,1
H59A,44.6455,-73.6905,1
H60A,44.5606,-72.6986,1
HAYD,40.5281,-107.2655,1
HIL04,27.7604,42.7616,1
HICK,36.5409,-89.2288,1
HELL,36.6801,-119.0228,1
PES2,53.1096,157.7226,1
PKD,35.9452,-120.5416,1
PKCU,37.4439,-112.3110,1
PIX,31.5600,-113.4600,1
PINNC,-22.6129,167.4465,1
PETY,40.1766,-122.7884,1
HASN,39.3361,49.2180,1
CTU,40.6925,-111.7503,1
CTAO,-20.0883,146.2540,1
CY603,34.3349,34.5027,1
CWJM,-6.7424,107.4449,1
PCJI,-8.1947,111.1771,1
HMU,37.9380,-110.7418,1
HMT,60.3365,-144.2610,1
HMNX,50.8674,0.3363,1
PB19,-23.9048,-69.2906,1
HMH,19.6027,-155.4830,1
HLP,19.2960,-155.3080,1
HLK,20.7583,-156.2479,1
SRU,39.1108,-110.5238,1
CRQM,60.7567,-143.1390,1
CRQE,60.7523,-143.0926,1
CPSR,45.1534,23.1881,1
SRMI,-2.9415,129.1818,1
SRIG,27.3198,-112.2410,1
SRHM,32.4710,-7.8980,1
H61A,44.5339,-71.9271,1
PB16,-18.3351,-69.5077,1
HPAH,20.0303,-155.6973,1
HOPS,38.9935,-123.0723,1
HOOD,45.3216,-121.6522,1
PB10,-23.5134,-70.5541,1
PB06,-22.7058,-69.5719,1
PB05,-22.8528,-70.2023,1
PB04,-22.3337,-70.1492,1
PB03,-22.0485,-69.7531,1
STCH,19.3853,-155.1250,1
STAX,36.3993,25.4045,1
STAV,58.9348,5.7022,1
CPE,32.8889,-117.1051,1
COYC,-45.5730,-72.0814,1
COMU,40.0990,26.4736,1
COLF,45.5178,3.6945,1
HTM01,26.7114,42.4896,1
HSIG,29.0196,-110.9490,1
HRY,46.7113,-111.8310,1
PARMO,36.6635,-89.7522,1
PAPL,41.2990,-75.0214,1
CLWO,44.4491,-80.3013,1
SVB,13.2720,-61.2520,1
SURF,44.4808,6.8128,1
STS,42.8860,-8.5509,1
CO06,-30.6738,-71.6350,1
CO04,-32.0433,-70.9747,1
CO03,-30.8389,-70.6891,1
CO02,-31.2037,-71.0003,1
STFAR,44.8629,24.9609,1
STCO,43.2096,-79.1705,1
PB18,-17.5895,-69.4800,1
PAOC,41.5160,-79.6811,1
PALE,35.2170,-3.9390,1
PAKS,40.3761,-79.3795,1
PAGB,35.7307,-120.2499,1
PACW,39.9950,-77.9248,1
PACH,41.7567,-79.1714,1
P61A,39.6734,-74.7919,1
PAYG,-0.6740,-90.2858,1
PAULI,34.8210,-81.8144,1
PATS,6.8367,158.3125,1
PASH,40.0260,-78.6357,1
HULI,36.0213,-121.2355,1
HUH,19.6847,-155.8357,1
HTM04,27.0190,42.2819,1
HTM03,27.0386,42.4549,1
HTM02,26.8822,42.5930,1
T42B,37.0301,-91.0927,1
T35B,36.9162,-96.5119,1
SZCU,37.5954,-113.0875,1
SWPM,-0.8035,133.5940,1
P55A,39.5078,-79.8265,1
I05D,44.3386,-121.3395,1
HVU,41.7797,-112.7750,1
HUMP,18.1421,-65.8498,1
P50A,39.6086,-83.7988,1
P47A,39.4869,-86.2692,1
SWD,60.1043,-149.4526,1
SVV,13.3180,-61.2160,1
CLTN,36.0912,-86.3315,1
CLNS,56.8369,124.8931,1
CLDB,-10.8732,-55.7965,1
PAPH,18.5225,-72.2993,1
T54A,37.0608,-81.5762,1
T53A,36.9823,-82.5350,1
T52A,37.1076,-82.9852,1
T51A,36.9655,-83.9454,1
P46A,39.6178,-87.2067,1
P44A,39.4676,-88.6209,1
P43A,39.6409,-89.5213,1
P41A,39.6750,-91.0619,1
P40B,39.5298,-92.0483,1
P40A,39.5299,-92.0483,1
P38B,39.6248,-93.5321,1
P38A,39.6248,-93.5321,1
P23K,59.9979,-147.4031,1
P18A,39.6279,-110.2457,1
T46A,37.0417,-87.8941,1
T45B,37.0159,-88.6459,1
CHKZ,53.6761,70.6153,1
CHIL,40.4465,-104.6382,1
CHAS,35.1835,-2.4309,1
TAMR,37.0469,9.1091,1
TAF,34.8142,-2.4142,1
OZB,48.9603,-125.4930,1
I41A,44.0592,-89.8697,1
I40B,43.8916,-90.6177,1
I40A,43.8916,-90.6177,1
I37B,44.0149,-93.4003,1
OXFO,79.7707,21.7235,1
TABU,-5.2690,141.2228,1
TA01,-20.5656,-70.1807,1
T59A,36.9716,-77.5541,1
T56A,37.0288,-80.0311,1
CICN,44.1970,27.0261,1
CCIG,16.2820,-92.1370,1
CBYP,18.2716,-65.8566,1
CBE,16.0670,-61.6111,1
TAWA,27.5938,91.8668,1
TAU,-42.9099,147.3200,1
TASI,-0.3241,100.0791,1
TARA,1.3549,172.9229,1
OSSF,43.2560,-1.2618,1
OSPF,41.6632,9.1915,1
IACM,35.3058,25.0709,1
I59A,43.7957,-73.8744,1
I57A,43.9377,-75.6599,1
I53A,43.8238,-79.5912,1
I46A,43.9411,-85.4472,1
CGP,8.4548,124.6942,1
CFNY,44.1651,-75.0513,1
CBCY,19.7380,-79.7583,1
CAMR,23.0600,-81.3702,1
TEHA,35.7464,51.3868,1
TCUT,41.1178,-111.4085,1
TCRU,38.6095,-112.4472,1
I43A,43.8844,-88.1460,1
ORDF,43.2135,-0.9357,1
OOD,-27.7944,135.6880,1
ONTNC,-22.3073,166.4540,1
ONSM,2.1599,98.6301,1
OK052,35.9936,-96.8028,1
OK033,36.0444,-96.9382,1
OK031,35.9531,-96.8391,1
OK029,35.7966,-97.4549,1
OJGS,35.5045,0.7497,1
CCUT,37.5506,-113.3627,1
BWNR,20.2521,85.8206,1
CAME,36.9435,29.3023,1
C36A,47.7580,-92.8378,1
C35A,47.7007,-93.9763,1
C31A,47.7927,-97.7336,1
TGT,34.0700,-5.0550,1
TEZP,26.6168,92.7989,1
OJBR,35.5835,0.3450,1
IATSM,4.9241,97.7845,1
ID12,44.2076,-114.9719,1
ID11,44.1128,-115.4372,1
ICMP,17.8863,-66.5267,1
ODZ,-45.0440,170.6446,1
ODJA,35.3300,-0.1500,1
OBL,19.4175,-155.2840,1
O60A,40.3177,-75.4050,1
INKA,-27.7410,140.7456,1
IMOD,34.9731,24.7995,1
NWCL,-27.7360,29.8920,1
O59A,40.3114,-76.1859,1
IHMI,1.5082,127.5556,1
IGD,40.2641,29.2015,1
IGBI,-8.8181,115.1456,1
IL04,64.7570,-146.8761,1
IL03,64.7714,-146.8512,1
IKP,32.6501,-116.1095,1
O55A,40.2076,-79.3041,1
O50A,40.1468,-83.6199,1
O48A,40.2571,-85.1553,1
O47A,40.2361,-86.1742,1
O45A,40.2489,-87.7244,1
BYL,19.4120,-155.2600,1
IPPL,35.3487,24.4632,1
IOSP,36.7233,25.2890,1
ISLE,60.6024,-142.3406,1
ISF,78.0617,13.6198,1
IWPI,-2.7581,134.5162,1
ITZ,-15.7465,26.0157,1
NTU,1.3537,103.6851,1
NSR4,31.5399,46.2016,1
BTNK,41.6832,44.7988,1
BTDF,1.3617,103.7750,1
BTCH,36.0375,36.4592,1
BUSI,5.2445,96.2430,1
THEF,48.2268,5.9863,1
O44A,40.1526,-88.4671,1
O41A,40.1156,-90.8820,1
ILSW,59.9832,-153.1425,1
BRIGG,40.5813,-104.3191,1
BRCO,44.2437,-81.4423,1
TMBK,35.0722,24.7660,1
TMAB,-2.3704,-48.0957,1
TLOR,37.6559,-1.6889,1
IZM,38.3978,27.2625,1
IZI,40.3368,29.4728,1
J58A,43.3603,-75.2852,1
J49A,43.3600,-83.1389,1
J41A,43.3655,-90.0137,1
J40A,43.3965,-90.7406,1
J39A,43.3354,-91.7062,1
TKX,32.5687,-116.6075,1
TKSM,3.1374,98.3244,1
BSUT,40.5365,-110.7612,1
TIN,37.0542,-118.2301,1
JEW,42.8402,141.4498,1
JEM,42.0158,143.1573,1
NHAM,-24.9157,27.3170,1
NGJI,-7.3676,111.4612,1
NEVS,43.2990,18.1030,1
JNE,70.9900,-8.2970,1
JMP,44.0070,143.3597,1
NPNY,41.7546,-74.1435,1
NOCI,40.7888,17.0644,1
NLAI,-3.2390,127.0998,1
JANB,-15.0580,-44.3112,1
NKKI,-1.5605,110.5671,1
NIUE,-19.0763,-169.9272,1
BOSS,42.4961,22.4800,1
BRQR,50.6062,4.2246,1
BRLDA,54.0920,-117.4038,1
TORO,43.6136,-79.3433,1
BOAB,12.4493,-85.6659,1
BO04,-33.9888,-70.6090,1
BO01,-34.3917,-71.0848,1
BNM,34.1502,-106.6280,1
JMI,70.9283,-8.7308,1
JLP,49.2428,-2.1039,1
JSU,31.5093,130.4527,1
JSD,38.0370,138.2603,1
JRSC,37.4037,-122.2387,1
JOSR,46.7059,25.5154,1
JOM,39.4730,141.2923,1
TOC6,13.1483,1.6655,1
BORR,47.0902,21.7856,1
BOB,44.7679,9.4478,1
JHSG,21.7610,83.7731,1
NC302,61.2328,11.4726,1
NC301,61.2762,11.4905,1
NC300,61.2617,11.4141,1
NC205,61.3231,10.8227,1
NC203,61.2438,10.8318,1
NC202,61.2545,10.9110,1
NC201,61.2988,10.9138,1
NC604,60.7263,11.3956,1
NC603,60.7050,11.4807,1
K04D,42.6246,-121.7535,1
JYA,38.5930,139.7138,1
JTMT,47.7467,-114.2825,1
NC601,60.7746,11.5416,1
NC404,61.0982,11.6456,1
NC403,61.0537,11.6683,1
TOSP,11.2984,-60.5353,1
TRLG,41.5392,44.1018,1
NBO04,61.0119,10.7524,1
NBO03,61.0129,10.8371,1
K52A,42.7805,-80.7139,1
K51A,42.7223,-81.5082,1
K46A,42.6864,-85.7834,1
K42A,42.7792,-89.3457,1
K41A,42.6071,-90.3046,1
TRAN,42.8346,22.6511,1
BLO,39.1719,-86.5222,1
BKRG,41.7596,43.5223,1
BMOL,51.2144,5.0861,1
BM03,67.4192,-144.6071,1
BLSI,-5.3676,105.2452,1
NC402,61.0446,11.7573,1
NC305,61.2979,11.4035,1
TSM,4.2936,117.8725,1
TSI,3.5008,98.5645,1
K39A,42.7050,-91.8878,1
K30B,42.6742,-99.6131,1
NBLV,-7.3584,-36.9203,1
NBCA,-8.2258,-36.0130,1
NBB30,66.9732,13.7354,1
NBB08,67.3871,14.6364,1
NB205,61.0710,11.1977,1
NB204,61.0498,11.1581,1
NB203,61.0107,11.1677,1
TSCT,44.1608,28.6572,1
BJDH,24.0900,43.3970,1
BIRD,34.6450,-80.4615,1
BINT,38.8758,40.4890,1
BIM,14.5180,-61.0660,1
BFS,34.2388,-117.6585,1
TUPA,40.1662,-75.1864,1
TULR,45.9201,26.6680,1
NB202,61.0069,11.2778,1
NAO05,60.8507,10.8193,1
NAO04,60.8105,10.7625,1
NAO03,60.7881,10.8084,1
NAO02,60.8057,10.8971,1
NAO00,60.8237,10.8324,1
NAN01,-17.8442,-40.1257,1
KAI,59.9268,-144.4188,1
TTSM,1.0856,99.4108,1
TSY,35.3728,-5.9700,1
BI05,-36.7478,-73.1905,1
BI02,-36.6634,-71.2731,1
TSSA,32.8366,76.1503,1
TZC,32.1480,-6.4900,1
TYNO,43.0950,-79.8702,1
TVRZ,38.5042,46.6675,1
N62A,40.9313,-73.4677,1
N50A,40.7711,-83.1486,1
N48A,40.8591,-85.0271,1
N46A,40.8949,-86.7352,1
N45A,40.8479,-87.5118,1
N43A,40.9394,-89.1735,1
N38B,40.7931,-93.2350,1
N38A,40.7931,-93.2350,1
N35B,40.8612,-95.6424,1
BGU,40.9254,-113.0299,1
BG13A,42.0876,27.7294,1
BG12A,42.1182,26.7804,1
BG02A,43.6287,27.7090,1
BELO,23.2485,91.4472,1
BEKR,39.8666,-120.3596,1
U52A,36.3929,-83.3671,1
U50A,36.4156,-84.8431,1
N2VI,68.3212,14.1977,1
N2ST,67.3487,15.5958,1
KAST,41.4904,33.9286,1
KARY,38.0321,24.4370,1
KARN,35.4019,23.9174,1
KANL,39.8334,22.0247,1
MZDA,31.3096,35.3628,1
KCP,7.0090,125.0900,1
U38B,36.4394,-94.3857,1
U38A,36.4394,-94.3857,1
U34A,36.4365,-97.5354,1
TZK,34.0890,-4.1840,1
BCPM,59.9533,-139.6350,1
BCP,59.9534,-139.6369,1
UCCT,41.7943,-72.2255,1
KEBM,42.8722,-124.3342,1
KCPM,39.6863,-123.5824,1
KCPB,39.6863,-123.5824,1
KEKH,21.9829,-159.7110,1
KEF3,38.2031,20.3482,1
MYIG,20.9581,-89.7396,1
MWH,19.4850,-155.5970,1
U58A,36.3944,-78.5493,1
U56A,36.3472,-80.3829,1
BEST,37.8911,41.2700,1
BESM,4.1516,96.3253,1
BESI,4.7199,96.8655,1
BERG,60.3932,-143.7004,1
MT09,-33.7762,-70.9887,1
MT05,-33.3919,-70.7381,1
MT03,-33.4936,-70.5102,1
MT02,-33.2591,-71.1377,1
MT01,-33.8641,-71.2509,1
MURC,33.6000,-117.1954,1
MUN,-31.9783,116.2080,1
MULG,-30.2818,134.0585,1
KHBB,40.6599,-123.2197,1
KGM,2.0157,103.3190,1
MTSU,-18.1342,144.3168,1
MTSI,2.1524,98.2524,1
MTPU,38.0415,-112.1843,1
MTKI,-0.9418,114.8959,1
BBOU,50.3888,3.9447,1
BECE,36.1562,33.5595,1
BAKL,37.9793,29.6135,1
B32A,48.3951,-96.5363,1
B28A,48.4492,-100.3616,1
USIN,37.9651,-87.6660,1
MSLP,10.1347,124.8589,1
MSLM,31.5693,35.4001,1
KK03,43.1028,70.5012,1
KIDD,31.7718,-106.5064,1
MSAI,-3.3461,128.9285,1
BATH,51.4430,-2.3290,1
KIB,32.5760,-6.0390,1
KHU,19.2461,-155.6150,1
KHMM,40.8747,-123.7310,1
KHMB,40.8747,-123.7326,1
MT16,-33.4285,-70.5234,1
MT13,-33.7435,-70.2861,1
AZL,23.7384,92.6897,1
AY03,-47.2530,-72.5908,1
AY01,-44.4209,-72.6480,1
AXS,38.1962,21.3763,1
V56A,35.8097,-80.4963,1
KLI,-4.8630,104.8567,1
KKO,19.3978,-155.2660,1
KMNB,24.4638,118.3882,1
KLP,31.5333,78.2500,1
MPOM,14.4470,-60.8588,1
MPM,36.0580,-117.4890,1
V49A,35.7663,-85.9030,1
V34A,35.8345,-97.5176,1
UWE,19.4211,-155.2930,1
UWB,19.4247,-155.2780,1
UVEZ,40.9040,30.9032,1
VA01,-33.0228,-71.6475,1
V61A,35.7912,-76.5776,1
V59A,35.7649,-78.2394,1
KOKK,40.8178,23.9992,1
KOHB,34.6184,127.2758,1
MOIG,19.6779,-101.1889,1
MPG,5.1101,-52.6445,1
KNYS,44.8908,16.3202,1
KNTN,-2.7744,-171.7190,1
KNSS,35.3042,25.1802,1
KNS,40.0596,20.7592,1
KNDR,35.2349,23.6248,1
KMRM,40.2220,-123.7086,1
MONC,45.0739,7.9271,1
MOMI,36.3301,-5.7200,1
V57A,35.8875,-79.7758,1
ASA2,34.9451,-106.4600,1
ASA1,34.9463,-106.4600,1
ASOR,28.7559,77.7723,1
ASHT,37.9421,58.3847,1
ASA6,34.9436,-106.4567,1
VJD,16.5162,80.6459,1
VIEF,42.8837,0.0237,1
MOBC,53.1437,-131.9663,1
KRL1,37.7950,26.7064,1
MMPI,-8.4667,140.3833,1
MMCI,-2.9560,119.3631,1
VERF,45.7495,2.4838,1
VBYGD,68.3603,15.3903,1
VAR,25.2680,82.9917,1
AUKUT,39.9555,30.0213,1
VA03,-32.7637,-70.5508,1
AONC,39.9398,-122.0608,1
ARNO,37.0988,-6.7322,1
ARNL,-3.5478,-80.0670,1
MMC3,33.0183,35.4138,1
KSBUS,35.2486,129.1125,1
KSADO,36.4121,128.9488,1
KS28,37.9936,-97.9928,1
KS21,37.2865,-97.6630,1
MLZ,-45.3665,168.1184,1
MLAC,37.6302,-118.8361,1
ML02,-35.7626,-71.4181,1
MKBI,-2.4474,101.2396,1
ARD1,69.5483,25.5093,1
ASA5,34.9433,-106.4597,1
ASA4,34.9423,-106.4626,1
ASA3,34.9455,-106.4618,1
VVK,38.4222,21.8115,1
AMD1,35.7488,50.9608,1
ALT,39.0552,30.1103,1
ALJ,36.5299,-5.6494,1
ALIK,38.2605,22.1114,1
VOSK,52.7233,70.9797,1
VOG,36.3210,-119.3823,1
KSDAG,35.7685,128.8970,1
KSCPR,36.2210,127.9719,1
MJA0,36.5427,138.2472,1
MIF,33.4090,-5.2290,1
KSMGY,36.6552,128.0608,1
KSMAS,35.1706,128.5725,1
APMY,37.4718,29.3018,1
AP01,-18.3708,-70.3420,1
AOPR,18.3466,-66.7539,1
W49A,35.1194,-86.2645,1
W35A,35.1527,-96.8745,1
MET,35.1220,-89.9340,1
KSULJ,36.7021,129.4084,1
KSTEJ,36.3681,127.3712,1
KSSAJ,36.4080,128.1575,1
KSPHA,36.1929,129.3708,1
KSKOJ,36.4706,127.1446,1
KSKOH,34.6090,127.2733,1
KSJMJ,37.8816,128.7561,1
MHC,37.3416,-121.6426,1
MGAB,42.9126,12.1121,1
MG05,-51.6784,-72.5032,1
MG03,-53.8480,-70.4627,1
MFRD,46.2414,21.6543,1
W34A,35.2352,-97.7733,1
MDO,57.4410,-4.3630,1
MDBI,31.3126,35.3580,1
WB9,-19.7914,134.3840,1
WB8,-19.8139,134.3808,1
WB6,-19.8550,134.3670,1
WB5,-19.8782,134.3662,1
WB4,-19.9036,134.3589,1
WB3,-19.9230,134.3555,1
WAX,60.4480,-142.8529,1
WAKR,38.5044,-119.4372,1
W59A,35.1673,-78.4430,1
W54A,35.0857,-82.1859,1
AKUM,36.3226,30.3430,1
AKST,45.7343,62.8573,1
AKS,38.8790,27.8130,1
W51A,35.1606,-84.7599,1
WELL,38.4385,-120.7241,1
AKET,36.0470,3.8822,1
WC4,-19.9619,134.3397,1
WC3,-19.9587,134.3719,1
WC2,-19.9254,134.3654,1
WC1,-19.9243,134.3391,1
MELF,42.8727,0.7592,1
KTWE,-12.8140,28.2090,1
KTI,40.3929,22.1165,1
KTGM,5.3280,103.1340,1
KSXB,41.8304,-123.8769,1
KSWJU,37.4034,128.0526,1
KSWAN,34.3890,126.7023,1
KSULL,37.4736,130.9008,1
MDRA,38.0606,23.4662,1
MDPB,37.6323,-119.0793,1
WINE,36.6702,-119.9077,1
AIS,-37.7966,77.5694,1
AGVN,39.3591,46.3181,1
AGO,46.0524,3.1311,1
WHZ,-45.8924,167.9470,1
MCVT,43.9537,-72.9917,1
KUSI,3.1964,97.3706,1
KUBB,43.8024,26.4941,1
L02E,42.1580,-123.6026,1
KWAJ,8.8019,167.6130,1
KVTX,27.5459,-97.8929,1
MCSU,40.5685,-105.5878,1
MCQ,-54.4986,158.9560,1
MCO,22.1219,113.5580,1
MCA04,38.0767,-117.7085,1
MBBI,-1.5406,102.0984,1
ADJB,36.1577,3.4380,1
ACOR,37.8902,22.8692,1
L39A,42.1234,-92.0007,1
L34B,41.9666,-96.3762,1
L04D,42.2180,-122.3046,1
L02F,42.1209,-123.5707,1
LABF,43.0475,0.0737,1
L64A,41.9359,-70.8391,1
L59A,42.1902,-75.0426,1
L57A,42.0005,-76.8492,1
L53A,41.9539,-80.2598,1
L50A,42.0430,-82.8095,1
L43A,42.1833,-88.7423,1
L41A,42.0751,-90.4977,1
WLS,48.4133,7.3533,1
WKZ,-44.8270,169.0176,1
WR9,-19.9577,134.5150,1
WR7,-19.9552,134.4760,1
WR6,-19.9543,134.4540,1
MARNC,-21.4809,168.0305,1
MARJ,32.5818,20.8757,1
MANU,-2.0432,147.3662,1
LANU,68.0473,21.9962,1
LAMA,38.2730,-102.6453,1
LDFC,35.0781,-115.1096,1
WR5,-19.9522,134.4304,1
WR4,-19.9503,134.4066,1
WR3,-19.9485,134.3869,1
WR2,-19.9469,134.3624,1
AFI,-13.9085,-171.7827,1
AFFS,23.9267,43.0005,1
AF01,-22.9520,-68.1788,1
XMAS,2.0448,-157.4453,1
X56A,34.4923,-81.0319,1
X54A,34.5474,-82.3743,1
X52A,34.6032,-83.8938,1
X43A,34.5180,-90.8812,1
X18A,34.5293,-109.9501,1
X16A,34.4178,-111.4411,1
WUPA,39.9324,-75.6060,1
WSPT,41.1712,-73.3278,1
WSI,-9.6689,120.2976,1
WRMHI,19.4065,-155.3000,1
AC06,-27.3571,-70.3547,1
AC02,-26.8355,-69.1291,1
ABVI,18.7297,-64.3325,1
ABSM,-3.4254,102.2630,1
ABJI,-7.7957,114.2342,1
Y45A,33.8656,-89.5431,1
Y22F,34.0741,-106.9209,1
M51A,41.3321,-82.1831,1
LGHD,30.0167,9.4422,1
LEPF,43.5230,5.7020,1
LENS,63.4957,9.7342,1
LCRK,-30.4472,138.2162,1
LCMT,37.0118,-113.2439,1
LCHF,46.6693,-0.7417,1
LCAR,36.0695,-91.1543,1
LC01,-38.8975,-71.8761,1
LBZ,-44.3856,170.1844,1
MAGL,15.9494,-61.2822,1
MACI,28.2502,-16.5082,1
M63A,41.4038,-72.0464,1
XMIS,-10.4807,105.6519,1
ABD,16.4744,-61.4881,1
ABA,36.8017,3.0350,1
M43A,41.4365,-88.9581,1
M42A,41.4546,-89.7581,1
M41A,41.3750,-90.5422,1
M40A,41.4060,-91.5121,1
M39A,41.4786,-92.1725,1
LISM,4.4785,96.7875,1
LHI,-31.5200,159.0631,1
LZLA,28.5537,17.5613,1
LLLB,50.6090,-121.8815,1
LL02,-43.1906,-71.8484,1
Y57A,34.0170,-80.3915,1
Y55A,33.9375,-81.8581,1
Y54A,33.8621,-82.6880,1
Y45B,33.8656,-89.5431,1
A051A,45.0125,16.9069,1
A050A,44.4818,16.5313,1
A04D,48.7201,-122.7063,1
YKAB2,62.4247,-114.6064,1
LKP,27.3330,95.8461,1
LJFR,29.1018,15.8128,1
LJBD,30.9130,20.1982,1
LOCM,-1.6502,120.1825,1
LNXT,36.1014,-89.4913,1
LNIZ,53.4935,14.2097,1
LNIG,24.8982,-99.4657,1
LMSR,32.3125,15.0083,1
LMK,53.4573,-0.3274,1
LVIG,19.7232,-96.4177,1
YKAB1,62.4023,-114.6063,1
YAYO,39.6114,27.0726,1
A027A,46.8159,14.0074,1
A026A,46.9332,14.5516,1
A025A,47.5207,14.4165,1
735B,28.8553,-97.8082,1
735A,28.8553,-97.8081,1
633A,29.4591,-99.1766,1
553A,30.1890,-84.4317,1
545B,30.0441,-90.4894,1
545A,30.0441,-90.4894,1
YNM,44.7265,-110.7037,1
YLE,41.3150,-72.9365,1
YKAR8,62.4931,-114.6061,1
A30A,48.9402,-98.3009,1
A29A,48.9228,-99.2321,1
A26A,48.8973,-102.0380,1
A25A,48.9388,-103.1128,1
453A,30.8541,-84.3197,1
059A,26.9671,-81.1440,1
ZFT,32.0340,-4.3520,1
061Z,25.8657,-80.9070,1
113A,32.7683,-113.7667,1
ZAPS,43.2737,22.6336,1
143A,32.7032,-91.4036,1
530A,30.1489,-101.3379,1
Z57A,33.2970,-80.7039,1
Z56A,33.3253,-81.3687,1
Z55A,33.2211,-82.1359,1
Z54A,33.2362,-82.8417,1
Z47B,33.1989,-88.0696,1
Z47A,33.1990,-88.0696,1
Z41A,33.2577,-92.8030,1
Z38B,33.2599,-94.9852,1
SALF,42.7600,1.1893,1
F63A,45.7030,-69.1029,1
F62A,45.8968,-69.9664,1
F60A,45.9688,-71.9514,1
F46A,45.7737,-84.7586,1
F45A,45.6837,-85.5156,1
SAFT,41.2398,32.6872,1
S61A,37.6804,-75.6727,1
S56A,37.6771,-79.5662,1
S55A,37.7724,-80.5013,1
S53A,37.6815,-82.1264,1
S52A,37.6791,-83.0784,1
S50A,37.6790,-84.4003,1
S49A,37.7849,-85.2875,1
S48A,37.6574,-86.0569,1
529A,30.1246,-102.2204,1
